composition,type,radius_X,radius_Y,radius_Z,radius_R,space_group,formation_energy_eV_atom,hull_distance_eV_atom,total_magnetization_muB_cell,total_magnetization_muB_fu,curie_temperature_K,phase,_n_atoms_formula,_n_unique_elements,site_isomer_group_size,is_site_swap_isomer,is_reduced_composition,hull_distance_flag_negative,hull_distance_eV_atom_clipped,fu_per_cell_ratio
Au2MnCu,Full,1.44,1.27,1.28,,I4/mmm,-0.059,0.029,1.03,0.2575,245.0,tetragonal,4,3,1,False,False,False,0.029,4.0
Co2CrAs,Full,1.25,1.28,1.19,,I4/mmm,-0.081,0.072,2.45,0.6125,459.0,tetragonal,4,3,1,False,False,False,0.072,4.0
Co2CrSb,Full,1.25,1.28,1.59,,Fm-3m,-0.103,0.136,2.52,0.63,453.0,cubic,4,3,1,False,False,False,0.136,4.0
Co2CrSn,Full,1.25,1.28,0.0,,Fm-3m,-0.111,0.086,2.58,0.645,477.0,cubic,4,3,1,False,False,False,0.086,4.0
Co2FeSb,Full,1.25,1.26,1.59,,Fm-3m,-0.104,0.08,3.23,0.8075,495.0,cubic,4,3,1,False,False,False,0.08,4.0
Co2FeSn,Full,1.25,1.26,0.0,,Fm-3m,-0.118,0.098,3.0,0.75,452.0,cubic,4,3,1,False,False,False,0.098,4.0
Co2IrIn,Full,1.25,1.35,1.67,,Fm-3m,-0.087,0.151,1.42,0.355,299.0,cubic,4,3,1,False,False,False,0.151,4.0
Co2IrSi,Full,1.25,1.35,1.11,,I4/mmm,-0.089,0.027,1.59,0.3975,441.0,tetragonal,4,3,1,False,False,False,0.027,4.0
Co2MnSb,Full,1.25,1.27,1.59,,Fm-3m,-0.116,0.018,3.96,0.99,528.0,cubic,4,3,1,False,False,False,0.018,4.0
Co2MnSn,Full,1.25,1.27,0.0,,I4/mmm,-0.077,0.177,3.46,0.865,687.0,tetragonal,4,3,1,False,False,False,0.177,4.0
Co2NiAs,Full,1.25,1.24,1.19,,Fm-3m,-0.089,0.095,1.44,0.36,340.0,cubic,4,3,1,False,False,False,0.095,4.0
Co2NiSb,Full,1.25,1.24,1.59,,I4/mmm,-0.093,0.071,1.78,0.445,404.0,tetragonal,4,3,1,False,False,False,0.071,4.0
Co2NiSn,Full,1.25,1.24,0.0,,Fm-3m,-0.13,0.105,1.41,0.3525,296.0,cubic,4,3,1,False,False,False,0.105,4.0
Co2PdGe,Full,1.25,1.37,1.22,,Fm-3m,-0.062,0.093,1.67,0.4175,435.0,cubic,4,3,1,False,False,False,0.093,4.0
Co2PdIn,Full,1.25,1.37,1.67,,I4/mmm,-0.062,0.086,1.68,0.42,306.0,tetragonal,4,3,1,False,False,False,0.086,4.0
Co2PdSi,Full,1.25,1.37,1.11,,Fm-3m,-0.098,0.121,1.45,0.3625,374.0,cubic,4,3,1,False,False,False,0.121,4.0
Co2PtIn,Full,1.25,1.39,1.67,,I4/mmm,-0.102,0.158,1.57,0.3925,360.0,tetragonal,4,3,1,False,False,False,0.158,4.0
Co2PtSi,Full,1.25,1.39,1.11,,Fm-3m,-0.09,0.048,1.37,0.3425,266.0,cubic,4,3,1,False,False,False,0.048,4.0
Co2ReAl,Full,1.25,1.37,1.43,,Fm-3m,-0.077,0.096,1.5,0.375,387.0,cubic,4,3,1,False,False,False,0.096,4.0
Co2ReGa,Full,1.25,1.37,1.35,,I4/mmm,-0.068,0.079,1.7,0.425,408.0,tetragonal,4,3,1,False,False,False,0.079,4.0
Co2ReIn,Full,1.25,1.37,1.67,,Fm-3m,-0.095,0.05,1.39,0.3475,369.0,cubic,4,3,1,False,False,False,0.05,4.0
Co2ReSi,Full,1.25,1.37,1.11,,Fm-3m,-0.095,0.151,1.65,0.4125,318.0,cubic,4,3,1,False,False,False,0.151,4.0
Co2RhGe,Full,1.25,1.34,1.22,,I4/mmm,-0.125,0.084,1.64,0.41,330.0,tetragonal,4,3,1,False,False,False,0.084,4.0
Co2RhIn,Full,1.25,1.34,1.67,,Fm-3m,-0.075,0.135,1.75,0.4375,331.0,cubic,4,3,1,False,False,False,0.135,4.0
Co2RhSi,Full,1.25,1.34,1.11,,Fm-3m,-0.101,0.011,1.51,0.3775,303.0,cubic,4,3,1,False,False,False,0.011,4.0
Co2RuIn,Full,1.25,1.34,1.67,,Fm-3m,-0.078,0.173,1.56,0.39,307.0,cubic,4,3,1,False,False,False,0.173,4.0
Co2TaAl,Full,1.25,1.46,1.43,,Fm-3m,-0.483,0.0,4.0,1.0,567.0,cubic,4,3,1,False,False,False,0.0,4.0
Co2TaGa,Full,1.25,1.46,1.35,,Fm-3m,-0.358,0.0,4.0,1.0,561.0,cubic,4,3,1,False,False,False,0.0,4.0
Co2TaIn,Full,1.25,1.46,1.67,,Fm-3m,-0.119,0.068,4.0,1.0,506.0,cubic,4,3,1,False,False,False,0.068,4.0
Co2TiAl,Full,1.25,1.47,1.43,,Fm-3m,-0.071,0.1,0.94,0.235,309.0,cubic,4,3,1,False,False,False,0.1,4.0
Co2TiAs,Full,1.25,1.47,1.19,,Fm-3m,-0.104,0.045,0.8,0.2,289.0,cubic,4,3,1,False,False,False,0.045,4.0
Co2TiGa,Full,1.25,1.47,1.35,,I4/mmm,-0.098,0.123,0.56,0.14,241.0,tetragonal,4,3,1,False,False,False,0.123,4.0
Co2TiGe,Full,1.25,1.47,1.22,,I4/mmm,-0.125,0.132,0.87,0.2175,245.0,tetragonal,4,3,1,False,False,False,0.132,4.0
Co2TiIn,Full,1.25,1.47,1.67,,Fm-3m,-0.119,0.04,0.81,0.2025,277.0,cubic,4,3,1,False,False,False,0.04,4.0
Co2TiSb,Full,1.25,1.47,1.59,,I4/mmm,-0.107,0.032,0.97,0.2425,320.0,tetragonal,4,3,1,False,False,False,0.032,4.0
Co2TiSi,Full,1.25,1.47,1.11,,Fm-3m,-0.08,0.064,0.7,0.175,402.0,cubic,4,3,1,False,False,False,0.064,4.0
Co2TiSn,Full,1.25,1.47,0.0,,Fm-3m,-0.11,0.013,1.15,0.2875,303.0,cubic,4,3,1,False,False,False,0.013,4.0
Co2VAs,Full,1.25,1.34,1.19,,Fm-3m,-0.13,0.098,1.23,0.3075,232.0,cubic,4,3,1,False,False,False,0.098,4.0
Co2VMn,Full,1.25,1.34,1.27,,Fm-3m,-0.099,0.067,1.44,0.36,385.0,cubic,4,3,1,False,False,False,0.067,4.0
Co2VSb,Full,1.25,1.34,1.59,,Fm-3m,-0.117,0.113,1.05,0.2625,360.0,cubic,4,3,1,False,False,False,0.113,4.0
Co2VSn,Full,1.25,1.34,0.0,,I4/mmm,-0.114,0.079,1.1,0.275,280.0,tetragonal,4,3,1,False,False,False,0.079,4.0
Cr2CoAs,Full,1.28,1.25,1.19,,I4/mmm,-0.092,0.134,2.79,0.6975,454.0,tetragonal,4,3,1,False,False,False,0.134,4.0
Cr2CoSb,Full,1.28,1.25,1.59,,Fm-3m,-0.084,0.058,2.68,0.67,496.0,cubic,4,3,1,False,False,False,0.058,4.0
Cr2CoSn,Full,1.28,1.25,0.0,,Fm-3m,-0.093,0.039,2.93,0.7325,438.0,cubic,4,3,1,False,False,False,0.039,4.0
Cr2FeAs,Full,1.28,1.26,1.19,,Fm-3m,-0.098,0.05,3.05,0.7625,609.0,cubic,4,3,1,False,False,False,0.05,4.0
Cr2FeSb,Full,1.28,1.26,1.59,,Fm-3m,-0.08,0.062,3.12,0.78,526.0,cubic,4,3,1,False,False,False,0.062,4.0
Cr2FeSn,Full,1.28,1.26,0.0,,I4/mmm,-0.081,0.006,3.17,0.7925,538.0,tetragonal,4,3,1,False,False,False,0.006,4.0
Cr2MnSb,Full,1.28,1.27,1.59,,I4/mmm,-0.088,0.02,3.82,0.955,581.0,tetragonal,4,3,1,False,False,False,0.02,4.0
Cr2MnSn,Full,1.28,1.27,0.0,,Fm-3m,-0.131,0.147,3.81,0.9525,545.0,cubic,4,3,1,False,False,False,0.147,4.0
Cr2MoAl,Full,1.28,1.39,1.43,,Fm-3m,-0.054,0.093,5.97,1.4925,952.0,cubic,4,3,1,False,False,False,0.093,4.0
Cr2MoSi,Full,1.28,1.39,1.11,,I4/mmm,-0.131,0.212,4.11,1.0275,567.0,tetragonal,4,3,1,False,False,False,0.212,4.0
Cr2NbAl,Full,1.28,1.46,1.43,,Fm-3m,-0.039,0.136,7.28,1.82,759.0,cubic,4,3,1,False,False,False,0.136,4.0
Cr2NbGe,Full,1.28,1.46,1.22,,Fm-3m,-0.053,0.194,5.96,1.49,899.0,cubic,4,3,1,False,False,False,0.194,4.0
Cr2NbSi,Full,1.28,1.46,1.11,,Fm-3m,-0.19,0.236,5.96,1.49,872.0,cubic,4,3,1,False,False,False,0.236,4.0
Cr2TaAl,Full,1.28,1.46,1.43,,Fm-3m,-0.055,0.121,3.36,0.84,447.0,cubic,4,3,1,False,False,False,0.121,4.0
Cr2TaGe,Full,1.28,1.46,1.22,,Fm-3m,-0.042,0.185,2.95,0.7375,880.0,cubic,4,3,1,False,False,False,0.185,4.0
Cr2TaSi,Full,1.28,1.46,1.11,,Fm-3m,-0.193,0.212,5.93,1.4825,833.0,cubic,4,3,1,False,False,False,0.212,4.0
Cr2TiAl,Full,1.28,1.47,1.43,,Fm-3m,-0.002,0.218,9.03,2.2575,511.0,cubic,4,3,1,False,False,False,0.218,4.0
Cr2TiSb,Full,1.28,1.47,1.59,,Fm-3m,-0.016,0.243,5.98,1.495,738.0,cubic,4,3,1,False,False,False,0.243,4.0
Cr2VAs,Full,1.28,1.34,1.19,,Fm-3m,-0.132,0.14,1.08,0.27,259.0,cubic,4,3,1,False,False,False,0.14,4.0
Cr2VSb,Full,1.28,1.34,1.59,,Fm-3m,-0.078,0.056,0.99,0.2475,370.0,cubic,4,3,1,False,False,False,0.056,4.0
Cr2VSn,Full,1.28,1.34,0.0,,I4/mmm,-0.106,0.081,0.94,0.235,301.0,tetragonal,4,3,1,False,False,False,0.081,4.0
Cr2WAl,Full,1.28,1.39,1.43,,Fm-3m,-0.052,0.05,5.96,1.49,984.0,cubic,4,3,1,False,False,False,0.05,4.0
Cr2WSi,Full,1.28,1.39,1.11,,I4/mmm,-0.097,0.187,3.87,0.9675,432.0,tetragonal,4,3,1,False,False,False,0.187,4.0
Cr3Al,Full,1.28,1.43,0.0,,Fm-3m,-0.027,0.076,2.93,0.7325,1652.0,cubic,4,2,1,False,True,False,0.076,4.0
Cr3Si,Full,1.28,1.11,0.0,,Fm-3m,-0.171,0.19,2.01,0.5025,717.0,cubic,4,2,1,False,True,False,0.19,4.0
Fe2CoSb,Full,1.26,1.25,1.59,,I4/mmm,-0.057,0.102,2.88,0.72,424.0,tetragonal,4,3,1,False,False,False,0.102,4.0
Fe2CoSn,Full,1.26,1.25,0.0,,Fm-3m,-0.113,0.151,2.68,0.67,503.0,cubic,4,3,1,False,False,False,0.151,4.0
Fe2CrAs,Full,1.26,1.28,1.19,,I4/mmm,-0.116,0.143,2.35,0.5875,441.0,tetragonal,4,3,1,False,False,False,0.143,4.0
Fe2CrSb,Full,1.26,1.28,1.59,,Fm-3m,-0.056,0.064,2.26,0.565,459.0,cubic,4,3,1,False,False,False,0.064,4.0
Fe2CrSn,Full,1.26,1.28,0.0,,Fm-3m,-0.095,0.088,2.5,0.625,403.0,cubic,4,3,1,False,False,False,0.088,4.0
Fe2IrIn,Full,1.26,1.35,1.67,,Fm-3m,-0.055,0.025,1.56,0.39,320.0,cubic,4,3,1,False,False,False,0.025,4.0
Fe2MnSb,Full,1.26,1.27,1.59,,Fm-3m,-0.12,0.077,3.8,0.95,555.0,cubic,4,3,1,False,False,False,0.077,4.0
Fe2MnSn,Full,1.26,1.27,0.0,,Fm-3m,-0.073,0.054,3.91,0.9775,582.0,cubic,4,3,1,False,False,False,0.054,4.0
Fe2PdIn,Full,1.26,1.37,1.67,,I4/mmm,-0.113,0.108,1.47,0.3675,355.0,tetragonal,4,3,1,False,False,False,0.108,4.0
Fe2PtSi,Full,1.26,1.39,1.11,,Fm-3m,-0.146,0.068,1.68,0.42,400.0,cubic,4,3,1,False,False,False,0.068,4.0
Fe2PtZn,Full,1.26,1.39,1.34,,I4/mmm,-0.164,0.114,1.35,0.3375,385.0,tetragonal,4,3,1,False,False,False,0.114,4.0
Fe2ReAl,Full,1.26,1.37,1.43,,Fm-3m,-0.095,0.089,1.38,0.345,363.0,cubic,4,3,1,False,False,False,0.089,4.0
Fe2ReGa,Full,1.26,1.37,1.35,,I4/mmm,-0.114,0.006,1.54,0.385,357.0,tetragonal,4,3,1,False,False,False,0.006,4.0
Fe2ReIn,Full,1.26,1.37,1.67,,Fm-3m,-0.075,0.085,1.35,0.3375,361.0,cubic,4,3,1,False,False,False,0.085,4.0
Fe2RhIn,Full,1.26,1.34,1.67,,Fm-3m,-0.13,0.121,1.53,0.3825,426.0,cubic,4,3,1,False,False,False,0.121,4.0
Fe2RuIn,Full,1.26,1.34,1.67,,Fm-3m,-0.095,0.068,1.65,0.4125,318.0,cubic,4,3,1,False,False,False,0.068,4.0
Fe2TiAl,Full,1.26,1.47,1.43,,Fm-3m,-0.133,0.094,0.81,0.2025,292.0,cubic,4,3,1,False,False,False,0.094,4.0
Fe2TiAs,Full,1.26,1.47,1.19,,Fm-3m,-0.132,0.049,0.83,0.2075,180.0,cubic,4,3,1,False,False,False,0.049,4.0
Fe2TiGa,Full,1.26,1.47,1.35,,I4/mmm,-0.05,0.031,0.53,0.1325,335.0,tetragonal,4,3,1,False,False,False,0.031,4.0
Fe2TiGe,Full,1.26,1.47,1.22,,I4/mmm,-0.046,0.107,0.92,0.23,289.0,tetragonal,4,3,1,False,False,False,0.107,4.0
Fe2TiIn,Full,1.26,1.47,1.67,,Fm-3m,-0.088,0.088,0.87,0.2175,283.0,cubic,4,3,1,False,False,False,0.088,4.0
Fe2TiSb,Full,1.26,1.47,1.59,,I4/mmm,-0.126,0.107,0.98,0.245,309.0,tetragonal,4,3,1,False,False,False,0.107,4.0
Fe2TiSi,Full,1.26,1.47,1.11,,Fm-3m,-0.068,0.092,0.93,0.2325,237.0,cubic,4,3,1,False,False,False,0.092,4.0
Fe2TiSn,Full,1.26,1.47,0.0,,Fm-3m,-0.109,0.037,0.96,0.24,302.0,cubic,4,3,1,False,False,False,0.037,4.0
Fe2VAs,Full,1.26,1.34,1.19,,Fm-3m,-0.065,0.19,1.06,0.265,297.0,cubic,4,3,1,False,False,False,0.19,4.0
Fe2VSb,Full,1.26,1.34,1.59,,Fm-3m,-0.059,0.099,1.08,0.27,307.0,cubic,4,3,1,False,False,False,0.099,4.0
Fe2VSn,Full,1.26,1.34,0.0,,I4/mmm,-0.125,0.1,0.95,0.2375,288.0,tetragonal,4,3,1,False,False,False,0.1,4.0
Hf2CoAl,Full,1.59,1.25,1.43,,I4/mmm,-0.076,0.036,2.77,0.6925,430.0,tetragonal,4,3,1,False,False,False,0.036,4.0
Hf2CoGa,Full,1.59,1.25,1.35,,I4/mmm,-0.086,0.163,2.83,0.7075,431.0,tetragonal,4,3,1,False,False,False,0.163,4.0
Hf2CoGe,Full,1.59,1.25,1.22,,Fm-3m,-0.099,0.048,2.7,0.675,482.0,cubic,4,3,1,False,False,False,0.048,4.0
Hf2CoIn,Full,1.59,1.25,1.67,,Fm-3m,-0.089,0.079,2.88,0.72,400.0,cubic,4,3,1,False,False,False,0.079,4.0
Hf2CoSi,Full,1.59,1.25,1.11,,Fm-3m,-0.098,0.101,2.82,0.705,451.0,cubic,4,3,1,False,False,False,0.101,4.0
Hf2CoSn,Full,1.59,1.25,0.0,,I4/mmm,-0.108,0.068,2.91,0.7275,537.0,tetragonal,4,3,1,False,False,False,0.068,4.0
Hf2CrAl,Full,1.59,1.28,1.43,,Fm-3m,-0.139,0.095,2.63,0.6575,461.0,cubic,4,3,1,False,False,False,0.095,4.0
Hf2CrGe,Full,1.59,1.28,1.22,,Fm-3m,-0.084,0.039,2.51,0.6275,400.0,cubic,4,3,1,False,False,False,0.039,4.0
Hf2CrSi,Full,1.59,1.28,1.11,,I4/mmm,-0.101,0.105,2.51,0.6275,414.0,tetragonal,4,3,1,False,False,False,0.105,4.0
Hf2FeAl,Full,1.59,1.26,1.43,,Fm-3m,-0.133,0.154,3.35,0.8375,488.0,cubic,4,3,1,False,False,False,0.154,4.0
Hf2FeGa,Full,1.59,1.26,1.35,,Fm-3m,-0.117,0.083,3.37,0.8425,407.0,cubic,4,3,1,False,False,False,0.083,4.0
Hf2FeGe,Full,1.59,1.26,1.22,,I4/mmm,-0.107,0.004,3.19,0.7975,482.0,tetragonal,4,3,1,False,False,False,0.004,4.0
Hf2FeIn,Full,1.59,1.26,1.67,,Fm-3m,-0.141,0.126,3.57,0.8925,450.0,cubic,4,3,1,False,False,False,0.126,4.0
Hf2FeSi,Full,1.59,1.26,1.11,,Fm-3m,-0.086,0.069,3.26,0.815,553.0,cubic,4,3,1,False,False,False,0.069,4.0
Hf2FeSn,Full,1.59,1.26,0.0,,Fm-3m,-0.115,0.006,3.26,0.815,568.0,cubic,4,3,1,False,False,False,0.006,4.0
Hf2MnAl,Full,1.59,1.27,1.43,,Fm-3m,-0.07,0.109,3.63,0.9075,635.0,cubic,4,3,1,False,False,False,0.109,4.0
Hf2MnGe,Full,1.59,1.27,1.22,,I4/mmm,-0.097,0.072,3.8,0.95,572.0,tetragonal,4,3,1,False,False,False,0.072,4.0
Hf2MnIn,Full,1.59,1.27,1.67,,I4/mmm,-0.089,0.069,3.94,0.985,660.0,tetragonal,4,3,1,False,False,False,0.069,4.0
Hf2MnSi,Full,1.59,1.27,1.11,,Fm-3m,-0.086,0.112,3.9,0.975,632.0,cubic,4,3,1,False,False,False,0.112,4.0
Hf2NiAl,Full,1.59,1.24,1.43,,Fm-3m,-0.078,0.067,1.69,0.4225,314.0,cubic,4,3,1,False,False,False,0.067,4.0
Hf2NiGa,Full,1.59,1.24,1.35,,I4/mmm,-0.12,0.18,1.31,0.3275,361.0,tetragonal,4,3,1,False,False,False,0.18,4.0
Hf2NiGe,Full,1.59,1.24,1.22,,Fm-3m,-0.036,0.044,1.75,0.4375,345.0,cubic,4,3,1,False,False,False,0.044,4.0
Hf2NiIn,Full,1.59,1.24,1.67,,I4/mmm,-0.09,0.072,1.48,0.37,381.0,tetragonal,4,3,1,False,False,False,0.072,4.0
Hf2NiSi,Full,1.59,1.24,1.11,,Fm-3m,-0.059,0.011,1.54,0.385,411.0,cubic,4,3,1,False,False,False,0.011,4.0
Hf2NiSn,Full,1.59,1.24,0.0,,Fm-3m,-0.072,0.094,1.42,0.355,398.0,cubic,4,3,1,False,False,False,0.094,4.0
Hf2TiAl,Full,1.59,1.47,1.43,,Fm-3m,-0.069,0.129,0.89,0.2225,243.0,cubic,4,3,1,False,False,False,0.129,4.0
Hf2TiGa,Full,1.59,1.47,1.35,,Fm-3m,-0.135,0.083,0.92,0.23,253.0,cubic,4,3,1,False,False,False,0.083,4.0
Hf2TiGe,Full,1.59,1.47,1.22,,Fm-3m,-0.085,0.032,0.67,0.1675,305.0,cubic,4,3,1,False,False,False,0.032,4.0
Hf2TiSi,Full,1.59,1.47,1.11,,I4/mmm,-0.09,0.089,0.75,0.1875,395.0,tetragonal,4,3,1,False,False,False,0.089,4.0
Hf2VAl,Full,1.59,1.34,1.43,,Fm-3m,-0.108,0.123,1.63,0.4075,546.0,cubic,4,3,1,False,False,False,0.123,4.0
Hf2VGa,Full,1.59,1.34,1.35,,I4/mmm,-0.116,0.183,3.32,0.83,379.0,tetragonal,4,3,1,False,False,False,0.183,4.0
Hf2VGe,Full,1.59,1.34,1.22,,Fm-3m,-0.105,0.046,1.01,0.2525,270.0,cubic,4,3,1,False,False,False,0.046,4.0
Hf2VSi,Full,1.59,1.34,1.11,,I4/mmm,-0.105,0.054,0.85,0.2125,281.0,tetragonal,4,3,1,False,False,False,0.054,4.0
Mn2FeSb,Full,1.27,1.26,1.59,,Fm-3m,-0.124,0.115,3.39,0.8475,542.0,cubic,4,3,1,False,False,False,0.115,4.0
Mn2FeSn,Full,1.27,1.26,0.0,,I4/mmm,-0.08,0.134,3.03,0.7575,620.0,tetragonal,4,3,1,False,False,False,0.134,4.0
Mn2IrSi,Full,1.27,1.35,1.11,,Fm-3m,-0.068,0.137,1.5,0.375,329.0,cubic,4,3,1,False,False,False,0.137,4.0
Mn2NiAs,Full,1.27,1.24,1.19,,Fm-3m,-0.125,0.03,1.4,0.35,324.0,cubic,4,3,1,False,False,False,0.03,4.0
Mn2NiSb,Full,1.27,1.24,1.59,,I4/mmm,-0.116,0.054,1.38,0.345,353.0,tetragonal,4,3,1,False,False,False,0.054,4.0
Mn2OsIn,Full,1.27,1.35,1.67,,Fm-3m,-0.102,0.069,1.58,0.395,395.0,cubic,4,3,1,False,False,False,0.069,4.0
Mn2OsSi,Full,1.27,1.35,1.11,,I4/mmm,-0.112,0.101,1.22,0.305,336.0,tetragonal,4,3,1,False,False,False,0.101,4.0
Mn2PdGe,Full,1.27,1.37,1.22,,Fm-3m,-0.116,0.073,1.37,0.3425,332.0,cubic,4,3,1,False,False,False,0.073,4.0
Mn2PdSi,Full,1.27,1.37,1.11,,Fm-3m,-0.174,0.077,1.53,0.3825,364.0,cubic,4,3,1,False,False,False,0.077,4.0
Mn2PtIn,Full,1.27,1.39,1.67,,Fm-3m,-0.111,0.093,1.75,0.4375,390.0,cubic,4,3,1,False,False,False,0.093,4.0
Mn2PtSi,Full,1.27,1.39,1.11,,I4/mmm,-0.128,0.061,1.63,0.4075,281.0,tetragonal,4,3,1,False,False,False,0.061,4.0
Mn2ReAl,Full,1.27,1.37,1.43,,Fm-3m,-0.131,0.174,1.24,0.31,265.0,cubic,4,3,1,False,False,False,0.174,4.0
Mn2ReGa,Full,1.27,1.37,1.35,,I4/mmm,-0.086,0.15,1.31,0.3275,369.0,tetragonal,4,3,1,False,False,False,0.15,4.0
Mn2ReIn,Full,1.27,1.37,1.67,,Fm-3m,-0.09,0.113,1.71,0.4275,289.0,cubic,4,3,1,False,False,False,0.113,4.0
Mn2ReSi,Full,1.27,1.37,1.11,,Fm-3m,-0.09,0.136,1.59,0.3975,330.0,cubic,4,3,1,False,False,False,0.136,4.0
Mn2RhSi,Full,1.27,1.34,1.11,,Fm-3m,-0.091,0.07,1.51,0.3775,303.0,cubic,4,3,1,False,False,False,0.07,4.0
Mn2RuSi,Full,1.27,1.34,1.11,,I4/mmm,-0.092,0.068,1.37,0.3425,345.0,tetragonal,4,3,1,False,False,False,0.068,4.0
Mn2ScAl,Full,1.27,1.62,1.43,,Fm-3m,-0.18,0.08,4.03,1.0075,385.0,cubic,4,3,1,False,False,False,0.08,4.0
Mn2TiAl,Full,1.27,1.47,1.43,,I4/mmm,-0.121,0.073,0.65,0.1625,253.0,tetragonal,4,3,1,False,False,False,0.073,4.0
Mn2TiGe,Full,1.27,1.47,1.22,,Fm-3m,-0.068,0.025,0.51,0.1275,318.0,cubic,4,3,1,False,False,False,0.025,4.0
Mn2TiIn,Full,1.27,1.47,1.67,,Fm-3m,-0.09,0.042,0.94,0.235,247.0,cubic,4,3,1,False,False,False,0.042,4.0
Mn2TiSb,Full,1.27,1.47,1.59,,Fm-3m,-0.073,0.12,0.94,0.235,296.0,cubic,4,3,1,False,False,False,0.12,4.0
Mn2TiSi,Full,1.27,1.47,1.11,,I4/mmm,-0.093,0.059,0.6,0.15,197.0,tetragonal,4,3,1,False,False,False,0.059,4.0
Mn2TiSn,Full,1.27,1.47,0.0,,Fm-3m,-0.095,0.132,0.57,0.1425,238.0,cubic,4,3,1,False,False,False,0.132,4.0
Mn2VSn,Full,1.27,1.34,0.0,,I4/mmm,-0.076,0.164,1.15,0.2875,294.0,tetragonal,4,3,1,False,False,False,0.164,4.0
Mn3Al,Full,1.27,1.43,0.0,,I4/mmm,-0.245,0.0,3.47,0.8675,814.0,tetragonal,4,2,1,False,True,False,0.0,4.0
Mo2CoAl,Full,1.39,1.25,1.43,,I4/mmm,-0.155,0.091,2.92,0.73,521.0,tetragonal,4,3,1,False,False,False,0.091,4.0
Mo2CoGa,Full,1.39,1.25,1.35,,Fm-3m,-0.086,0.041,2.74,0.685,488.0,cubic,4,3,1,False,False,False,0.041,4.0
Mo2CoGe,Full,1.39,1.25,1.22,,Fm-3m,-0.113,0.068,2.65,0.6625,531.0,cubic,4,3,1,False,False,False,0.068,4.0
Mo2CoIn,Full,1.39,1.25,1.67,,I4/mmm,-0.043,0.088,2.84,0.71,511.0,tetragonal,4,3,1,False,False,False,0.088,4.0
Mo2CoSi,Full,1.39,1.25,1.11,,Fm-3m,-0.12,0.148,2.86,0.715,425.0,cubic,4,3,1,False,False,False,0.148,4.0
Mo2CoSn,Full,1.39,1.25,0.0,,Fm-3m,-0.114,0.123,2.95,0.7375,458.0,cubic,4,3,1,False,False,False,0.123,4.0
Mo2CrAl,Full,1.39,1.28,1.43,,I4/mmm,-0.128,0.196,2.51,0.6275,436.0,tetragonal,4,3,1,False,False,False,0.196,4.0
Mo2CrGa,Full,1.39,1.28,1.35,,I4/mmm,-0.083,0.075,2.52,0.63,410.0,tetragonal,4,3,1,False,False,False,0.075,4.0
Mo2CrGe,Full,1.39,1.28,1.22,,Fm-3m,-0.166,0.014,2.31,0.5775,519.0,cubic,4,3,1,False,False,False,0.014,4.0
Mo2CrSi,Full,1.39,1.28,1.11,,Fm-3m,-0.114,0.048,2.52,0.63,448.0,cubic,4,3,1,False,False,False,0.048,4.0
Mo2FeAl,Full,1.39,1.26,1.43,,Fm-3m,-0.12,0.106,3.17,0.7925,396.0,cubic,4,3,1,False,False,False,0.106,4.0
Mo2FeGa,Full,1.39,1.26,1.35,,Fm-3m,-0.098,0.102,3.44,0.86,528.0,cubic,4,3,1,False,False,False,0.102,4.0
Mo2FeGe,Full,1.39,1.26,1.22,,Fm-3m,-0.11,0.012,3.05,0.7625,580.0,cubic,4,3,1,False,False,False,0.012,4.0
Mo2FeIn,Full,1.39,1.26,1.67,,I4/mmm,-0.11,0.058,3.14,0.785,536.0,tetragonal,4,3,1,False,False,False,0.058,4.0
Mo2FeSi,Full,1.39,1.26,1.11,,Fm-3m,-0.074,0.019,3.25,0.8125,547.0,cubic,4,3,1,False,False,False,0.019,4.0
Mo2FeSn,Full,1.39,1.26,0.0,,Fm-3m,-0.121,0.009,3.2,0.8,572.0,cubic,4,3,1,False,False,False,0.009,4.0
Mo2MnAl,Full,1.39,1.27,1.43,,Fm-3m,-0.081,0.103,3.65,0.9125,551.0,cubic,4,3,1,False,False,False,0.103,4.0
Mo2MnGa,Full,1.39,1.27,1.35,,I4/mmm,-0.06,0.122,3.69,0.9225,682.0,tetragonal,4,3,1,False,False,False,0.122,4.0
Mo2MnGe,Full,1.39,1.27,1.22,,I4/mmm,-0.099,0.041,3.74,0.935,547.0,tetragonal,4,3,1,False,False,False,0.041,4.0
Mo2MnIn,Full,1.39,1.27,1.67,,I4/mmm,-0.145,0.007,3.81,0.9525,541.0,tetragonal,4,3,1,False,False,False,0.007,4.0
Mo2MnSi,Full,1.39,1.27,1.11,,Fm-3m,-0.08,0.029,3.84,0.96,503.0,cubic,4,3,1,False,False,False,0.029,4.0
Mo2MnSn,Full,1.39,1.27,0.0,,Fm-3m,-0.081,0.13,3.92,0.98,549.0,cubic,4,3,1,False,False,False,0.13,4.0
Mo2NiAl,Full,1.39,1.24,1.43,,I4/mmm,-0.053,0.045,1.31,0.3275,370.0,tetragonal,4,3,1,False,False,False,0.045,4.0
Mo2NiGa,Full,1.39,1.24,1.35,,Fm-3m,-0.079,0.04,1.15,0.2875,358.0,cubic,4,3,1,False,False,False,0.04,4.0
Mo2NiGe,Full,1.39,1.24,1.22,,Fm-3m,-0.066,0.152,1.42,0.355,444.0,cubic,4,3,1,False,False,False,0.152,4.0
Mo2NiIn,Full,1.39,1.24,1.67,,I4/mmm,-0.128,0.19,1.52,0.38,363.0,tetragonal,4,3,1,False,False,False,0.19,4.0
Mo2NiSi,Full,1.39,1.24,1.11,,I4/mmm,-0.085,0.09,1.57,0.3925,439.0,tetragonal,4,3,1,False,False,False,0.09,4.0
Mo2NiSn,Full,1.39,1.24,0.0,,Fm-3m,-0.08,0.194,1.58,0.395,345.0,cubic,4,3,1,False,False,False,0.194,4.0
Mo2TiAl,Full,1.39,1.47,1.43,,Fm-3m,-0.109,0.017,0.68,0.17,262.0,cubic,4,3,1,False,False,False,0.017,4.0
Mo2TiGa,Full,1.39,1.47,1.35,,Fm-3m,-0.102,0.102,0.68,0.17,261.0,cubic,4,3,1,False,False,False,0.102,4.0
Mo2TiGe,Full,1.39,1.47,1.22,,Fm-3m,-0.106,0.117,0.66,0.165,262.0,cubic,4,3,1,False,False,False,0.117,4.0
Mo2TiSi,Full,1.39,1.47,1.11,,Fm-3m,-0.128,0.056,0.87,0.2175,316.0,cubic,4,3,1,False,False,False,0.056,4.0
Mo2VGa,Full,1.39,1.34,1.35,,Fm-3m,-0.084,0.137,0.88,0.22,288.0,cubic,4,3,1,False,False,False,0.137,4.0
Mo2VGe,Full,1.39,1.34,1.22,,Fm-3m,-0.104,0.129,0.72,0.18,340.0,cubic,4,3,1,False,False,False,0.129,4.0
Mo2VSi,Full,1.39,1.34,1.11,,Fm-3m,-0.138,0.069,0.96,0.24,287.0,cubic,4,3,1,False,False,False,0.069,4.0
Nb2CoAl,Full,1.46,1.25,1.43,,Fm-3m,-0.099,0.06,2.89,0.7225,480.0,cubic,4,3,1,False,False,False,0.06,4.0
Nb2CoGa,Full,1.46,1.25,1.35,,Fm-3m,-0.087,0.128,3.03,0.7575,411.0,cubic,4,3,1,False,False,False,0.128,4.0
Nb2CoGe,Full,1.46,1.25,1.22,,I4/mmm,-0.066,0.037,2.9,0.725,512.0,tetragonal,4,3,1,False,False,False,0.037,4.0
Nb2CoIn,Full,1.46,1.25,1.67,,Fm-3m,-0.119,0.15,2.82,0.705,496.0,cubic,4,3,1,False,False,False,0.15,4.0
Nb2CoSi,Full,1.46,1.25,1.11,,Fm-3m,-0.071,0.126,2.82,0.705,488.0,cubic,4,3,1,False,False,False,0.126,4.0
Nb2CoSn,Full,1.46,1.25,0.0,,I4/mmm,-0.064,0.12,2.78,0.695,393.0,tetragonal,4,3,1,False,False,False,0.12,4.0
Nb2CrAl,Full,1.46,1.28,1.43,,I4/mmm,-0.124,0.008,2.53,0.6325,443.0,tetragonal,4,3,1,False,False,False,0.008,4.0
Nb2CrGa,Full,1.46,1.28,1.35,,I4/mmm,-0.101,0.032,2.4,0.6,440.0,tetragonal,4,3,1,False,False,False,0.032,4.0
Nb2CrGe,Full,1.46,1.28,1.22,,I4/mmm,-0.075,0.06,2.74,0.685,568.0,tetragonal,4,3,1,False,False,False,0.06,4.0
Nb2CrSi,Full,1.46,1.28,1.11,,I4/mmm,-0.078,0.08,2.72,0.68,534.0,tetragonal,4,3,1,False,False,False,0.08,4.0
Nb2FeAl,Full,1.46,1.26,1.43,,I4/mmm,-0.095,0.179,3.08,0.77,563.0,tetragonal,4,3,1,False,False,False,0.179,4.0
Nb2FeGa,Full,1.46,1.26,1.35,,I4/mmm,-0.134,0.126,2.93,0.7325,512.0,tetragonal,4,3,1,False,False,False,0.126,4.0
Nb2FeGe,Full,1.46,1.26,1.22,,Fm-3m,-0.112,0.003,3.4,0.85,578.0,cubic,4,3,1,False,False,False,0.003,4.0
Nb2FeIn,Full,1.46,1.26,1.67,,Fm-3m,-0.053,0.123,3.11,0.7775,537.0,cubic,4,3,1,False,False,False,0.123,4.0
Nb2FeSi,Full,1.46,1.26,1.11,,Fm-3m,-0.063,0.112,3.18,0.795,557.0,cubic,4,3,1,False,False,False,0.112,4.0
Nb2FeSn,Full,1.46,1.26,0.0,,I4/mmm,-0.093,0.03,3.06,0.765,533.0,tetragonal,4,3,1,False,False,False,0.03,4.0
Nb2MnAl,Full,1.46,1.27,1.43,,Fm-3m,-0.135,0.048,3.77,0.9425,507.0,cubic,4,3,1,False,False,False,0.048,4.0
Nb2MnGa,Full,1.46,1.27,1.35,,Fm-3m,-0.061,0.066,3.8,0.95,478.0,cubic,4,3,1,False,False,False,0.066,4.0
Nb2MnGe,Full,1.46,1.27,1.22,,Fm-3m,-0.1,0.084,3.68,0.92,591.0,cubic,4,3,1,False,False,False,0.084,4.0
Nb2MnIn,Full,1.46,1.27,1.67,,Fm-3m,-0.121,0.103,4.03,1.0075,596.0,cubic,4,3,1,False,False,False,0.103,4.0
Nb2MnSi,Full,1.46,1.27,1.11,,Fm-3m,-0.121,0.065,3.87,0.9675,507.0,cubic,4,3,1,False,False,False,0.065,4.0
Nb2MnSn,Full,1.46,1.27,0.0,,Fm-3m,-0.09,0.061,4.08,1.02,693.0,cubic,4,3,1,False,False,False,0.061,4.0
Nb2NiAl,Full,1.46,1.24,1.43,,Fm-3m,-0.098,0.153,1.29,0.3225,425.0,cubic,4,3,1,False,False,False,0.153,4.0
Nb2NiGa,Full,1.46,1.24,1.35,,Fm-3m,-0.08,0.067,1.25,0.3125,349.0,cubic,4,3,1,False,False,False,0.067,4.0
Nb2NiGe,Full,1.46,1.24,1.22,,I4/mmm,-0.087,0.056,1.38,0.345,300.0,tetragonal,4,3,1,False,False,False,0.056,4.0
Nb2NiIn,Full,1.46,1.24,1.67,,I4/mmm,-0.102,0.021,1.6,0.4,246.0,tetragonal,4,3,1,False,False,False,0.021,4.0
Nb2NiSi,Full,1.46,1.24,1.11,,Fm-3m,-0.088,0.114,1.46,0.365,294.0,cubic,4,3,1,False,False,False,0.114,4.0
Nb2NiSn,Full,1.46,1.24,0.0,,Fm-3m,-0.105,0.083,1.16,0.29,278.0,cubic,4,3,1,False,False,False,0.083,4.0
Nb2TiAl,Full,1.46,1.47,1.43,,Fm-3m,-0.135,0.122,1.09,0.2725,236.0,cubic,4,3,1,False,False,False,0.122,4.0
Nb2TiGa,Full,1.46,1.47,1.35,,I4/mmm,-0.097,0.064,0.76,0.19,281.0,tetragonal,4,3,1,False,False,False,0.064,4.0
Nb2TiGe,Full,1.46,1.47,1.22,,Fm-3m,-0.083,0.098,0.79,0.1975,154.0,cubic,4,3,1,False,False,False,0.098,4.0
Nb2TiSi,Full,1.46,1.47,1.11,,I4/mmm,-0.112,0.053,0.67,0.1675,247.0,tetragonal,4,3,1,False,False,False,0.053,4.0
Ni2CoAs,Full,1.24,1.25,1.19,,Fm-3m,-0.082,0.04,2.94,0.735,475.0,cubic,4,3,1,False,False,False,0.04,4.0
Ni2CoSb,Full,1.24,1.25,1.59,,I4/mmm,-0.112,0.068,2.75,0.6875,544.0,tetragonal,4,3,1,False,False,False,0.068,4.0
Ni2CoSn,Full,1.24,1.25,0.0,,Fm-3m,-0.093,0.144,2.52,0.63,457.0,cubic,4,3,1,False,False,False,0.144,4.0
Ni2CrAs,Full,1.24,1.28,1.19,,I4/mmm,-0.108,0.064,2.48,0.62,437.0,tetragonal,4,3,1,False,False,False,0.064,4.0
Ni2CrSb,Full,1.24,1.28,1.59,,Fm-3m,-0.057,0.039,2.39,0.5975,448.0,cubic,4,3,1,False,False,False,0.039,4.0
Ni2CrSn,Full,1.24,1.28,0.0,,Fm-3m,-0.123,0.062,2.45,0.6125,457.0,cubic,4,3,1,False,False,False,0.062,4.0
Ni2FeAs,Full,1.24,1.26,1.19,,I4/mmm,-0.088,0.091,2.95,0.7375,609.0,tetragonal,4,3,1,False,False,False,0.091,4.0
Ni2FeSb,Full,1.24,1.26,1.59,,Fm-3m,-0.084,0.081,3.27,0.8175,518.0,cubic,4,3,1,False,False,False,0.081,4.0
Ni2FeSn,Full,1.24,1.26,0.0,,Fm-3m,-0.114,0.118,3.14,0.785,566.0,cubic,4,3,1,False,False,False,0.118,4.0
Ni2IrAl,Full,1.24,1.35,1.43,,I4/mmm,-0.082,0.031,1.5,0.375,322.0,tetragonal,4,3,1,False,False,False,0.031,4.0
Ni2IrGa,Full,1.24,1.35,1.35,,Fm-3m,-0.091,0.147,1.59,0.3975,302.0,cubic,4,3,1,False,False,False,0.147,4.0
Ni2IrIn,Full,1.24,1.35,1.67,,Fm-3m,-0.093,0.1,1.44,0.36,414.0,cubic,4,3,1,False,False,False,0.1,4.0
Ni2IrSi,Full,1.24,1.35,1.11,,I4/mmm,-0.11,0.097,1.64,0.41,325.0,tetragonal,4,3,1,False,False,False,0.097,4.0
Ni2MnAs,Full,1.24,1.27,1.19,,Fm-3m,-0.116,0.064,3.77,0.9425,492.0,cubic,4,3,1,False,False,False,0.064,4.0
Ni2MnSb,Full,1.24,1.27,1.59,,Fm-3m,-0.13,0.091,3.73,0.9325,488.0,cubic,4,3,1,False,False,False,0.091,4.0
Ni2MnSn,Full,1.24,1.27,0.0,,I4/mmm,-0.091,0.045,3.45,0.8625,622.0,tetragonal,4,3,1,False,False,False,0.045,4.0
Ni2MnTi,Full,1.24,1.27,1.47,,I4/mmm,-0.187,0.117,3.98,0.995,652.0,tetragonal,4,3,1,False,False,False,0.117,4.0
Ni2PdAl,Full,1.24,1.37,1.43,,Fm-3m,-0.067,0.151,1.45,0.3625,312.0,cubic,4,3,1,False,False,False,0.151,4.0
Ni2PdGa,Full,1.24,1.37,1.35,,Fm-3m,-0.09,0.091,1.49,0.3725,446.0,cubic,4,3,1,False,False,False,0.091,4.0
Ni2PdGe,Full,1.24,1.37,1.22,,Fm-3m,-0.079,0.151,1.46,0.365,273.0,cubic,4,3,1,False,False,False,0.151,4.0
Ni2PdIn,Full,1.24,1.37,1.67,,I4/mmm,-0.114,0.059,1.63,0.4075,322.0,tetragonal,4,3,1,False,False,False,0.059,4.0
Ni2PdSi,Full,1.24,1.37,1.11,,Fm-3m,-0.08,0.087,1.56,0.39,410.0,cubic,4,3,1,False,False,False,0.087,4.0
Ni2PtAl,Full,1.24,1.39,1.43,,Fm-3m,-0.125,0.14,1.41,0.3525,412.0,cubic,4,3,1,False,False,False,0.14,4.0
Ni2PtGa,Full,1.24,1.39,1.35,,Fm-3m,-0.09,0.084,1.36,0.34,307.0,cubic,4,3,1,False,False,False,0.084,4.0
Ni2PtIn,Full,1.24,1.39,1.67,,I4/mmm,-0.1,0.068,1.46,0.365,391.0,tetragonal,4,3,1,False,False,False,0.068,4.0
Ni2PtSi,Full,1.24,1.39,1.11,,Fm-3m,-0.085,0.058,1.39,0.3475,342.0,cubic,4,3,1,False,False,False,0.058,4.0
Ni2RhAl,Full,1.24,1.34,1.43,,Fm-3m,-0.104,0.088,1.66,0.415,466.0,cubic,4,3,1,False,False,False,0.088,4.0
Ni2RhGa,Full,1.24,1.34,1.35,,I4/mmm,-0.117,0.149,1.58,0.395,375.0,tetragonal,4,3,1,False,False,False,0.149,4.0
Ni2RhGe,Full,1.24,1.34,1.22,,I4/mmm,-0.087,0.141,1.69,0.4225,392.0,tetragonal,4,3,1,False,False,False,0.141,4.0
Ni2RhIn,Full,1.24,1.34,1.67,,Fm-3m,-0.12,0.062,1.42,0.355,389.0,cubic,4,3,1,False,False,False,0.062,4.0
Ni2RhSi,Full,1.24,1.34,1.11,,Fm-3m,-0.083,0.19,1.58,0.395,332.0,cubic,4,3,1,False,False,False,0.19,4.0
Ni2RuAl,Full,1.24,1.34,1.43,,I4/mmm,-0.082,0.081,1.54,0.385,379.0,tetragonal,4,3,1,False,False,False,0.081,4.0
Ni2RuGa,Full,1.24,1.34,1.35,,Fm-3m,-0.112,0.026,1.33,0.3325,356.0,cubic,4,3,1,False,False,False,0.026,4.0
Ni2RuGe,Full,1.24,1.34,1.22,,Fm-3m,-0.09,0.062,1.79,0.4475,385.0,cubic,4,3,1,False,False,False,0.062,4.0
Ni2RuIn,Full,1.24,1.34,1.67,,Fm-3m,-0.138,0.072,1.42,0.355,391.0,cubic,4,3,1,False,False,False,0.072,4.0
Ni2RuSi,Full,1.24,1.34,1.11,,I4/mmm,-0.104,0.098,1.42,0.355,418.0,tetragonal,4,3,1,False,False,False,0.098,4.0
Ni2TiAl,Full,1.24,1.47,1.43,,Fm-3m,-0.143,0.158,0.7,0.175,257.0,cubic,4,3,1,False,False,False,0.158,4.0
Ni2TiAs,Full,1.24,1.47,1.19,,Fm-3m,-0.081,0.016,0.78,0.195,375.0,cubic,4,3,1,False,False,False,0.016,4.0
Ni2TiGa,Full,1.24,1.47,1.35,,I4/mmm,-0.129,0.123,0.8,0.2,368.0,tetragonal,4,3,1,False,False,False,0.123,4.0
Ni2TiGe,Full,1.24,1.47,1.22,,I4/mmm,-0.087,0.063,0.81,0.2025,283.0,tetragonal,4,3,1,False,False,False,0.063,4.0
Ni2TiIn,Full,1.24,1.47,1.67,,Fm-3m,-0.092,0.043,0.97,0.2425,241.0,cubic,4,3,1,False,False,False,0.043,4.0
Ni2TiSb,Full,1.24,1.47,1.59,,I4/mmm,-0.066,0.016,0.5,0.125,246.0,tetragonal,4,3,1,False,False,False,0.016,4.0
Ni2TiSi,Full,1.24,1.47,1.11,,Fm-3m,-0.127,0.113,0.89,0.2225,343.0,cubic,4,3,1,False,False,False,0.113,4.0
Ni2TiSn,Full,1.24,1.47,0.0,,Fm-3m,-0.126,0.096,0.89,0.2225,312.0,cubic,4,3,1,False,False,False,0.096,4.0
Ni2VAs,Full,1.24,1.34,1.19,,Fm-3m,-0.069,0.122,0.99,0.2475,321.0,cubic,4,3,1,False,False,False,0.122,4.0
Ni2VSb,Full,1.24,1.34,1.59,,Fm-3m,-0.107,0.101,0.93,0.2325,345.0,cubic,4,3,1,False,False,False,0.101,4.0
Ni2VSn,Full,1.24,1.34,0.0,,I4/mmm,-0.093,0.124,0.82,0.205,307.0,tetragonal,4,3,1,False,False,False,0.124,4.0
Pd2CoAl,Full,1.37,1.25,1.43,,Fm-3m,-0.119,0.145,2.7,0.675,422.0,cubic,4,3,1,False,False,False,0.145,4.0
Pd2CoGa,Full,1.37,1.25,1.35,,Fm-3m,-0.084,0.048,2.82,0.705,429.0,cubic,4,3,1,False,False,False,0.048,4.0
Pd2CoIn,Full,1.37,1.25,1.67,,I4/mmm,-0.145,0.088,2.9,0.725,401.0,tetragonal,4,3,1,False,False,False,0.088,4.0
Pd2FeGa,Full,1.37,1.26,1.35,,Fm-3m,-0.126,0.053,3.14,0.785,419.0,cubic,4,3,1,False,False,False,0.053,4.0
Pd2FeIn,Full,1.37,1.26,1.67,,I4/mmm,-0.098,0.068,3.31,0.8275,443.0,tetragonal,4,3,1,False,False,False,0.068,4.0
Pd2MnAl,Full,1.37,1.27,1.43,,Fm-3m,-0.092,0.126,3.81,0.9525,594.0,cubic,4,3,1,False,False,False,0.126,4.0
Pd2MnGa,Full,1.37,1.27,1.35,,Fm-3m,-0.057,0.116,3.91,0.9775,568.0,cubic,4,3,1,False,False,False,0.116,4.0
Pd2MnIn,Full,1.37,1.27,1.67,,I4/mmm,-0.156,0.123,3.6,0.9,632.0,tetragonal,4,3,1,False,False,False,0.123,4.0
Pt2CoIn,Full,1.39,1.25,1.67,,I4/mmm,-0.079,0.094,2.77,0.6925,469.0,tetragonal,4,3,1,False,False,False,0.094,4.0
Pt2FeAl,Full,1.39,1.26,1.43,,Fm-3m,-0.111,0.162,2.85,0.7125,577.0,cubic,4,3,1,False,False,False,0.162,4.0
Pt2FeGa,Full,1.39,1.26,1.35,,Fm-3m,-0.099,0.162,3.61,0.9025,489.0,cubic,4,3,1,False,False,False,0.162,4.0
Pt2FeIn,Full,1.39,1.26,1.67,,I4/mmm,-0.108,0.077,3.08,0.77,563.0,tetragonal,4,3,1,False,False,False,0.077,4.0
Pt2MnAl,Full,1.39,1.27,1.43,,Fm-3m,-0.102,0.005,3.49,0.8725,585.0,cubic,4,3,1,False,False,False,0.005,4.0
Pt2MnGa,Full,1.39,1.27,1.35,,Fm-3m,-0.098,0.072,4.11,1.0275,583.0,cubic,4,3,1,False,False,False,0.072,4.0
Pt2MnIn,Full,1.39,1.27,1.67,,I4/mmm,-0.103,0.133,3.82,0.955,542.0,tetragonal,4,3,1,False,False,False,0.133,4.0
Rh2CoAl,Full,1.34,1.25,1.43,,Fm-3m,-0.098,0.014,2.92,0.73,518.0,cubic,4,3,1,False,False,False,0.014,4.0
Rh2CoGa,Full,1.34,1.25,1.35,,Fm-3m,-0.101,0.058,2.88,0.72,500.0,cubic,4,3,1,False,False,False,0.058,4.0
Rh2CoGe,Full,1.34,1.25,1.22,,Fm-3m,-0.061,0.025,2.58,0.645,455.0,cubic,4,3,1,False,False,False,0.025,4.0
Rh2CoIn,Full,1.34,1.25,1.67,,I4/mmm,-0.113,0.045,2.81,0.7025,488.0,tetragonal,4,3,1,False,False,False,0.045,4.0
Rh2CoSi,Full,1.34,1.25,1.11,,Fm-3m,-0.095,0.129,2.78,0.695,454.0,cubic,4,3,1,False,False,False,0.129,4.0
Rh2CoSn,Full,1.34,1.25,0.0,,Fm-3m,-0.05,0.075,3.07,0.7675,401.0,cubic,4,3,1,False,False,False,0.075,4.0
Rh2CrGe,Full,1.34,1.28,1.22,,I4/mmm,-0.027,0.041,2.56,0.64,344.0,tetragonal,4,3,1,False,False,False,0.041,4.0
Rh2CrSi,Full,1.34,1.28,1.11,,Fm-3m,-0.15,0.121,2.55,0.6375,453.0,cubic,4,3,1,False,False,False,0.121,4.0
Rh2FeAl,Full,1.34,1.26,1.43,,Fm-3m,-0.119,0.051,3.23,0.8075,552.0,cubic,4,3,1,False,False,False,0.051,4.0
Rh2FeGa,Full,1.34,1.26,1.35,,Fm-3m,-0.081,0.12,3.14,0.785,488.0,cubic,4,3,1,False,False,False,0.12,4.0
Rh2FeGe,Full,1.34,1.26,1.22,,Fm-3m,-0.113,0.108,3.37,0.8425,468.0,cubic,4,3,1,False,False,False,0.108,4.0
Rh2FeIn,Full,1.34,1.26,1.67,,I4/mmm,-0.077,0.057,3.19,0.7975,532.0,tetragonal,4,3,1,False,False,False,0.057,4.0
Rh2FeSi,Full,1.34,1.26,1.11,,I4/mmm,-0.117,0.158,3.23,0.8075,623.0,tetragonal,4,3,1,False,False,False,0.158,4.0
Rh2FeSn,Full,1.34,1.26,0.0,,I4/mmm,-0.089,0.082,3.22,0.805,606.0,tetragonal,4,3,1,False,False,False,0.082,4.0
Rh2MnGe,Full,1.34,1.27,1.22,,Fm-3m,-0.116,0.111,3.86,0.965,582.0,cubic,4,3,1,False,False,False,0.111,4.0
Rh2MnSi,Full,1.34,1.27,1.11,,Fm-3m,-0.111,0.092,3.68,0.92,555.0,cubic,4,3,1,False,False,False,0.092,4.0
Rh2MnSn,Full,1.34,1.27,0.0,,Fm-3m,-0.073,0.085,3.94,0.985,551.0,cubic,4,3,1,False,False,False,0.085,4.0
Rh2NiAl,Full,1.34,1.24,1.43,,Fm-3m,-0.078,0.109,1.26,0.315,341.0,cubic,4,3,1,False,False,False,0.109,4.0
Rh2NiGa,Full,1.34,1.24,1.35,,I4/mmm,-0.131,0.142,1.62,0.405,376.0,tetragonal,4,3,1,False,False,False,0.142,4.0
Rh2NiGe,Full,1.34,1.24,1.22,,I4/mmm,-0.171,0.132,1.24,0.31,388.0,tetragonal,4,3,1,False,False,False,0.132,4.0
Rh2NiIn,Full,1.34,1.24,1.67,,Fm-3m,-0.093,0.055,1.4,0.35,374.0,cubic,4,3,1,False,False,False,0.055,4.0
Rh2NiSi,Full,1.34,1.24,1.11,,Fm-3m,-0.107,0.006,1.49,0.3725,366.0,cubic,4,3,1,False,False,False,0.006,4.0
Rh2NiSn,Full,1.34,1.24,0.0,,I4/mmm,-0.102,0.116,1.31,0.3275,368.0,tetragonal,4,3,1,False,False,False,0.116,4.0
Rh2TiAl,Full,1.34,1.47,1.43,,Fm-3m,-0.126,0.108,0.64,0.16,335.0,cubic,4,3,1,False,False,False,0.108,4.0
Rh2TiGa,Full,1.34,1.47,1.35,,I4/mmm,-0.116,0.128,0.78,0.195,293.0,tetragonal,4,3,1,False,False,False,0.128,4.0
Rh2TiGe,Full,1.34,1.47,1.22,,Fm-3m,-0.092,0.06,0.81,0.2025,328.0,cubic,4,3,1,False,False,False,0.06,4.0
Rh2TiSi,Full,1.34,1.47,1.11,,Fm-3m,-0.088,0.087,0.85,0.2125,323.0,cubic,4,3,1,False,False,False,0.087,4.0
Rh2VAl,Full,1.34,1.34,1.43,,I4/mmm,-0.091,0.078,1.07,0.2675,276.0,tetragonal,4,3,1,False,False,False,0.078,4.0
Rh2VGa,Full,1.34,1.34,1.35,,I4/mmm,-0.094,0.068,1.19,0.2975,195.0,tetragonal,4,3,1,False,False,False,0.068,4.0
Rh2VGe,Full,1.34,1.34,1.22,,Fm-3m,-0.069,0.135,0.99,0.2475,342.0,cubic,4,3,1,False,False,False,0.135,4.0
Rh2VSi,Full,1.34,1.34,1.11,,I4/mmm,-0.079,0.064,0.95,0.2375,375.0,tetragonal,4,3,1,False,False,False,0.064,4.0
Ru2CoAl,Full,1.34,1.25,1.43,,Fm-3m,-0.15,0.008,2.96,0.74,472.0,cubic,4,3,1,False,False,False,0.008,4.0
Ru2CoGa,Full,1.34,1.25,1.35,,Fm-3m,-0.131,0.031,2.65,0.6625,455.0,cubic,4,3,1,False,False,False,0.031,4.0
Ru2CoGe,Full,1.34,1.25,1.22,,Fm-3m,-0.095,0.092,2.74,0.685,554.0,cubic,4,3,1,False,False,False,0.092,4.0
Ru2CoIn,Full,1.34,1.25,1.67,,I4/mmm,-0.068,0.045,2.88,0.72,532.0,tetragonal,4,3,1,False,False,False,0.045,4.0
Ru2CoSi,Full,1.34,1.25,1.11,,Fm-3m,-0.099,0.019,2.91,0.7275,489.0,cubic,4,3,1,False,False,False,0.019,4.0
Ru2CoSn,Full,1.34,1.25,0.0,,I4/mmm,-0.093,0.107,2.83,0.7075,475.0,tetragonal,4,3,1,False,False,False,0.107,4.0
Ru2CrAl,Full,1.34,1.28,1.43,,Fm-3m,-0.101,0.097,2.39,0.5975,398.0,cubic,4,3,1,False,False,False,0.097,4.0
Ru2CrGe,Full,1.34,1.28,1.22,,Fm-3m,-0.161,0.009,2.61,0.6525,427.0,cubic,4,3,1,False,False,False,0.009,4.0
Ru2CrSi,Full,1.34,1.28,1.11,,I4/mmm,-0.075,0.068,2.5,0.625,418.0,tetragonal,4,3,1,False,False,False,0.068,4.0
Ru2FeAl,Full,1.34,1.26,1.43,,Fm-3m,-0.126,0.073,3.01,0.7525,507.0,cubic,4,3,1,False,False,False,0.073,4.0
Ru2FeGa,Full,1.34,1.26,1.35,,Fm-3m,-0.108,0.079,3.24,0.81,466.0,cubic,4,3,1,False,False,False,0.079,4.0
Ru2FeGe,Full,1.34,1.26,1.22,,I4/mmm,-0.084,0.072,3.22,0.805,589.0,tetragonal,4,3,1,False,False,False,0.072,4.0
Ru2FeIn,Full,1.34,1.26,1.67,,I4/mmm,-0.093,0.02,3.37,0.8425,585.0,tetragonal,4,3,1,False,False,False,0.02,4.0
Ru2FeSi,Full,1.34,1.26,1.11,,Fm-3m,-0.082,0.103,3.33,0.8325,540.0,cubic,4,3,1,False,False,False,0.103,4.0
Ru2FeSn,Full,1.34,1.26,0.0,,Fm-3m,-0.088,0.099,3.26,0.815,485.0,cubic,4,3,1,False,False,False,0.099,4.0
Ru2MnIn,Full,1.34,1.27,1.67,,I4/mmm,-0.109,0.073,3.9,0.975,609.0,tetragonal,4,3,1,False,False,False,0.073,4.0
Ru2MnSn,Full,1.34,1.27,0.0,,Fm-3m,-0.109,0.107,3.97,0.9925,609.0,cubic,4,3,1,False,False,False,0.107,4.0
Ru2NiAl,Full,1.34,1.24,1.43,,Fm-3m,-0.09,0.072,1.44,0.36,358.0,cubic,4,3,1,False,False,False,0.072,4.0
Ru2NiGa,Full,1.34,1.24,1.35,,I4/mmm,-0.118,0.134,1.27,0.3175,356.0,tetragonal,4,3,1,False,False,False,0.134,4.0
Ru2NiGe,Full,1.34,1.24,1.22,,I4/mmm,-0.075,0.13,1.7,0.425,382.0,tetragonal,4,3,1,False,False,False,0.13,4.0
Ru2NiIn,Full,1.34,1.24,1.67,,Fm-3m,-0.113,0.074,1.19,0.2975,368.0,cubic,4,3,1,False,False,False,0.074,4.0
Ru2NiSi,Full,1.34,1.24,1.11,,I4/mmm,-0.053,0.015,1.17,0.2925,322.0,tetragonal,4,3,1,False,False,False,0.015,4.0
Ru2NiSn,Full,1.34,1.24,0.0,,Fm-3m,-0.102,0.163,1.34,0.335,382.0,cubic,4,3,1,False,False,False,0.163,4.0
Ru2TiAl,Full,1.34,1.47,1.43,,I4/mmm,-0.088,0.079,0.71,0.1775,298.0,tetragonal,4,3,1,False,False,False,0.079,4.0
Ru2TiGa,Full,1.34,1.47,1.35,,Fm-3m,-0.129,0.148,0.93,0.2325,279.0,cubic,4,3,1,False,False,False,0.148,4.0
Ru2TiGe,Full,1.34,1.47,1.22,,Fm-3m,-0.107,0.161,0.9,0.225,229.0,cubic,4,3,1,False,False,False,0.161,4.0
Ru2TiSi,Full,1.34,1.47,1.11,,I4/mmm,-0.099,0.068,0.79,0.1975,236.0,tetragonal,4,3,1,False,False,False,0.068,4.0
Ru2VAl,Full,1.34,1.34,1.43,,I4/mmm,-0.105,0.048,0.9,0.225,344.0,tetragonal,4,3,1,False,False,False,0.048,4.0
Ru2VGa,Full,1.34,1.34,1.35,,Fm-3m,-0.064,0.076,1.17,0.2925,237.0,cubic,4,3,1,False,False,False,0.076,4.0
Ru2VGe,Full,1.34,1.34,1.22,,Fm-3m,-0.067,0.089,1.11,0.2775,332.0,cubic,4,3,1,False,False,False,0.089,4.0
Ru2VSi,Full,1.34,1.34,1.11,,Fm-3m,-0.106,0.112,1.11,0.2775,313.0,cubic,4,3,1,False,False,False,0.112,4.0
Sc2MnBi,Full,1.62,1.27,1.7,,I4/mmm,-0.212,0.235,5.18,1.295,740.0,tetragonal,4,3,1,False,False,False,0.235,4.0
Sc2VSn,Full,1.62,1.34,0.0,,I4/mmm,-0.187,0.293,5.99,1.4975,605.0,tetragonal,4,3,1,False,False,False,0.293,4.0
Ta2CoAl,Full,1.46,1.25,1.43,,Fm-3m,-0.077,0.018,2.77,0.6925,352.0,cubic,4,3,1,False,False,False,0.018,4.0
Ta2CoGa,Full,1.46,1.25,1.35,,I4/mmm,-0.108,0.12,2.91,0.7275,540.0,tetragonal,4,3,1,False,False,False,0.12,4.0
Ta2CoGe,Full,1.46,1.25,1.22,,Fm-3m,-0.123,0.06,2.67,0.6675,478.0,cubic,4,3,1,False,False,False,0.06,4.0
Ta2CoIn,Full,1.46,1.25,1.67,,Fm-3m,-0.165,0.055,2.86,0.715,451.0,cubic,4,3,1,False,False,False,0.055,4.0
Ta2CoSi,Full,1.46,1.25,1.11,,Fm-3m,-0.101,0.008,3.11,0.7775,430.0,cubic,4,3,1,False,False,False,0.008,4.0
Ta2CoSn,Full,1.46,1.25,0.0,,Fm-3m,-0.111,0.041,2.46,0.615,364.0,cubic,4,3,1,False,False,False,0.041,4.0
Ta2CrAl,Full,1.46,1.28,1.43,,Fm-3m,-0.121,0.033,2.21,0.5525,431.0,cubic,4,3,1,False,False,False,0.033,4.0
Ta2CrGa,Full,1.46,1.28,1.35,,I4/mmm,-0.096,0.058,2.45,0.6125,478.0,tetragonal,4,3,1,False,False,False,0.058,4.0
Ta2CrGe,Full,1.46,1.28,1.22,,Fm-3m,-0.12,0.135,2.48,0.62,491.0,cubic,4,3,1,False,False,False,0.135,4.0
Ta2CrSi,Full,1.46,1.28,1.11,,Fm-3m,-0.08,0.119,2.41,0.6025,465.0,cubic,4,3,1,False,False,False,0.119,4.0
Ta2FeAl,Full,1.46,1.26,1.43,,Fm-3m,-0.133,0.032,3.15,0.7875,520.0,cubic,4,3,1,False,False,False,0.032,4.0
Ta2FeGa,Full,1.46,1.26,1.35,,Fm-3m,-0.099,0.001,3.1,0.775,545.0,cubic,4,3,1,False,False,False,0.001,4.0
Ta2FeGe,Full,1.46,1.26,1.22,,Fm-3m,-0.108,0.052,3.15,0.7875,527.0,cubic,4,3,1,False,False,False,0.052,4.0
Ta2FeIn,Full,1.46,1.26,1.67,,Fm-3m,-0.104,0.026,3.29,0.8225,473.0,cubic,4,3,1,False,False,False,0.026,4.0
Ta2FeSi,Full,1.46,1.26,1.11,,Fm-3m,-0.09,0.049,3.19,0.7975,471.0,cubic,4,3,1,False,False,False,0.049,4.0
Ta2FeSn,Full,1.46,1.26,0.0,,Fm-3m,-0.118,0.011,3.34,0.835,520.0,cubic,4,3,1,False,False,False,0.011,4.0
Ta2MnAl,Full,1.46,1.27,1.43,,Fm-3m,-0.087,0.03,3.48,0.87,488.0,cubic,4,3,1,False,False,False,0.03,4.0
Ta2MnGa,Full,1.46,1.27,1.35,,Fm-3m,-0.099,0.091,3.8,0.95,621.0,cubic,4,3,1,False,False,False,0.091,4.0
Ta2MnGe,Full,1.46,1.27,1.22,,Fm-3m,-0.122,0.081,3.8,0.95,606.0,cubic,4,3,1,False,False,False,0.081,4.0
Ta2MnIn,Full,1.46,1.27,1.67,,Fm-3m,-0.102,0.121,3.76,0.94,584.0,cubic,4,3,1,False,False,False,0.121,4.0
Ta2MnSi,Full,1.46,1.27,1.11,,Fm-3m,-0.085,0.057,3.76,0.94,608.0,cubic,4,3,1,False,False,False,0.057,4.0
Ta2MnSn,Full,1.46,1.27,0.0,,Fm-3m,-0.095,0.191,3.75,0.9375,568.0,cubic,4,3,1,False,False,False,0.191,4.0
Ta2NiAl,Full,1.46,1.24,1.43,,I4/mmm,-0.074,0.053,1.77,0.4425,316.0,tetragonal,4,3,1,False,False,False,0.053,4.0
Ta2NiGa,Full,1.46,1.24,1.35,,Fm-3m,-0.077,0.143,1.68,0.42,345.0,cubic,4,3,1,False,False,False,0.143,4.0
Ta2NiGe,Full,1.46,1.24,1.22,,I4/mmm,-0.095,0.019,1.35,0.3375,331.0,tetragonal,4,3,1,False,False,False,0.019,4.0
Ta2NiIn,Full,1.46,1.24,1.67,,I4/mmm,-0.061,0.081,1.39,0.3475,415.0,tetragonal,4,3,1,False,False,False,0.081,4.0
Ta2NiSi,Full,1.46,1.24,1.11,,I4/mmm,-0.057,0.07,1.51,0.3775,354.0,tetragonal,4,3,1,False,False,False,0.07,4.0
Ta2NiSn,Full,1.46,1.24,0.0,,I4/mmm,-0.071,0.06,1.43,0.3575,384.0,tetragonal,4,3,1,False,False,False,0.06,4.0
Ta2TiAl,Full,1.46,1.47,1.43,,Fm-3m,-0.071,0.088,0.61,0.1525,313.0,cubic,4,3,1,False,False,False,0.088,4.0
Ta2TiGa,Full,1.46,1.47,1.35,,I4/mmm,-0.102,0.117,0.89,0.2225,275.0,tetragonal,4,3,1,False,False,False,0.117,4.0
Ta2TiGe,Full,1.46,1.47,1.22,,Fm-3m,-0.098,0.162,0.89,0.2225,185.0,cubic,4,3,1,False,False,False,0.162,4.0
Ta2TiSi,Full,1.46,1.47,1.11,,Fm-3m,-0.099,0.094,1.06,0.265,341.0,cubic,4,3,1,False,False,False,0.094,4.0
Ta2VAl,Full,1.46,1.34,1.43,,Fm-3m,-0.082,0.125,0.89,0.2225,359.0,cubic,4,3,1,False,False,False,0.125,4.0
Ta2VGa,Full,1.46,1.34,1.35,,Fm-3m,-0.113,0.093,0.86,0.215,237.0,cubic,4,3,1,False,False,False,0.093,4.0
Ta2VGe,Full,1.46,1.34,1.22,,Fm-3m,-0.055,0.114,1.09,0.2725,372.0,cubic,4,3,1,False,False,False,0.114,4.0
Ta2VSi,Full,1.46,1.34,1.11,,Fm-3m,-0.046,0.051,1.14,0.285,322.0,cubic,4,3,1,False,False,False,0.051,4.0
Tc2CoAl,Full,1.36,1.25,1.43,,I4/mmm,-0.097,0.195,2.79,0.6975,451.0,tetragonal,4,3,1,False,False,False,0.195,4.0
Tc2CoGa,Full,1.36,1.25,1.35,,Fm-3m,-0.094,0.088,2.75,0.6875,462.0,cubic,4,3,1,False,False,False,0.088,4.0
Tc2CoGe,Full,1.36,1.25,1.22,,Fm-3m,-0.084,0.088,2.6,0.65,476.0,cubic,4,3,1,False,False,False,0.088,4.0
Tc2CoIn,Full,1.36,1.25,1.67,,Fm-3m,-0.055,0.112,2.72,0.68,448.0,cubic,4,3,1,False,False,False,0.112,4.0
Tc2CoSi,Full,1.36,1.25,1.11,,I4/mmm,-0.077,0.001,2.97,0.7425,425.0,tetragonal,4,3,1,False,False,False,0.001,4.0
Tc2CoSn,Full,1.36,1.25,0.0,,Fm-3m,-0.085,0.138,2.96,0.74,520.0,cubic,4,3,1,False,False,False,0.138,4.0
Tc2CrAl,Full,1.36,1.28,1.43,,Fm-3m,-0.105,0.078,2.6,0.65,499.0,cubic,4,3,1,False,False,False,0.078,4.0
Tc2CrGa,Full,1.36,1.28,1.35,,I4/mmm,-0.059,0.009,2.51,0.6275,508.0,tetragonal,4,3,1,False,False,False,0.009,4.0
Tc2CrGe,Full,1.36,1.28,1.22,,I4/mmm,-0.129,0.116,2.66,0.665,431.0,tetragonal,4,3,1,False,False,False,0.116,4.0
Tc2CrSi,Full,1.36,1.28,1.11,,I4/mmm,-0.114,0.051,2.68,0.67,418.0,tetragonal,4,3,1,False,False,False,0.051,4.0
Tc2FeAl,Full,1.36,1.26,1.43,,Fm-3m,-0.124,0.098,2.94,0.735,529.0,cubic,4,3,1,False,False,False,0.098,4.0
Tc2FeGa,Full,1.36,1.26,1.35,,Fm-3m,-0.087,0.153,3.44,0.86,496.0,cubic,4,3,1,False,False,False,0.153,4.0
Tc2FeGe,Full,1.36,1.26,1.22,,Fm-3m,-0.134,0.036,3.36,0.84,473.0,cubic,4,3,1,False,False,False,0.036,4.0
Tc2FeIn,Full,1.36,1.26,1.67,,I4/mmm,-0.132,0.052,3.2,0.8,427.0,tetragonal,4,3,1,False,False,False,0.052,4.0
Tc2FeSi,Full,1.36,1.26,1.11,,Fm-3m,-0.095,0.015,3.29,0.8225,502.0,cubic,4,3,1,False,False,False,0.015,4.0
Tc2FeSn,Full,1.36,1.26,0.0,,I4/mmm,-0.108,0.084,3.23,0.8075,624.0,tetragonal,4,3,1,False,False,False,0.084,4.0
Tc2MnAl,Full,1.36,1.27,1.43,,I4/mmm,-0.071,0.031,3.89,0.9725,561.0,tetragonal,4,3,1,False,False,False,0.031,4.0
Tc2MnGa,Full,1.36,1.27,1.35,,Fm-3m,-0.056,0.024,3.68,0.92,496.0,cubic,4,3,1,False,False,False,0.024,4.0
Tc2MnGe,Full,1.36,1.27,1.22,,Fm-3m,-0.101,0.094,3.54,0.885,561.0,cubic,4,3,1,False,False,False,0.094,4.0
Tc2MnIn,Full,1.36,1.27,1.67,,Fm-3m,-0.085,0.022,4.06,1.015,502.0,cubic,4,3,1,False,False,False,0.022,4.0
Tc2MnSi,Full,1.36,1.27,1.11,,Fm-3m,-0.114,0.124,3.8,0.95,492.0,cubic,4,3,1,False,False,False,0.124,4.0
Tc2MnSn,Full,1.36,1.27,0.0,,I4/mmm,-0.11,0.022,3.82,0.955,548.0,tetragonal,4,3,1,False,False,False,0.022,4.0
Tc2NiAl,Full,1.36,1.24,1.43,,I4/mmm,-0.142,0.099,1.53,0.3825,346.0,tetragonal,4,3,1,False,False,False,0.099,4.0
Tc2NiGa,Full,1.36,1.24,1.35,,Fm-3m,-0.097,0.1,1.47,0.3675,390.0,cubic,4,3,1,False,False,False,0.1,4.0
Tc2NiGe,Full,1.36,1.24,1.22,,I4/mmm,-0.111,0.145,1.53,0.3825,340.0,tetragonal,4,3,1,False,False,False,0.145,4.0
Tc2NiIn,Full,1.36,1.24,1.67,,I4/mmm,-0.083,0.081,1.5,0.375,348.0,tetragonal,4,3,1,False,False,False,0.081,4.0
Tc2NiSi,Full,1.36,1.24,1.11,,Fm-3m,-0.087,0.033,1.69,0.4225,279.0,cubic,4,3,1,False,False,False,0.033,4.0
Tc2NiSn,Full,1.36,1.24,0.0,,I4/mmm,-0.093,0.019,1.59,0.3975,393.0,tetragonal,4,3,1,False,False,False,0.019,4.0
Tc2TiAl,Full,1.36,1.47,1.43,,Fm-3m,-0.084,0.089,0.57,0.1425,252.0,cubic,4,3,1,False,False,False,0.089,4.0
Tc2TiGa,Full,1.36,1.47,1.35,,I4/mmm,-0.096,0.064,0.89,0.2225,237.0,tetragonal,4,3,1,False,False,False,0.064,4.0
Tc2TiGe,Full,1.36,1.47,1.22,,Fm-3m,-0.131,0.12,0.66,0.165,192.0,cubic,4,3,1,False,False,False,0.12,4.0
Tc2TiSi,Full,1.36,1.47,1.11,,I4/mmm,-0.092,0.11,1.1,0.275,294.0,tetragonal,4,3,1,False,False,False,0.11,4.0
Tc2VAl,Full,1.36,1.34,1.43,,Fm-3m,-0.073,0.057,1.21,0.3025,304.0,cubic,4,3,1,False,False,False,0.057,4.0
Tc2VGa,Full,1.36,1.34,1.35,,Fm-3m,-0.092,0.004,0.74,0.185,345.0,cubic,4,3,1,False,False,False,0.004,4.0
Tc2VGe,Full,1.36,1.34,1.22,,Fm-3m,-0.13,0.032,1.1,0.275,203.0,cubic,4,3,1,False,False,False,0.032,4.0
Tc2VSi,Full,1.36,1.34,1.11,,I4/mmm,-0.107,0.019,0.86,0.215,278.0,tetragonal,4,3,1,False,False,False,0.019,4.0
V2CoAs,Full,1.34,1.25,1.19,,Fm-3m,-0.09,0.068,2.79,0.6975,578.0,cubic,4,3,1,False,False,False,0.068,4.0
V2CoSb,Full,1.34,1.25,1.59,,Fm-3m,-0.102,0.122,2.82,0.705,467.0,cubic,4,3,1,False,False,False,0.122,4.0
V2CoSn,Full,1.34,1.25,0.0,,I4/mmm,-0.149,0.039,2.88,0.72,472.0,tetragonal,4,3,1,False,False,False,0.039,4.0
V2CrAs,Full,1.34,1.28,1.19,,Fm-3m,-0.103,0.107,2.54,0.635,545.0,cubic,4,3,1,False,False,False,0.107,4.0
V2CrSb,Full,1.34,1.28,1.59,,I4/mmm,-0.103,0.055,2.63,0.6575,460.0,tetragonal,4,3,1,False,False,False,0.055,4.0
V2CrSn,Full,1.34,1.28,0.0,,Fm-3m,-0.099,0.105,2.45,0.6125,454.0,cubic,4,3,1,False,False,False,0.105,4.0
V2FeAs,Full,1.34,1.26,1.19,,Fm-3m,-0.114,0.066,3.24,0.81,548.0,cubic,4,3,1,False,False,False,0.066,4.0
V2FeSb,Full,1.34,1.26,1.59,,I4/mmm,-0.152,0.003,3.15,0.7875,458.0,tetragonal,4,3,1,False,False,False,0.003,4.0
V2FeSn,Full,1.34,1.26,0.0,,Fm-3m,-0.098,0.124,3.13,0.7825,477.0,cubic,4,3,1,False,False,False,0.124,4.0
V2MnAs,Full,1.34,1.27,1.19,,I4/mmm,-0.136,0.143,3.92,0.98,571.0,tetragonal,4,3,1,False,False,False,0.143,4.0
V2NbSb,Full,1.34,1.46,1.59,,Fm-3m,-0.029,0.209,2.23,0.5575,373.0,cubic,4,3,1,False,False,False,0.209,4.0
W2CoAl,Full,1.39,1.25,1.43,,Fm-3m,-0.085,0.07,2.66,0.665,541.0,cubic,4,3,1,False,False,False,0.07,4.0
W2CoGa,Full,1.39,1.25,1.35,,Fm-3m,-0.148,0.024,2.85,0.7125,539.0,cubic,4,3,1,False,False,False,0.024,4.0
W2CoGe,Full,1.39,1.25,1.22,,Fm-3m,-0.172,0.079,3.07,0.7675,421.0,cubic,4,3,1,False,False,False,0.079,4.0
W2CoIn,Full,1.39,1.25,1.67,,I4/mmm,-0.144,0.095,2.78,0.695,487.0,tetragonal,4,3,1,False,False,False,0.095,4.0
W2CoSi,Full,1.39,1.25,1.11,,Fm-3m,-0.105,0.063,2.86,0.715,531.0,cubic,4,3,1,False,False,False,0.063,4.0
W2CoSn,Full,1.39,1.25,0.0,,I4/mmm,-0.081,0.096,2.64,0.66,525.0,tetragonal,4,3,1,False,False,False,0.096,4.0
W2CrAl,Full,1.39,1.28,1.43,,I4/mmm,-0.118,0.072,2.71,0.6775,451.0,tetragonal,4,3,1,False,False,False,0.072,4.0
W2CrGa,Full,1.39,1.28,1.35,,I4/mmm,-0.085,0.048,2.42,0.605,418.0,tetragonal,4,3,1,False,False,False,0.048,4.0
W2CrGe,Full,1.39,1.28,1.22,,Fm-3m,-0.087,0.094,2.5,0.625,431.0,cubic,4,3,1,False,False,False,0.094,4.0
W2CrSi,Full,1.39,1.28,1.11,,Fm-3m,-0.059,0.095,2.46,0.615,456.0,cubic,4,3,1,False,False,False,0.095,4.0
W2FeAl,Full,1.39,1.26,1.43,,Fm-3m,-0.068,0.055,3.58,0.895,443.0,cubic,4,3,1,False,False,False,0.055,4.0
W2FeGa,Full,1.39,1.26,1.35,,Fm-3m,-0.117,0.164,3.48,0.87,526.0,cubic,4,3,1,False,False,False,0.164,4.0
W2FeGe,Full,1.39,1.26,1.22,,I4/mmm,-0.105,0.048,2.92,0.73,462.0,tetragonal,4,3,1,False,False,False,0.048,4.0
W2FeIn,Full,1.39,1.26,1.67,,Fm-3m,-0.085,0.115,3.12,0.78,571.0,cubic,4,3,1,False,False,False,0.115,4.0
W2FeSi,Full,1.39,1.26,1.11,,Fm-3m,-0.116,0.123,3.3,0.825,575.0,cubic,4,3,1,False,False,False,0.123,4.0
W2FeSn,Full,1.39,1.26,0.0,,Fm-3m,-0.134,0.089,3.29,0.8225,544.0,cubic,4,3,1,False,False,False,0.089,4.0
W2MnAl,Full,1.39,1.27,1.43,,I4/mmm,-0.083,0.074,3.62,0.905,644.0,tetragonal,4,3,1,False,False,False,0.074,4.0
W2MnGa,Full,1.39,1.27,1.35,,I4/mmm,-0.123,0.138,3.74,0.935,621.0,tetragonal,4,3,1,False,False,False,0.138,4.0
W2MnGe,Full,1.39,1.27,1.22,,Fm-3m,-0.109,0.158,3.74,0.935,616.0,cubic,4,3,1,False,False,False,0.158,4.0
W2MnIn,Full,1.39,1.27,1.67,,Fm-3m,-0.09,0.026,3.87,0.9675,663.0,cubic,4,3,1,False,False,False,0.026,4.0
W2MnSi,Full,1.39,1.27,1.11,,I4/mmm,-0.064,0.015,3.63,0.9075,593.0,tetragonal,4,3,1,False,False,False,0.015,4.0
W2MnSn,Full,1.39,1.27,0.0,,I4/mmm,-0.064,0.156,3.69,0.9225,495.0,tetragonal,4,3,1,False,False,False,0.156,4.0
W2NiAl,Full,1.39,1.24,1.43,,I4/mmm,-0.069,0.075,1.47,0.3675,388.0,tetragonal,4,3,1,False,False,False,0.075,4.0
W2NiGa,Full,1.39,1.24,1.35,,Fm-3m,-0.106,0.042,1.36,0.34,367.0,cubic,4,3,1,False,False,False,0.042,4.0
W2NiGe,Full,1.39,1.24,1.22,,Fm-3m,-0.087,0.01,1.42,0.355,353.0,cubic,4,3,1,False,False,False,0.01,4.0
W2NiIn,Full,1.39,1.24,1.67,,I4/mmm,-0.107,0.079,1.39,0.3475,424.0,tetragonal,4,3,1,False,False,False,0.079,4.0
W2NiSi,Full,1.39,1.24,1.11,,Fm-3m,-0.128,0.001,1.35,0.3375,355.0,cubic,4,3,1,False,False,False,0.001,4.0
W2NiSn,Full,1.39,1.24,0.0,,Fm-3m,-0.086,0.02,1.86,0.465,294.0,cubic,4,3,1,False,False,False,0.02,4.0
W2TiAl,Full,1.39,1.47,1.43,,I4/mmm,-0.102,0.072,1.28,0.32,324.0,tetragonal,4,3,1,False,False,False,0.072,4.0
W2TiGa,Full,1.39,1.47,1.35,,Fm-3m,-0.087,0.139,0.71,0.1775,331.0,cubic,4,3,1,False,False,False,0.139,4.0
W2TiGe,Full,1.39,1.47,1.22,,Fm-3m,-0.087,0.114,0.77,0.1925,339.0,cubic,4,3,1,False,False,False,0.114,4.0
W2TiSi,Full,1.39,1.47,1.11,,Fm-3m,-0.136,0.121,0.7,0.175,285.0,cubic,4,3,1,False,False,False,0.121,4.0
W2VAl,Full,1.39,1.34,1.43,,Fm-3m,-0.071,0.047,0.88,0.22,219.0,cubic,4,3,1,False,False,False,0.047,4.0
W2VGa,Full,1.39,1.34,1.35,,Fm-3m,-0.033,0.067,1.02,0.255,350.0,cubic,4,3,1,False,False,False,0.067,4.0
W2VGe,Full,1.39,1.34,1.22,,Fm-3m,-0.05,0.16,0.84,0.21,277.0,cubic,4,3,1,False,False,False,0.16,4.0
W2VSi,Full,1.39,1.34,1.11,,I4/mmm,-0.098,0.032,0.56,0.14,258.0,tetragonal,4,3,1,False,False,False,0.032,4.0
Y2CoAl,Full,1.8,1.25,1.43,,Fm-3m,-0.13,0.117,3.0,0.75,424.0,cubic,4,3,1,False,False,False,0.117,4.0
Y2CoGa,Full,1.8,1.25,1.35,,Fm-3m,-0.102,0.124,2.92,0.73,428.0,cubic,4,3,1,False,False,False,0.124,4.0
Y2CoGe,Full,1.8,1.25,1.22,,Fm-3m,-0.113,0.044,2.72,0.68,553.0,cubic,4,3,1,False,False,False,0.044,4.0
Y2CoIn,Full,1.8,1.25,1.67,,I4/mmm,-0.061,0.038,2.92,0.73,478.0,tetragonal,4,3,1,False,False,False,0.038,4.0
Y2CoSi,Full,1.8,1.25,1.11,,I4/mmm,-0.074,0.121,2.8,0.7,409.0,tetragonal,4,3,1,False,False,False,0.121,4.0
Y2CoSn,Full,1.8,1.25,0.0,,I4/mmm,-0.071,0.092,2.85,0.7125,505.0,tetragonal,4,3,1,False,False,False,0.092,4.0
Y2CrAl,Full,1.8,1.28,1.43,,Fm-3m,-0.108,0.117,2.32,0.58,410.0,cubic,4,3,1,False,False,False,0.117,4.0
Y2CrGa,Full,1.8,1.28,1.35,,Fm-3m,-0.037,0.065,2.47,0.6175,518.0,cubic,4,3,1,False,False,False,0.065,4.0
Y2CrGe,Full,1.8,1.28,1.22,,I4/mmm,-0.07,0.09,2.63,0.6575,480.0,tetragonal,4,3,1,False,False,False,0.09,4.0
Y2CrSi,Full,1.8,1.28,1.11,,Fm-3m,-0.08,0.024,2.3,0.575,462.0,cubic,4,3,1,False,False,False,0.024,4.0
Y2FeAl,Full,1.8,1.26,1.43,,I4/mmm,-0.126,0.117,3.02,0.755,519.0,tetragonal,4,3,1,False,False,False,0.117,4.0
Y2FeGa,Full,1.8,1.26,1.35,,Fm-3m,-0.07,0.09,3.33,0.8325,658.0,cubic,4,3,1,False,False,False,0.09,4.0
Y2FeGe,Full,1.8,1.26,1.22,,Fm-3m,-0.085,0.126,3.34,0.835,486.0,cubic,4,3,1,False,False,False,0.126,4.0
Y2FeIn,Full,1.8,1.26,1.67,,Fm-3m,-0.108,0.013,3.09,0.7725,514.0,cubic,4,3,1,False,False,False,0.013,4.0
Y2FeSi,Full,1.8,1.26,1.11,,Fm-3m,-0.122,0.029,3.22,0.805,452.0,cubic,4,3,1,False,False,False,0.029,4.0
Y2FeSn,Full,1.8,1.26,0.0,,I4/mmm,-0.116,0.012,3.36,0.84,509.0,tetragonal,4,3,1,False,False,False,0.012,4.0
Y2MnAl,Full,1.8,1.27,1.43,,I4/mmm,-0.103,0.109,4.03,1.0075,604.0,tetragonal,4,3,1,False,False,False,0.109,4.0
Y2MnGa,Full,1.8,1.27,1.35,,I4/mmm,-0.075,0.054,3.72,0.93,593.0,tetragonal,4,3,1,False,False,False,0.054,4.0
Y2MnGe,Full,1.8,1.27,1.22,,Fm-3m,-0.136,0.056,3.82,0.955,583.0,cubic,4,3,1,False,False,False,0.056,4.0
Y2MnIn,Full,1.8,1.27,1.67,,Fm-3m,-0.148,0.002,3.72,0.93,592.0,cubic,4,3,1,False,False,False,0.002,4.0
Y2MnSi,Full,1.8,1.27,1.11,,Fm-3m,-0.119,0.048,3.48,0.87,558.0,cubic,4,3,1,False,False,False,0.048,4.0
Y2MnSn,Full,1.8,1.27,0.0,,Fm-3m,-0.076,0.093,3.7,0.925,549.0,cubic,4,3,1,False,False,False,0.093,4.0
Y2NiAl,Full,1.8,1.24,1.43,,I4/mmm,-0.076,0.048,1.45,0.3625,354.0,tetragonal,4,3,1,False,False,False,0.048,4.0
Y2NiGa,Full,1.8,1.24,1.35,,I4/mmm,-0.107,0.039,1.55,0.3875,413.0,tetragonal,4,3,1,False,False,False,0.039,4.0
Y2NiGe,Full,1.8,1.24,1.22,,I4/mmm,-0.038,0.071,1.55,0.3875,353.0,tetragonal,4,3,1,False,False,False,0.071,4.0
Y2NiIn,Full,1.8,1.24,1.67,,Fm-3m,-0.12,0.073,1.56,0.39,332.0,cubic,4,3,1,False,False,False,0.073,4.0
Y2NiSi,Full,1.8,1.24,1.11,,I4/mmm,-0.065,0.079,1.25,0.3125,302.0,tetragonal,4,3,1,False,False,False,0.079,4.0
Y2NiSn,Full,1.8,1.24,0.0,,Fm-3m,-0.1,0.115,1.33,0.3325,366.0,cubic,4,3,1,False,False,False,0.115,4.0
Y2TiAl,Full,1.8,1.47,1.43,,Fm-3m,-0.118,0.164,0.87,0.2175,294.0,cubic,4,3,1,False,False,False,0.164,4.0
Y2TiGa,Full,1.8,1.47,1.35,,Fm-3m,-0.124,0.046,0.63,0.1575,316.0,cubic,4,3,1,False,False,False,0.046,4.0
Y2TiGe,Full,1.8,1.47,1.22,,Fm-3m,-0.119,0.12,0.76,0.19,211.0,cubic,4,3,1,False,False,False,0.12,4.0
Y2TiSi,Full,1.8,1.47,1.11,,I4/mmm,-0.09,0.117,1.08,0.27,328.0,tetragonal,4,3,1,False,False,False,0.117,4.0
Y2VAl,Full,1.8,1.34,1.43,,Fm-3m,-0.123,0.143,0.79,0.1975,339.0,cubic,4,3,1,False,False,False,0.143,4.0
Y2VGa,Full,1.8,1.34,1.35,,I4/mmm,-0.098,0.058,1.14,0.285,255.0,tetragonal,4,3,1,False,False,False,0.058,4.0
Y2VGe,Full,1.8,1.34,1.22,,I4/mmm,-0.123,0.108,0.98,0.245,326.0,tetragonal,4,3,1,False,False,False,0.108,4.0
Y2VSi,Full,1.8,1.34,1.11,,Fm-3m,-0.113,0.01,1.01,0.2525,304.0,cubic,4,3,1,False,False,False,0.01,4.0
Zn2CrRh,Full,1.34,1.28,1.34,,Fm-3m,-0.117,0.131,0.92,0.23,215.0,cubic,4,3,1,False,False,False,0.131,4.0
Zn2MnPd,Full,1.34,1.27,1.37,,Fm-3m,-0.246,0.07,0.88,0.22,325.0,cubic,4,3,1,False,False,False,0.07,4.0
Zr2CoSn,Full,1.6,1.25,0.0,,I4/mmm,-0.059,0.02,3.08,0.77,498.0,tetragonal,4,3,1,False,False,False,0.02,4.0
Zr2FeSn,Full,1.6,1.26,0.0,,I4/mmm,-0.108,0.15,3.22,0.805,475.0,tetragonal,4,3,1,False,False,False,0.15,4.0
Zr2MnSn,Full,1.6,1.27,0.0,,Fm-3m,-0.12,0.128,3.81,0.9525,591.0,cubic,4,3,1,False,False,False,0.128,4.0
Zr2NiSn,Full,1.6,1.24,0.0,,Fm-3m,-0.068,0.052,1.82,0.455,255.0,cubic,4,3,1,False,False,False,0.052,4.0
Zr2TiAl,Full,1.6,1.47,1.43,,I4/mmm,-0.08,0.108,0.89,0.2225,337.0,tetragonal,4,3,1,False,False,False,0.108,4.0
Zr2TiGa,Full,1.6,1.47,1.35,,Fm-3m,-0.1,0.014,1.07,0.2675,245.0,cubic,4,3,1,False,False,False,0.014,4.0
Zr2TiGe,Full,1.6,1.47,1.22,,I4/mmm,-0.095,0.105,0.93,0.2325,258.0,tetragonal,4,3,1,False,False,False,0.105,4.0
Zr2TiSi,Full,1.6,1.47,1.11,,Fm-3m,-0.108,0.099,0.72,0.18,238.0,cubic,4,3,1,False,False,False,0.099,4.0
Co2CoAl,Half,1.25,1.25,1.43,,F-43m,-0.06558,0.100027,1.351416,0.450472,558.0,cubic,4,2,1,False,True,False,0.100027,3.0
Co2CoGa,Half,1.25,1.25,1.35,,F-43m,-0.22403,0.115323,1.552327,0.517442,560.0,cubic,4,2,1,False,True,False,0.115323,3.0
Co2CoGe,Half,1.25,1.25,1.22,,I-4m2,-0.1233,0.082143,1.954938,0.325823,681.0,tetragonal,4,2,1,False,True,False,0.082143,6.0
Co2CoIn,Half,1.25,1.25,1.67,,F-43m,-0.13586,0.0,2.129787,0.709929,687.0,cubic,4,2,1,False,True,True,0.0,3.0
Co2CoSi,Half,1.25,1.25,1.11,,F-43m,-0.12755,0.205517,2.186053,0.728684,734.0,cubic,4,2,1,False,True,False,0.205517,3.0
Co2CrIn,Half,1.25,1.28,1.67,,F-43m,-0.01003,0.182887,1.353869,0.45129,545.0,cubic,4,3,1,False,False,False,0.182887,3.0
Co2CrSi,Half,1.25,1.28,1.11,,I-4m2,-0.20589,0.047769,2.852507,0.475418,951.0,tetragonal,4,3,1,False,False,False,0.047769,6.0
Co2CuGe,Half,1.25,1.28,1.22,,I-4m2,-0.06644,0.132231,2.356314,0.392719,723.0,tetragonal,4,3,1,False,False,False,0.132231,6.0
Co2CuIn,Half,1.25,1.28,1.67,,F-43m,-0.13222,0.07124,2.577943,0.859314,871.0,cubic,4,3,1,False,False,False,0.07124,3.0
Co2CuSi,Half,1.25,1.28,1.11,,I-4m2,-0.13625,0.133195,1.412203,0.235367,612.0,tetragonal,4,3,1,False,False,False,0.133195,6.0
Co2FeAl,Half,1.25,1.26,1.43,,F-43m,-0.11145,0.132836,2.274442,0.758147,748.0,cubic,4,3,1,False,False,False,0.132836,3.0
Co2FeIn,Half,1.25,1.26,1.67,,F-43m,-0.11639,0.136411,3.028272,1.009424,929.0,cubic,4,3,1,False,False,False,0.136411,3.0
Co2MnGa,Half,1.25,1.27,1.35,,F-43m,-0.16847,0.187196,1.330697,0.443566,535.0,cubic,4,3,1,False,False,False,0.187196,3.0
Co2MnIn,Half,1.25,1.27,1.67,,F-43m,-0.13526,0.071257,1.113248,0.371083,522.0,cubic,4,3,1,False,False,False,0.071257,3.0
Co2MnSi,Half,1.25,1.27,1.11,,F-43m,-0.25052,0.148792,1.860519,0.620173,711.0,cubic,4,3,1,False,False,False,0.148792,3.0
Co2NiIn,Half,1.25,1.24,1.67,,F-43m,-0.04801,0.139091,1.431157,0.477052,585.0,cubic,4,3,1,False,False,False,0.139091,3.0
Co2VAl,Half,1.25,1.34,1.43,,I-4m2,-0.17354,0.068318,1.746462,0.291077,582.0,tetragonal,4,3,1,False,False,False,0.068318,6.0
Co2VGa,Half,1.25,1.34,1.35,,F-43m,-0.22394,0.153412,2.517625,0.839208,757.0,cubic,4,3,1,False,False,False,0.153412,3.0
Co2VGe,Half,1.25,1.34,1.22,,F-43m,-0.07592,0.139336,1.231738,0.410579,560.0,cubic,4,3,1,False,False,False,0.139336,3.0
Co2VIn,Half,1.25,1.34,1.67,,F-43m,-0.2898,0.092317,2.474223,0.824741,799.0,cubic,4,3,1,False,False,False,0.092317,3.0
Co2VSi,Half,1.25,1.34,1.11,,I-4m2,-0.01612,0.180428,1.350209,0.225035,610.0,tetragonal,4,3,1,False,False,False,0.180428,6.0
Co2ZrAl,Half,1.25,1.6,1.43,,F-43m,-0.27518,0.105721,1.868276,0.622759,658.0,cubic,4,3,1,False,False,False,0.105721,3.0
Co2ZrGa,Half,1.25,1.6,1.35,,F-43m,-0.18753,0.138678,1.646353,0.548784,687.0,cubic,4,3,1,False,False,False,0.138678,3.0
Co2ZrGe,Half,1.25,1.6,1.22,,F-43m,-0.17811,0.193805,1.590786,0.530262,643.0,cubic,4,3,1,False,False,False,0.193805,3.0
Co2ZrIn,Half,1.25,1.6,1.67,,F-43m,-0.16953,0.097642,1.932752,0.644251,758.0,cubic,4,3,1,False,False,False,0.097642,3.0
Co2ZrSi,Half,1.25,1.6,1.11,,I-4m2,-0.09962,0.164285,3.010025,0.501671,918.0,tetragonal,4,3,1,False,False,False,0.164285,6.0
CoCrAs,Half,1.25,1.28,1.19,,I-4m2,-0.04414,0.092295,1.767168,0.294528,770.0,tetragonal,3,3,1,False,False,False,0.092295,6.0
CoFeAs,Half,1.25,1.26,1.19,,I-4m2,-0.29301,0.026766,1.665399,0.277566,710.0,tetragonal,3,3,1,False,False,False,0.026766,6.0
CoFeGe,Half,1.25,1.26,1.22,,I-4m2,-0.12144,0.058425,2.4498,0.4083,830.0,tetragonal,3,3,1,False,False,False,0.058425,6.0
CoFeSb,Half,1.25,1.26,1.59,,F-43m,-0.14832,0.140917,1.844867,0.614956,662.0,cubic,3,3,1,False,False,False,0.140917,3.0
CoFeSi,Half,1.25,1.26,1.11,,I-4m2,-0.09505,0.104258,2.219664,0.369944,719.0,tetragonal,3,3,1,False,False,False,0.104258,6.0
CoMnSb,Half,1.25,1.27,1.59,,F-43m,-0.13408,0.063987,2.034901,0.6783,712.0,cubic,3,3,1,False,False,False,0.063987,3.0
Cr2CoGa,Half,1.28,1.25,1.35,,I-4m2,-0.09105,0.08312,2.033495,0.338916,628.0,tetragonal,4,3,1,False,False,False,0.08312,6.0
Cr2CoIn,Half,1.28,1.25,1.67,,F-43m,-0.10464,0.020011,3.207395,1.069132,958.0,cubic,4,3,1,False,False,False,0.020011,3.0
Cr2CrAl,Half,1.28,1.28,1.43,,F-43m,-0.12739,0.085079,2.803673,0.934558,897.0,cubic,4,2,1,False,True,False,0.085079,3.0
Cr2CrGa,Half,1.28,1.28,1.35,,F-43m,-0.1239,0.101819,1.952814,0.650938,731.0,cubic,4,2,1,False,True,False,0.101819,3.0
Cr2CrGe,Half,1.28,1.28,1.22,,I-4m2,-0.10291,0.200194,2.197336,0.366223,761.0,tetragonal,4,2,1,False,True,False,0.200194,6.0
Cr2CrIn,Half,1.28,1.28,1.67,,I-4m2,-0.12529,0.202133,2.120377,0.353396,752.0,tetragonal,4,2,1,False,True,False,0.202133,6.0
Cr2CrSi,Half,1.28,1.28,1.11,,F-43m,-0.07798,0.062657,2.239045,0.746348,746.0,cubic,4,2,1,False,True,False,0.062657,3.0
Cr2CuAl,Half,1.28,1.28,1.43,,F-43m,-0.19372,0.069057,2.148991,0.71633,719.0,cubic,4,3,1,False,False,False,0.069057,3.0
Cr2CuGa,Half,1.28,1.28,1.35,,F-43m,-0.03702,0.095222,2.226186,0.742062,766.0,cubic,4,3,1,False,False,False,0.095222,3.0
Cr2CuGe,Half,1.28,1.28,1.22,,F-43m,-0.18987,0.159561,2.272909,0.757636,726.0,cubic,4,3,1,False,False,False,0.159561,3.0
Cr2CuIn,Half,1.28,1.28,1.67,,F-43m,-0.14738,0.083985,2.896461,0.965487,839.0,cubic,4,3,1,False,False,False,0.083985,3.0
Cr2FeGa,Half,1.28,1.26,1.35,,I-4m2,-0.05411,0.0,1.373326,0.228888,504.0,tetragonal,4,3,1,False,False,True,0.0,6.0
Cr2FeGe,Half,1.28,1.26,1.22,,F-43m,-0.22987,0.118108,2.38304,0.794347,771.0,cubic,4,3,1,False,False,False,0.118108,3.0
Cr2FeIn,Half,1.28,1.26,1.67,,I-4m2,-0.12415,0.091144,1.766982,0.294497,679.0,tetragonal,4,3,1,False,False,False,0.091144,6.0
Cr2FeSi,Half,1.28,1.26,1.11,,F-43m,-0.15413,0.112341,1.810773,0.603591,654.0,cubic,4,3,1,False,False,False,0.112341,3.0
Cr2MnGe,Half,1.28,1.27,1.22,,I-4m2,-0.09544,0.0,2.400468,0.400078,735.0,tetragonal,4,3,1,False,False,True,0.0,6.0
Cr2MnIn,Half,1.28,1.27,1.67,,F-43m,0.02714,0.082239,2.063225,0.687742,805.0,cubic,4,3,1,False,False,False,0.082239,3.0
Cr2NiIn,Half,1.28,1.24,1.67,,F-43m,-0.15623,0.089171,3.596554,1.198851,981.0,cubic,4,3,1,False,False,False,0.089171,3.0
Cr2VGa,Half,1.28,1.34,1.35,,I-4m2,-0.21054,0.014691,2.750667,0.458444,837.0,tetragonal,4,3,1,False,False,False,0.014691,6.0
Cr2VIn,Half,1.28,1.34,1.67,,F-43m,-0.19667,0.102316,2.727809,0.90927,882.0,cubic,4,3,1,False,False,False,0.102316,3.0
Cr2VSi,Half,1.28,1.34,1.11,,F-43m,-0.21714,0.037311,1.016822,0.338941,448.0,cubic,4,3,1,False,False,False,0.037311,3.0
Cr2ZrAl,Half,1.28,1.6,1.43,,I-4m2,-0.05263,0.191279,2.499155,0.416526,820.0,tetragonal,4,3,1,False,False,False,0.191279,6.0
Cr2ZrGa,Half,1.28,1.6,1.35,,F-43m,-0.21321,0.17168,1.43931,0.47977,614.0,cubic,4,3,1,False,False,False,0.17168,3.0
Cr2ZrGe,Half,1.28,1.6,1.22,,F-43m,-0.06143,0.092777,0.913665,0.304555,455.0,cubic,4,3,1,False,False,False,0.092777,3.0
Cr2ZrIn,Half,1.28,1.6,1.67,,F-43m,-0.13989,0.216336,1.499834,0.499945,625.0,cubic,4,3,1,False,False,False,0.216336,3.0
Cr2ZrSi,Half,1.28,1.6,1.11,,F-43m,-0.0966,0.027275,2.417116,0.805705,815.0,cubic,4,3,1,False,False,False,0.027275,3.0
CrMnAs,Half,1.28,1.27,1.19,,F-43m,-0.0387,0.144991,0.003744,0.003744,2243.9,cubic,3,3,2,True,False,False,0.144991,1.0
Cu2CoAl,Half,1.28,1.25,1.43,,F-43m,-0.29689,0.052931,2.572303,0.857434,860.0,cubic,4,3,1,False,False,False,0.052931,3.0
Cu2CoGa,Half,1.28,1.25,1.35,,F-43m,-0.20416,0.05364,2.415096,0.805032,805.0,cubic,4,3,1,False,False,False,0.05364,3.0
Cu2CoGe,Half,1.28,1.25,1.22,,F-43m,-0.17534,0.098645,1.907191,0.63573,685.0,cubic,4,3,1,False,False,False,0.098645,3.0
Cu2CoIn,Half,1.28,1.25,1.67,,I-4m2,-0.07661,0.0,2.91384,0.48564,844.0,tetragonal,4,3,1,False,False,True,0.0,6.0
Cu2CoSi,Half,1.28,1.25,1.11,,I-4m2,-0.09438,0.117025,1.506063,0.251011,663.0,tetragonal,4,3,1,False,False,False,0.117025,6.0
Cu2CrAl,Half,1.28,1.28,1.43,,F-43m,-0.25155,0.202151,2.101164,0.700388,683.0,cubic,4,3,1,False,False,False,0.202151,3.0
Cu2CrGa,Half,1.28,1.28,1.35,,F-43m,-0.12808,0.109113,2.627406,0.875802,883.0,cubic,4,3,1,False,False,False,0.109113,3.0
Cu2CrGe,Half,1.28,1.28,1.22,,F-43m,-0.12109,0.022412,2.286195,0.762065,663.0,cubic,4,3,1,False,False,False,0.022412,3.0
Cu2CrIn,Half,1.28,1.28,1.67,,F-43m,-0.15453,0.173138,1.024449,0.341483,413.0,cubic,4,3,1,False,False,False,0.173138,3.0
Cu2CrSi,Half,1.28,1.28,1.11,,I-4m2,-0.04536,0.029271,2.673335,0.445556,838.0,tetragonal,4,3,1,False,False,False,0.029271,6.0
Cu2CuAl,Half,1.28,1.28,1.43,,F-43m,-0.2538,0.054529,2.012429,0.67081,732.0,cubic,4,2,1,False,True,False,0.054529,3.0
Cu2CuGa,Half,1.28,1.28,1.35,,I-4m2,-0.27492,0.190205,1.83494,0.305823,635.0,tetragonal,4,2,1,False,True,False,0.190205,6.0
Cu2CuGe,Half,1.28,1.28,1.22,,F-43m,-0.15001,0.165,2.372515,0.790838,751.0,cubic,4,2,1,False,True,False,0.165,3.0
Cu2CuIn,Half,1.28,1.28,1.67,,I-4m2,-0.06448,0.105471,1.719027,0.286504,602.0,tetragonal,4,2,1,False,True,False,0.105471,6.0
Cu2CuSi,Half,1.28,1.28,1.11,,F-43m,-0.05901,0.120313,1.531037,0.510346,554.0,cubic,4,2,1,False,True,False,0.120313,3.0
Cu2FeAl,Half,1.28,1.26,1.43,,I-4m2,-0.23308,0.002123,1.381287,0.230214,642.0,tetragonal,4,3,1,False,False,False,0.002123,6.0
Cu2FeGa,Half,1.28,1.26,1.35,,F-43m,-0.16357,0.051618,1.327208,0.442403,522.0,cubic,4,3,1,False,False,False,0.051618,3.0
Cu2FeGe,Half,1.28,1.26,1.22,,F-43m,-0.0785,0.153577,2.91481,0.971603,918.0,cubic,4,3,1,False,False,False,0.153577,3.0
Cu2FeIn,Half,1.28,1.26,1.67,,I-4m2,-0.10134,0.020972,2.388014,0.398002,739.0,tetragonal,4,3,1,False,False,False,0.020972,6.0
Cu2FeSi,Half,1.28,1.26,1.11,,F-43m,-0.10868,0.15838,1.812253,0.604084,686.0,cubic,4,3,1,False,False,False,0.15838,3.0
Cu2MnGe,Half,1.28,1.27,1.22,,F-43m,-0.09915,0.067075,1.007269,0.335756,535.0,cubic,4,3,1,False,False,False,0.067075,3.0
Cu2MnIn,Half,1.28,1.27,1.67,,I-4m2,-0.14225,0.069769,2.172192,0.362032,647.0,tetragonal,4,3,1,False,False,False,0.069769,6.0
Cu2MnSi,Half,1.28,1.27,1.11,,F-43m,-0.17141,0.150806,0.936386,0.312129,457.0,cubic,4,3,1,False,False,False,0.150806,3.0
Cu2NiAl,Half,1.28,1.24,1.43,,F-43m,-0.13484,0.160447,1.372539,0.457513,621.0,cubic,4,3,1,False,False,False,0.160447,3.0
Cu2NiGa,Half,1.28,1.24,1.35,,F-43m,-0.1343,0.052131,2.314191,0.771397,709.0,cubic,4,3,1,False,False,False,0.052131,3.0
Cu2NiGe,Half,1.28,1.24,1.22,,F-43m,-0.18024,0.113887,2.323245,0.774415,721.0,cubic,4,3,1,False,False,False,0.113887,3.0
Cu2NiIn,Half,1.28,1.24,1.67,,F-43m,-0.29863,0.136195,2.149079,0.71636,782.0,cubic,4,3,1,False,False,False,0.136195,3.0
Cu2NiSi,Half,1.28,1.24,1.11,,F-43m,-0.09779,0.031739,2.606304,0.868768,879.0,cubic,4,3,1,False,False,False,0.031739,3.0
Cu2VAl,Half,1.28,1.34,1.43,,F-43m,-0.19111,0.031161,1.843789,0.614596,671.0,cubic,4,3,1,False,False,False,0.031161,3.0
Cu2VGa,Half,1.28,1.34,1.35,,F-43m,-0.22702,0.087603,2.305108,0.768369,731.0,cubic,4,3,1,False,False,False,0.087603,3.0
Cu2VGe,Half,1.28,1.34,1.22,,I-4m2,-0.06855,0.100855,1.211824,0.201971,529.0,tetragonal,4,3,1,False,False,False,0.100855,6.0
Cu2VIn,Half,1.28,1.34,1.67,,F-43m,-0.05849,0.124198,2.213809,0.737936,811.0,cubic,4,3,1,False,False,False,0.124198,3.0
Cu2ZrAl,Half,1.28,1.6,1.43,,F-43m,-0.11668,0.096766,1.508848,0.502949,717.0,cubic,4,3,1,False,False,False,0.096766,3.0
Cu2ZrGa,Half,1.28,1.6,1.35,,I-4m2,-0.25163,0.218252,1.990266,0.331711,644.0,tetragonal,4,3,1,False,False,False,0.218252,6.0
Cu2ZrGe,Half,1.28,1.6,1.22,,F-43m,-0.09569,0.09178,1.740302,0.580101,669.0,cubic,4,3,1,False,False,False,0.09178,3.0
Cu2ZrIn,Half,1.28,1.6,1.67,,F-43m,-0.03803,0.019472,1.317088,0.439029,588.0,cubic,4,3,1,False,False,False,0.019472,3.0
Cu2ZrSi,Half,1.28,1.6,1.11,,F-43m,-0.16245,0.145972,2.505207,0.835069,742.0,cubic,4,3,1,False,False,False,0.145972,3.0
Fe2As,Half,1.26,1.19,0.0,,I-4m2,-0.24896,0.020773,2.260971,0.376828,764.0,tetragonal,3,2,1,False,True,False,0.020773,6.0
Fe2CoIn,Half,1.26,1.25,1.67,,F-43m,-0.0397,0.02531,1.644959,0.54832,552.0,cubic,4,3,1,False,False,False,0.02531,3.0
Fe2CrIn,Half,1.26,1.28,1.67,,I-4m2,-0.09073,0.069207,1.8857,0.314283,549.0,tetragonal,4,3,1,False,False,False,0.069207,6.0
Fe2CuGe,Half,1.26,1.28,1.22,,F-43m,-0.15482,0.127288,2.387066,0.795689,787.0,cubic,4,3,1,False,False,False,0.127288,3.0
Fe2CuIn,Half,1.26,1.28,1.67,,F-43m,-0.07607,0.074642,2.338299,0.779433,794.0,cubic,4,3,1,False,False,False,0.074642,3.0
Fe2CuSi,Half,1.26,1.28,1.11,,I-4m2,-0.01604,0.099664,2.334371,0.389062,747.0,tetragonal,4,3,1,False,False,False,0.099664,6.0
Fe2FeAl,Half,1.26,1.26,1.43,,F-43m,0.01189,0.100408,1.90498,0.634993,671.0,cubic,4,2,1,False,True,False,0.100408,3.0
Fe2FeGa,Half,1.26,1.26,1.35,,F-43m,-0.15664,0.087955,1.383929,0.46131,595.0,cubic,4,2,1,False,True,False,0.087955,3.0
Fe2FeGe,Half,1.26,1.26,1.22,,F-43m,-0.15006,0.024976,2.302258,0.767419,737.0,cubic,4,2,1,False,True,False,0.024976,3.0
Fe2FeIn,Half,1.26,1.26,1.67,,I-4m2,-0.25905,0.111382,1.669009,0.278168,634.0,tetragonal,4,2,1,False,True,False,0.111382,6.0
Fe2FeSi,Half,1.26,1.26,1.11,,F-43m,-0.22692,0.149851,2.696236,0.898745,850.0,cubic,4,2,1,False,True,False,0.149851,3.0
Fe2MnAl,Half,1.26,1.27,1.43,,I-4m2,-0.12955,0.15932,1.324277,0.220713,598.0,tetragonal,4,3,1,False,False,False,0.15932,6.0
Fe2MnIn,Half,1.26,1.27,1.67,,F-43m,-0.202,0.060272,1.701096,0.567032,590.0,cubic,4,3,1,False,False,False,0.060272,3.0
Fe2NiIn,Half,1.26,1.24,1.67,,I-4m2,-0.14727,0.034765,1.457087,0.242848,533.0,tetragonal,4,3,1,False,False,False,0.034765,6.0
Fe2VAl,Half,1.26,1.34,1.43,,F-43m,-0.05995,0.083621,1.61123,0.537077,597.0,cubic,4,3,1,False,False,False,0.083621,3.0
Fe2VGa,Half,1.26,1.34,1.35,,I-4m2,-0.16099,0.123428,1.948389,0.324732,660.0,tetragonal,4,3,1,False,False,False,0.123428,6.0
Fe2VIn,Half,1.26,1.34,1.67,,F-43m,-0.10822,0.051016,2.095753,0.698584,666.0,cubic,4,3,1,False,False,False,0.051016,3.0
Fe2ZrAl,Half,1.26,1.6,1.43,,F-43m,-0.20283,0.14193,2.210486,0.736829,715.0,cubic,4,3,1,False,False,False,0.14193,3.0
Fe2ZrGa,Half,1.26,1.6,1.35,,F-43m,-0.23937,0.039274,2.188287,0.729429,705.0,cubic,4,3,1,False,False,False,0.039274,3.0
Fe2ZrGe,Half,1.26,1.6,1.22,,F-43m,-0.16247,0.067103,2.080009,0.693336,771.0,cubic,4,3,1,False,False,False,0.067103,3.0
Fe2ZrIn,Half,1.26,1.6,1.67,,F-43m,-0.1291,0.077843,2.071694,0.690565,734.0,cubic,4,3,1,False,False,False,0.077843,3.0
Fe2ZrSi,Half,1.26,1.6,1.11,,I-4m2,-0.21948,0.058888,1.924222,0.320704,731.0,tetragonal,4,3,1,False,False,False,0.058888,6.0
FeCrAs,Half,1.26,1.28,1.19,,I-4m2,-0.14451,0.036262,2.236796,0.372799,824.0,tetragonal,3,3,1,False,False,False,0.036262,6.0
FeHfAs,Half,1.26,1.59,1.19,,F-43m,-0.10433,0.168134,2.477001,0.825667,779.0,cubic,3,3,1,False,False,False,0.168134,3.0
FeHfBi,Half,1.26,1.59,1.7,,I-4m2,-0.04093,0.149726,2.007572,0.334595,753.0,tetragonal,3,3,1,False,False,False,0.149726,6.0
FeHfSb,Half,1.26,1.59,1.59,,I-4m2,-0.14486,0.035335,1.642348,0.273725,591.0,tetragonal,3,3,1,False,False,False,0.035335,6.0
FeHfSn,Half,1.26,1.59,0.0,,I-4m2,-0.15317,0.06792,1.105752,0.184292,500.0,tetragonal,3,3,1,False,False,False,0.06792,6.0
FeMnGe,Half,1.26,1.27,1.22,,F-43m,-0.17854,0.133367,2.52193,0.840643,872.0,cubic,3,3,1,False,False,False,0.133367,3.0
FeNbGe,Half,1.26,1.46,1.22,,F-43m,-0.08784,0.162734,1.828929,0.609643,640.0,cubic,3,3,1,False,False,False,0.162734,3.0
FeNbSi,Half,1.26,1.46,1.11,,F-43m,-0.23567,0.128948,1.888269,0.629423,701.0,cubic,3,3,1,False,False,False,0.128948,3.0
FeNbSn,Half,1.26,1.46,0.0,,F-43m,-0.22071,0.109224,2.029104,0.676368,723.0,cubic,3,3,1,False,False,False,0.109224,3.0
FePdAs,Half,1.26,1.37,1.19,,F-43m,-0.03944,0.154307,1.698048,0.566016,652.0,cubic,3,3,1,False,False,False,0.154307,3.0
FeTaGe,Half,1.26,1.46,1.22,,F-43m,-0.04869,0.122638,2.825675,0.941892,957.0,cubic,3,3,1,False,False,False,0.122638,3.0
FeTaSi,Half,1.26,1.46,1.11,,I-4m2,-0.1096,0.151945,1.399852,0.233309,556.0,tetragonal,3,3,1,False,False,False,0.151945,6.0
FeTaSn,Half,1.26,1.46,0.0,,I-4m2,-0.08803,0.044384,1.970237,0.328373,642.0,tetragonal,3,3,1,False,False,False,0.044384,6.0
FeTiAs,Half,1.26,1.47,1.19,,F-43m,-0.14959,0.085925,1.292315,0.430772,541.0,cubic,3,3,1,False,False,False,0.085925,3.0
FeTiBi,Half,1.26,1.47,1.7,,I-4m2,-0.12588,0.097917,1.415661,0.235943,620.0,tetragonal,3,3,1,False,False,False,0.097917,6.0
FeTiSb,Half,1.26,1.47,1.59,,F-43m,-0.31179,0.043417,2.701979,0.90066,756.0,cubic,3,3,1,False,False,False,0.043417,3.0
FeVGe,Half,1.26,1.34,1.22,,I-4m2,-0.03861,0.047162,2.038447,0.339741,753.0,tetragonal,3,3,1,False,False,False,0.047162,6.0
FeZrAs,Half,1.26,1.6,1.19,,F-43m,-0.08221,0.11049,1.391573,0.463858,644.0,cubic,3,3,1,False,False,False,0.11049,3.0
FeZrBi,Half,1.26,1.6,1.7,,I-4m2,-0.16917,0.172563,2.26898,0.378163,758.0,tetragonal,3,3,1,False,False,False,0.172563,6.0
FeZrSb,Half,1.26,1.6,1.59,,I-4m2,-0.21565,0.157803,2.20639,0.367732,836.0,tetragonal,3,3,1,False,False,False,0.157803,6.0
Mn2As,Half,1.27,1.19,0.0,,F-43m,-0.23103,0.118855,1.545988,0.515329,682.0,cubic,3,2,1,False,True,False,0.118855,3.0
Mn2CoIn,Half,1.27,1.25,1.67,,I-4m2,-0.13083,0.154235,1.230167,0.205028,572.0,tetragonal,4,3,1,False,False,False,0.154235,6.0
Mn2CrAl,Half,1.27,1.28,1.43,,F-43m,-0.02102,0.178895,2.819982,0.939994,867.0,cubic,4,3,1,False,False,False,0.178895,3.0
Mn2CrGa,Half,1.27,1.28,1.35,,I-4m2,-0.11606,0.1086,2.739539,0.45659,962.0,tetragonal,4,3,1,False,False,False,0.1086,6.0
Mn2CrIn,Half,1.27,1.28,1.67,,I-4m2,-0.19894,0.097778,1.785349,0.297558,586.0,tetragonal,4,3,1,False,False,False,0.097778,6.0
Mn2CrSi,Half,1.27,1.28,1.11,,F-43m,-0.20355,0.087704,2.003434,0.667811,671.0,cubic,4,3,1,False,False,False,0.087704,3.0
Mn2CuIn,Half,1.27,1.28,1.67,,I-4m2,-0.11629,0.06437,2.348551,0.391425,798.0,tetragonal,4,3,1,False,False,False,0.06437,6.0
Mn2FeIn,Half,1.27,1.26,1.67,,F-43m,-0.08652,0.0,2.65217,0.884057,882.0,cubic,4,3,1,False,False,True,0.0,3.0
Mn2FeSi,Half,1.27,1.26,1.11,,F-43m,-0.24716,0.042136,1.784922,0.594974,648.0,cubic,4,3,1,False,False,False,0.042136,3.0
Mn2Ge,Half,1.27,1.22,0.0,,I-4m2,-0.06916,0.065147,1.737415,0.289569,601.0,tetragonal,3,2,1,False,True,False,0.065147,6.0
Mn2MnAl,Half,1.27,1.27,1.43,,F-43m,-0.06391,0.076053,1.673552,0.557851,541.0,cubic,4,2,1,False,True,False,0.076053,3.0
Mn2MnGa,Half,1.27,1.27,1.35,,F-43m,-0.2765,0.153702,1.758469,0.586156,732.0,cubic,4,2,1,False,True,False,0.153702,3.0
Mn2MnGe,Half,1.27,1.27,1.22,,F-43m,-0.14533,0.055313,1.151451,0.383817,664.0,cubic,4,2,1,False,True,False,0.055313,3.0
Mn2MnIn,Half,1.27,1.27,1.67,,I-4m2,-0.22105,0.081587,2.760699,0.460117,877.0,tetragonal,4,2,1,False,True,False,0.081587,6.0
Mn2MnSi,Half,1.27,1.27,1.11,,F-43m,-0.03713,0.094085,2.009425,0.669808,713.0,cubic,4,2,1,False,True,False,0.094085,3.0
Mn2Sb,Half,1.27,1.59,0.0,,I-4m2,-0.14022,0.069074,1.699873,0.283312,654.0,tetragonal,3,2,1,False,True,False,0.069074,6.0
Mn2Si,Half,1.27,1.11,0.0,,F-43m,-0.18885,0.182075,0.020753,0.010376,1136.7,cubic,3,2,1,False,True,False,0.182075,2.0
Mn2VAl,Half,1.27,1.34,1.43,,F-43m,-0.11627,0.073887,2.375293,0.791764,790.0,cubic,4,3,1,False,False,False,0.073887,3.0
Mn2VGa,Half,1.27,1.34,1.35,,F-43m,-0.19288,0.148483,2.183644,0.727881,725.0,cubic,4,3,1,False,False,False,0.148483,3.0
Mn2VGe,Half,1.27,1.34,1.22,,I-4m2,0.065,0.0,1.656033,0.276006,613.0,tetragonal,4,3,1,False,False,True,0.0,6.0
Mn2VIn,Half,1.27,1.34,1.67,,I-4m2,-0.27851,0.146754,2.525055,0.420843,826.0,tetragonal,4,3,1,False,False,False,0.146754,6.0
Mn2VSi,Half,1.27,1.34,1.11,,F-43m,-0.16351,0.104203,2.580939,0.860313,828.0,cubic,4,3,1,False,False,False,0.104203,3.0
Mn2ZrAl,Half,1.27,1.6,1.43,,F-43m,-0.21153,0.043606,2.414737,0.804912,769.0,cubic,4,3,1,False,False,False,0.043606,3.0
Mn2ZrGe,Half,1.27,1.6,1.22,,I-4m2,-0.21579,0.167262,2.000104,0.333351,683.0,tetragonal,4,3,1,False,False,False,0.167262,6.0
Mn2ZrSi,Half,1.27,1.6,1.11,,F-43m,-0.24245,0.103916,1.630599,0.543533,534.0,cubic,4,3,1,False,False,False,0.103916,3.0
MnCrAs,Half,1.27,1.28,1.19,,F-43m,-0.13338,0.050315,0.0,0.0,1690.2,cubic,3,3,2,True,False,False,0.050315,
MnHfSb,Half,1.27,1.59,1.59,,F-43m,-0.06972,0.121698,1.67744,0.559147,712.0,cubic,3,3,1,False,False,False,0.121698,3.0
MnMoGe,Half,1.27,1.39,1.22,,F-43m,-0.27065,0.165979,1.911134,0.637045,741.0,cubic,3,3,1,False,False,False,0.165979,3.0
MnNbAs,Half,1.27,1.46,1.19,,F-43m,-0.23073,0.005002,2.38685,0.795617,710.0,cubic,3,3,1,False,False,False,0.005002,3.0
MnNbSb,Half,1.27,1.46,1.59,,F-43m,-0.18081,0.059385,2.305838,0.768613,807.0,cubic,3,3,1,False,False,False,0.059385,3.0
MnTaAs,Half,1.27,1.46,1.19,,F-43m,-0.18189,0.096348,1.290625,0.430208,603.0,cubic,3,3,1,False,False,False,0.096348,3.0
MnTaSb,Half,1.27,1.46,1.59,,I-4m2,-0.21468,0.069895,2.457701,0.409617,765.0,tetragonal,3,3,1,False,False,False,0.069895,6.0
MnVAs,Half,1.27,1.34,1.19,,I-4m2,-0.28192,0.078998,2.001077,1.000539,873.8,tetragonal,3,3,1,False,False,False,0.078998,2.0
MnVSb,Half,1.27,1.34,1.59,,I-4m2,-0.08165,0.10799,1.978606,0.989303,1430.3,tetragonal,3,3,1,False,False,False,0.10799,2.0
MnWSi,Half,1.27,1.39,1.11,,F-43m,-0.13596,0.081443,2.336563,0.778854,748.0,cubic,3,3,1,False,False,False,0.081443,3.0
MnZrSb,Half,1.27,1.6,1.59,,F-43m,-0.23462,0.149353,1.389578,0.463193,479.0,cubic,3,3,1,False,False,False,0.149353,3.0
Nb2VAl,Half,1.46,1.34,1.43,,F-43m,-0.21083,0.092396,1.642468,0.547489,707.0,cubic,4,3,1,False,False,False,0.092396,3.0
Nb2VGa,Half,1.46,1.34,1.35,,I-4m2,-0.15633,0.065253,1.759583,0.293264,626.0,tetragonal,4,3,1,False,False,False,0.065253,6.0
Nb2VGe,Half,1.46,1.34,1.22,,I-4m2,0.02634,0.053777,1.384931,0.230822,634.0,tetragonal,4,3,1,False,False,False,0.053777,6.0
Nb2VIn,Half,1.46,1.34,1.67,,F-43m,-0.00249,0.025883,1.438923,0.479641,546.0,cubic,4,3,1,False,False,False,0.025883,3.0
Nb2VSi,Half,1.46,1.34,1.11,,I-4m2,-0.2633,0.030931,0.580461,0.096743,463.0,tetragonal,4,3,1,False,False,False,0.030931,6.0
Ni2CoGe,Half,1.24,1.25,1.22,,F-43m,-0.13007,0.04639,1.592703,0.530901,679.0,cubic,4,3,1,False,False,False,0.04639,3.0
Ni2CoIn,Half,1.24,1.25,1.67,,F-43m,0.00514,0.01594,2.585831,0.861944,787.0,cubic,4,3,1,False,False,False,0.01594,3.0
Ni2CoSi,Half,1.24,1.25,1.11,,F-43m,-0.13277,0.130496,3.963119,1.32104,1178.0,cubic,4,3,1,False,False,False,0.130496,3.0
Ni2CrGe,Half,1.24,1.28,1.22,,F-43m,-0.17049,0.08551,1.969118,0.656373,737.0,cubic,4,3,1,False,False,False,0.08551,3.0
Ni2CrIn,Half,1.24,1.28,1.67,,F-43m,-0.12975,0.149221,1.983194,0.661065,670.0,cubic,4,3,1,False,False,False,0.149221,3.0
Ni2CrSi,Half,1.24,1.28,1.11,,F-43m,-0.12532,0.060023,1.911153,0.637051,646.0,cubic,4,3,1,False,False,False,0.060023,3.0
Ni2CuAl,Half,1.24,1.28,1.43,,F-43m,-0.08472,0.151912,2.083331,0.694444,751.0,cubic,4,3,1,False,False,False,0.151912,3.0
Ni2CuGa,Half,1.24,1.28,1.35,,I-4m2,-0.16892,0.168137,1.446853,0.241142,558.0,tetragonal,4,3,1,False,False,False,0.168137,6.0
Ni2CuGe,Half,1.24,1.28,1.22,,F-43m,-0.08125,0.128003,2.253183,0.751061,705.0,cubic,4,3,1,False,False,False,0.128003,3.0
Ni2CuIn,Half,1.24,1.28,1.67,,I-4m2,-0.01299,0.09624,1.074684,0.179114,433.0,tetragonal,4,3,1,False,False,False,0.09624,6.0
Ni2CuSi,Half,1.24,1.28,1.11,,F-43m,-0.0489,0.049221,2.27174,0.757247,767.0,cubic,4,3,1,False,False,False,0.049221,3.0
Ni2FeGe,Half,1.24,1.26,1.22,,I-4m2,-0.1925,0.129033,1.448854,0.241476,610.0,tetragonal,4,3,1,False,False,False,0.129033,6.0
Ni2FeIn,Half,1.24,1.26,1.67,,F-43m,-0.23778,0.064668,1.581369,0.527123,589.0,cubic,4,3,1,False,False,False,0.064668,3.0
Ni2FeSi,Half,1.24,1.26,1.11,,F-43m,-0.1446,0.126705,1.824991,0.60833,638.0,cubic,4,3,1,False,False,False,0.126705,3.0
Ni2MnGe,Half,1.24,1.27,1.22,,F-43m,-0.01378,0.095515,0.337622,0.112541,346.0,cubic,4,3,1,False,False,False,0.095515,3.0
Ni2MnSi,Half,1.24,1.27,1.11,,F-43m,-0.08487,0.128924,2.184367,0.728122,640.0,cubic,4,3,1,False,False,False,0.128924,3.0
Ni2NiAl,Half,1.24,1.24,1.43,,F-43m,-0.12132,0.056143,2.378961,0.792987,868.0,cubic,4,2,1,False,True,False,0.056143,3.0
Ni2NiGa,Half,1.24,1.24,1.35,,F-43m,-0.02729,0.108271,1.648636,0.549545,654.0,cubic,4,2,1,False,True,False,0.108271,3.0
Ni2NiGe,Half,1.24,1.24,1.22,,F-43m,-0.12408,0.031139,2.042605,0.680868,699.0,cubic,4,2,1,False,True,False,0.031139,3.0
Ni2NiIn,Half,1.24,1.24,1.67,,I-4m2,-0.08047,0.072668,1.55538,0.25923,654.0,tetragonal,4,2,1,False,True,False,0.072668,6.0
Ni2NiSi,Half,1.24,1.24,1.11,,F-43m,-0.25235,0.093484,1.600326,0.533442,557.0,cubic,4,2,1,False,True,False,0.093484,3.0
Ni2VAl,Half,1.24,1.34,1.43,,F-43m,-0.10516,0.011752,2.070585,0.690195,741.0,cubic,4,3,1,False,False,False,0.011752,3.0
Ni2VGa,Half,1.24,1.34,1.35,,F-43m,0.00633,0.069655,1.470546,0.490182,692.0,cubic,4,3,1,False,False,False,0.069655,3.0
Ni2VGe,Half,1.24,1.34,1.22,,F-43m,0.09496,0.033809,1.843729,0.614576,695.0,cubic,4,3,1,False,False,False,0.033809,3.0
Ni2VIn,Half,1.24,1.34,1.67,,F-43m,-0.08059,0.124246,1.489013,0.496338,616.0,cubic,4,3,1,False,False,False,0.124246,3.0
Ni2VSi,Half,1.24,1.34,1.11,,F-43m,-0.17681,0.12054,2.77708,0.925693,876.0,cubic,4,3,1,False,False,False,0.12054,3.0
Ni2ZrAl,Half,1.24,1.6,1.43,,F-43m,-0.14424,0.087267,1.524041,0.508014,617.0,cubic,4,3,1,False,False,False,0.087267,3.0
Ni2ZrGa,Half,1.24,1.6,1.35,,I-4m2,-0.18446,0.091236,2.06475,0.344125,636.0,tetragonal,4,3,1,False,False,False,0.091236,6.0
Ni2ZrGe,Half,1.24,1.6,1.22,,I-4m2,-0.18291,0.169234,1.065129,0.177522,522.0,tetragonal,4,3,1,False,False,False,0.169234,6.0
Ni2ZrIn,Half,1.24,1.6,1.67,,F-43m,-0.27378,0.164961,1.764438,0.588146,719.0,cubic,4,3,1,False,False,False,0.164961,3.0
Ni2ZrSi,Half,1.24,1.6,1.11,,F-43m,-0.23624,0.0618,1.965861,0.655287,754.0,cubic,4,3,1,False,False,False,0.0618,3.0
NiCrAs,Half,1.24,1.28,1.19,,I-4m2,-0.04831,0.146252,2.246343,0.374391,676.0,tetragonal,3,3,1,False,False,False,0.146252,6.0
NiCrSb,Half,1.24,1.28,1.59,,F-43m,-0.14899,0.105861,1.613495,0.537832,647.0,cubic,3,3,1,False,False,False,0.105861,3.0
NiFeGa,Half,1.24,1.26,1.35,,F-43m,-0.15916,0.174269,1.202786,0.400929,540.0,cubic,3,3,1,False,False,False,0.174269,3.0
NiFeGe,Half,1.24,1.26,1.22,,F-43m,-0.27793,0.017885,2.267746,0.755915,830.0,cubic,3,3,1,False,False,False,0.017885,3.0
NiMnAs,Half,1.24,1.27,1.19,,F-43m,-0.03187,0.142015,1.93385,0.644617,672.0,cubic,3,3,1,False,False,False,0.142015,3.0
NiMnGe,Half,1.24,1.27,1.22,,I-4m2,-0.21073,0.109024,2.170878,0.361813,781.0,tetragonal,3,3,1,False,False,False,0.109024,6.0
NiMnSi,Half,1.24,1.27,1.11,,F-43m,-0.05397,0.208965,1.944534,0.648178,616.0,cubic,3,3,1,False,False,False,0.208965,3.0
NiTiAl,Half,1.24,1.47,1.43,,F-43m,-0.29336,0.073194,2.602461,0.867487,859.0,cubic,3,3,1,False,False,False,0.073194,3.0
NiTiGa,Half,1.24,1.47,1.35,,F-43m,-0.22178,0.104548,1.661419,0.553806,624.0,cubic,3,3,1,False,False,False,0.104548,3.0
NiVAs,Half,1.24,1.34,1.19,,I-4m2,-0.13369,0.133547,2.436271,0.406045,763.0,tetragonal,3,3,1,False,False,False,0.133547,6.0
NiVSb,Half,1.24,1.34,1.59,,F-43m,-0.12513,0.188521,2.42883,0.80961,784.0,cubic,3,3,1,False,False,False,0.188521,3.0
RhFeGe,Half,1.34,1.26,1.22,,I-4m2,-0.14075,0.170758,2.033759,0.33896,794.0,tetragonal,3,3,1,False,False,False,0.170758,6.0
Sc2CoAl,Half,1.62,1.25,1.43,,F-43m,-0.14344,0.070756,2.20191,0.73397,699.0,cubic,4,3,1,False,False,False,0.070756,3.0
Sc2CoGa,Half,1.62,1.25,1.35,,F-43m,-0.11168,0.12002,2.51877,0.83959,790.0,cubic,4,3,1,False,False,False,0.12002,3.0
Sc2CoGe,Half,1.62,1.25,1.22,,F-43m,-0.14625,0.20693,2.295137,0.765046,781.0,cubic,4,3,1,False,False,False,0.20693,3.0
Sc2CoIn,Half,1.62,1.25,1.67,,F-43m,-0.19421,0.157831,2.486779,0.828926,847.0,cubic,4,3,1,False,False,False,0.157831,3.0
Sc2CoSi,Half,1.62,1.25,1.11,,F-43m,-0.2923,0.189763,2.327183,0.775728,779.0,cubic,4,3,1,False,False,False,0.189763,3.0
Sc2CrAl,Half,1.62,1.28,1.43,,F-43m,-0.13288,0.09326,1.889515,0.629838,715.0,cubic,4,3,1,False,False,False,0.09326,3.0
Sc2CrGe,Half,1.62,1.28,1.22,,F-43m,-0.2189,0.191387,2.269455,0.756485,744.0,cubic,4,3,1,False,False,False,0.191387,3.0
Sc2CrSi,Half,1.62,1.28,1.11,,I-4m2,-0.21186,0.078953,2.109111,0.351519,774.0,tetragonal,4,3,1,False,False,False,0.078953,6.0
Sc2CuAl,Half,1.62,1.28,1.43,,I-4m2,-0.03891,0.0,0.960812,0.160135,433.0,tetragonal,4,3,1,False,False,True,0.0,6.0
Sc2CuGa,Half,1.62,1.28,1.35,,I-4m2,-0.23885,0.205136,2.467839,0.411307,829.0,tetragonal,4,3,1,False,False,False,0.205136,6.0
Sc2CuGe,Half,1.62,1.28,1.22,,I-4m2,-0.2153,0.178946,1.123446,0.187241,454.0,tetragonal,4,3,1,False,False,False,0.178946,6.0
Sc2CuIn,Half,1.62,1.28,1.67,,I-4m2,-0.10996,0.036804,1.824659,0.30411,705.0,tetragonal,4,3,1,False,False,False,0.036804,6.0
Sc2CuSi,Half,1.62,1.28,1.11,,F-43m,-0.05725,0.035136,2.307968,0.769323,746.0,cubic,4,3,1,False,False,False,0.035136,3.0
Sc2FeAl,Half,1.62,1.26,1.43,,I-4m2,-0.08314,0.032218,2.264902,0.377484,629.0,tetragonal,4,3,1,False,False,False,0.032218,6.0
Sc2FeGa,Half,1.62,1.26,1.35,,I-4m2,-0.11096,0.194808,1.940075,0.323346,658.0,tetragonal,4,3,1,False,False,False,0.194808,6.0
Sc2FeGe,Half,1.62,1.26,1.22,,F-43m,-0.13115,0.146252,1.260707,0.420236,569.0,cubic,4,3,1,False,False,False,0.146252,3.0
Sc2FeSi,Half,1.62,1.26,1.11,,F-43m,-0.32843,0.163096,1.578228,0.526076,616.0,cubic,4,3,1,False,False,False,0.163096,3.0
Sc2MnAl,Half,1.62,1.27,1.43,,I-4m2,-0.0747,0.101661,2.063683,0.343947,700.0,tetragonal,4,3,1,False,False,False,0.101661,6.0
Sc2MnGe,Half,1.62,1.27,1.22,,I-4m2,-0.24113,0.116065,3.391889,0.565315,970.0,tetragonal,4,3,1,False,False,False,0.116065,6.0
Sc2MnSi,Half,1.62,1.27,1.11,,F-43m,-0.20301,0.134236,1.61837,0.539457,542.0,cubic,4,3,1,False,False,False,0.134236,3.0
Sc2NiAl,Half,1.62,1.24,1.43,,I-4m2,-0.1909,0.040624,1.937107,0.322851,742.0,tetragonal,4,3,1,False,False,False,0.040624,6.0
Sc2NiGa,Half,1.62,1.24,1.35,,F-43m,-0.06432,0.065032,2.426123,0.808708,773.0,cubic,4,3,1,False,False,False,0.065032,3.0
Sc2NiGe,Half,1.62,1.24,1.22,,F-43m,-0.14889,0.098552,2.099042,0.699681,691.0,cubic,4,3,1,False,False,False,0.098552,3.0
Sc2NiIn,Half,1.62,1.24,1.67,,I-4m2,-0.17077,0.009811,1.877128,0.312855,540.0,tetragonal,4,3,1,False,False,False,0.009811,6.0
Sc2NiSi,Half,1.62,1.24,1.11,,F-43m,-0.29759,0.038968,2.258335,0.752778,743.0,cubic,4,3,1,False,False,False,0.038968,3.0
Sc2VAl,Half,1.62,1.34,1.43,,F-43m,-0.03088,0.15267,1.783175,0.594392,570.0,cubic,4,3,1,False,False,False,0.15267,3.0
Sc2VGa,Half,1.62,1.34,1.35,,F-43m,-0.0926,0.190141,2.037047,0.679016,638.0,cubic,4,3,1,False,False,False,0.190141,3.0
Sc2VGe,Half,1.62,1.34,1.22,,I-4m2,-0.26473,0.088508,2.028737,0.338123,700.0,tetragonal,4,3,1,False,False,False,0.088508,6.0
Sc2VIn,Half,1.62,1.34,1.67,,F-43m,-0.17251,0.000118,1.9969,0.665633,755.0,cubic,4,3,1,False,False,False,0.000118,3.0
Sc2VSi,Half,1.62,1.34,1.11,,I-4m2,-0.19111,0.036447,1.96866,0.32811,644.0,tetragonal,4,3,1,False,False,False,0.036447,6.0
Sc2ZrAl,Half,1.62,1.6,1.43,,F-43m,-0.13312,0.094197,1.72754,0.575847,643.0,cubic,4,3,1,False,False,False,0.094197,3.0
Sc2ZrGa,Half,1.62,1.6,1.35,,F-43m,-0.04232,0.229314,2.336129,0.77871,746.0,cubic,4,3,1,False,False,False,0.229314,3.0
Sc2ZrGe,Half,1.62,1.6,1.22,,F-43m,-0.19999,0.101565,2.25883,0.752943,761.0,cubic,4,3,1,False,False,False,0.101565,3.0
Sc2ZrIn,Half,1.62,1.6,1.67,,F-43m,-0.19318,0.053302,2.097923,0.699308,739.0,cubic,4,3,1,False,False,False,0.053302,3.0
Sc2ZrSi,Half,1.62,1.6,1.11,,F-43m,-0.10785,0.197232,2.785247,0.928416,882.0,cubic,4,3,1,False,False,False,0.197232,3.0
Ti2CoAl,Half,1.47,1.25,1.43,,F-43m,-0.18211,0.132281,2.023977,0.674659,632.0,cubic,4,3,1,False,False,False,0.132281,3.0
Ti2CoGa,Half,1.47,1.25,1.35,,F-43m,-0.06411,0.038409,2.066485,0.688828,773.0,cubic,4,3,1,False,False,False,0.038409,3.0
Ti2CoGe,Half,1.47,1.25,1.22,,I-4m2,-0.24176,0.093125,2.316634,0.386106,846.0,tetragonal,4,3,1,False,False,False,0.093125,6.0
Ti2CoSi,Half,1.47,1.25,1.11,,F-43m,-0.3259,0.126401,1.748973,0.582991,685.0,cubic,4,3,1,False,False,False,0.126401,3.0
Ti2CrGe,Half,1.47,1.28,1.22,,F-43m,-0.03373,0.194774,1.73857,0.579523,633.0,cubic,4,3,1,False,False,False,0.194774,3.0
Ti2CrIn,Half,1.47,1.28,1.67,,F-43m,-0.18518,0.186819,2.098277,0.699426,645.0,cubic,4,3,1,False,False,False,0.186819,3.0
Ti2CrSi,Half,1.47,1.28,1.11,,F-43m,-0.09293,0.102821,2.611585,0.870528,796.0,cubic,4,3,1,False,False,False,0.102821,3.0
Ti2CuAl,Half,1.47,1.28,1.43,,I-4m2,-0.00747,0.047421,2.01883,0.336472,699.0,tetragonal,4,3,1,False,False,False,0.047421,6.0
Ti2CuGa,Half,1.47,1.28,1.35,,I-4m2,-0.09873,0.065729,2.286291,0.381049,803.0,tetragonal,4,3,1,False,False,False,0.065729,6.0
Ti2CuGe,Half,1.47,1.28,1.22,,F-43m,-0.19234,0.137121,2.564662,0.854887,808.0,cubic,4,3,1,False,False,False,0.137121,3.0
Ti2CuIn,Half,1.47,1.28,1.67,,I-4m2,-0.09548,0.065232,2.544505,0.424084,856.0,tetragonal,4,3,1,False,False,False,0.065232,6.0
Ti2CuSi,Half,1.47,1.28,1.11,,F-43m,-0.01112,0.111875,1.674291,0.558097,618.0,cubic,4,3,1,False,False,False,0.111875,3.0
Ti2FeGa,Half,1.47,1.26,1.35,,F-43m,-0.21962,0.172338,2.171568,0.723856,677.0,cubic,4,3,1,False,False,False,0.172338,3.0
Ti2FeGe,Half,1.47,1.26,1.22,,F-43m,-0.13471,0.102786,1.320072,0.440024,596.0,cubic,4,3,1,False,False,False,0.102786,3.0
Ti2FeIn,Half,1.47,1.26,1.67,,F-43m,-0.10275,0.166522,2.410241,0.803414,835.0,cubic,4,3,1,False,False,False,0.166522,3.0
Ti2FeSi,Half,1.47,1.26,1.11,,F-43m,-0.11156,0.077781,1.583221,0.52774,641.0,cubic,4,3,1,False,False,False,0.077781,3.0
Ti2MnAl,Half,1.47,1.27,1.43,,F-43m,-0.30469,0.027556,1.464711,0.488237,584.0,cubic,4,3,1,False,False,False,0.027556,3.0
Ti2MnGa,Half,1.47,1.27,1.35,,F-43m,-0.09601,0.032637,2.191205,0.730402,762.0,cubic,4,3,1,False,False,False,0.032637,3.0
Ti2MnGe,Half,1.47,1.27,1.22,,I-4m2,-0.13682,0.078248,2.2919,0.381983,812.0,tetragonal,4,3,1,False,False,False,0.078248,6.0
Ti2MnIn,Half,1.47,1.27,1.67,,F-43m,-0.1914,0.064065,2.277688,0.759229,730.0,cubic,4,3,1,False,False,False,0.064065,3.0
Ti2NiAl,Half,1.47,1.24,1.43,,I-4m2,-0.12184,0.024908,2.721882,0.453647,900.0,tetragonal,4,3,1,False,False,False,0.024908,6.0
Ti2NiGa,Half,1.47,1.24,1.35,,F-43m,-0.09338,0.143352,2.229965,0.743322,698.0,cubic,4,3,1,False,False,False,0.143352,3.0
Ti2NiGe,Half,1.47,1.24,1.22,,F-43m,-0.08917,0.147148,2.212729,0.737576,740.0,cubic,4,3,1,False,False,False,0.147148,3.0
Ti2NiSi,Half,1.47,1.24,1.11,,I-4m2,-0.20077,0.159745,1.861551,0.310258,663.0,tetragonal,4,3,1,False,False,False,0.159745,6.0
Ti2VAl,Half,1.47,1.34,1.43,,I-4m2,-0.0427,0.046973,2.286983,0.381164,861.0,tetragonal,4,3,1,False,False,False,0.046973,6.0
Ti2VGa,Half,1.47,1.34,1.35,,F-43m,-0.09398,0.065462,2.061005,0.687002,707.0,cubic,4,3,1,False,False,False,0.065462,3.0
Ti2VGe,Half,1.47,1.34,1.22,,I-4m2,-0.08466,0.13712,2.643134,0.440522,805.0,tetragonal,4,3,1,False,False,False,0.13712,6.0
Ti2VIn,Half,1.47,1.34,1.67,,I-4m2,-0.17679,0.218502,1.976368,0.329395,675.0,tetragonal,4,3,1,False,False,False,0.218502,6.0
Ti2VSi,Half,1.47,1.34,1.11,,F-43m,-0.10026,0.005787,1.636431,0.545477,623.0,cubic,4,3,1,False,False,False,0.005787,3.0
Ti2ZrAl,Half,1.47,1.6,1.43,,F-43m,-0.10092,0.038632,1.871312,0.623771,694.0,cubic,4,3,1,False,False,False,0.038632,3.0
Ti2ZrGa,Half,1.47,1.6,1.35,,F-43m,-0.22213,0.006292,3.000869,1.00029,989.0,cubic,4,3,1,False,False,False,0.006292,3.0
Ti2ZrGe,Half,1.47,1.6,1.22,,F-43m,-0.179,0.03282,1.352659,0.450886,547.0,cubic,4,3,1,False,False,False,0.03282,3.0
Ti2ZrIn,Half,1.47,1.6,1.67,,F-43m,-0.09781,0.005416,2.73827,0.912757,816.0,cubic,4,3,1,False,False,False,0.005416,3.0
Ti2ZrSi,Half,1.47,1.6,1.11,,F-43m,-0.17332,0.000971,1.974789,0.658263,748.0,cubic,4,3,1,False,False,False,0.000971,3.0
V2CoGe,Half,1.34,1.25,1.22,,I-4m2,-0.2232,0.104877,2.791733,0.465289,924.0,tetragonal,4,3,1,False,False,False,0.104877,6.0
V2CoIn,Half,1.34,1.25,1.67,,I-4m2,-0.19975,0.142082,2.515531,0.419255,826.0,tetragonal,4,3,1,False,False,False,0.142082,6.0
V2CoSi,Half,1.34,1.25,1.11,,I-4m2,-0.01619,0.125141,1.647494,0.274582,657.0,tetragonal,4,3,1,False,False,False,0.125141,6.0
V2CrAl,Half,1.34,1.28,1.43,,I-4m2,-0.13797,0.121898,3.201708,0.533618,950.0,tetragonal,4,3,1,False,False,False,0.121898,6.0
V2CrGa,Half,1.34,1.28,1.35,,I-4m2,-0.23613,0.140104,1.455203,0.242534,552.0,tetragonal,4,3,1,False,False,False,0.140104,6.0
V2CrIn,Half,1.34,1.28,1.67,,F-43m,-0.1237,0.119281,2.21096,0.736987,764.0,cubic,4,3,1,False,False,False,0.119281,3.0
V2CuAl,Half,1.34,1.28,1.43,,I-4m2,-0.10762,0.0,2.031978,0.338663,656.0,tetragonal,4,3,1,False,False,True,0.0,6.0
V2CuGa,Half,1.34,1.28,1.35,,I-4m2,-0.11108,0.103868,1.012267,0.168711,495.0,tetragonal,4,3,1,False,False,False,0.103868,6.0
V2CuGe,Half,1.34,1.28,1.22,,I-4m2,-0.23352,0.087462,1.935746,0.322624,661.0,tetragonal,4,3,1,False,False,False,0.087462,6.0
V2CuIn,Half,1.34,1.28,1.67,,F-43m,-0.22732,0.125031,1.655667,0.551889,602.0,cubic,4,3,1,False,False,False,0.125031,3.0
V2CuSi,Half,1.34,1.28,1.11,,I-4m2,-0.18105,0.110225,2.080287,0.346714,737.0,tetragonal,4,3,1,False,False,False,0.110225,6.0
V2FeIn,Half,1.34,1.26,1.67,,F-43m,-0.20543,0.056896,2.447462,0.815821,851.0,cubic,4,3,1,False,False,False,0.056896,3.0
V2MnIn,Half,1.34,1.27,1.67,,F-43m,-0.17021,0.123525,1.905552,0.635184,679.0,cubic,4,3,1,False,False,False,0.123525,3.0
V2NiAl,Half,1.34,1.24,1.43,,F-43m,-0.17531,0.172786,2.070858,0.690286,733.0,cubic,4,3,1,False,False,False,0.172786,3.0
V2NiGa,Half,1.34,1.24,1.35,,I-4m2,-0.10341,0.035764,1.555127,0.259188,599.0,tetragonal,4,3,1,False,False,False,0.035764,6.0
V2NiGe,Half,1.34,1.24,1.22,,I-4m2,-0.22188,0.101691,1.995441,0.332573,722.0,tetragonal,4,3,1,False,False,False,0.101691,6.0
V2NiIn,Half,1.34,1.24,1.67,,F-43m,-0.23827,0.0,2.194289,0.73143,738.0,cubic,4,3,1,False,False,True,0.0,3.0
V2NiSi,Half,1.34,1.24,1.11,,F-43m,-0.11288,0.073685,2.583151,0.86105,846.0,cubic,4,3,1,False,False,False,0.073685,3.0
V2VAl,Half,1.34,1.34,1.43,,F-43m,-0.17179,0.0,2.127087,0.709029,787.0,cubic,4,2,1,False,True,True,0.0,3.0
V2VGa,Half,1.34,1.34,1.35,,I-4m2,-0.17794,0.080702,3.038374,0.506396,929.0,tetragonal,4,2,1,False,True,False,0.080702,6.0
V2VGe,Half,1.34,1.34,1.22,,F-43m,-0.22508,0.138656,2.138285,0.712762,781.0,cubic,4,2,1,False,True,False,0.138656,3.0
V2VIn,Half,1.34,1.34,1.67,,F-43m,-0.17615,0.066943,2.024193,0.674731,698.0,cubic,4,2,1,False,True,False,0.066943,3.0
V2VSi,Half,1.34,1.34,1.11,,F-43m,-0.30986,0.15498,2.173244,0.724415,589.0,cubic,4,2,1,False,True,False,0.15498,3.0
V2ZrAl,Half,1.34,1.6,1.43,,F-43m,-0.08927,0.065409,0.704479,0.234826,460.0,cubic,4,3,1,False,False,False,0.065409,3.0
V2ZrGa,Half,1.34,1.6,1.35,,F-43m,-0.30681,0.223634,1.40347,0.467823,639.0,cubic,4,3,1,False,False,False,0.223634,3.0
V2ZrGe,Half,1.34,1.6,1.22,,F-43m,-0.21027,0.127598,1.661142,0.553714,639.0,cubic,4,3,1,False,False,False,0.127598,3.0
V2ZrIn,Half,1.34,1.6,1.67,,F-43m,-0.27908,0.18827,1.895338,0.631779,731.0,cubic,4,3,1,False,False,False,0.18827,3.0
V2ZrSi,Half,1.34,1.6,1.11,,F-43m,-0.15707,0.155281,2.705284,0.901761,854.0,cubic,4,3,1,False,False,False,0.155281,3.0
Zn2CoAl,Half,1.34,1.25,1.43,,F-43m,-0.23008,0.082979,2.684049,0.894683,705.0,cubic,4,3,1,False,False,False,0.082979,3.0
Zn2CoGa,Half,1.34,1.25,1.35,,F-43m,-0.00138,0.093794,1.380474,0.460158,655.0,cubic,4,3,1,False,False,False,0.093794,3.0
Zn2CoGe,Half,1.34,1.25,1.22,,F-43m,-0.17881,0.046527,1.96908,0.65636,799.0,cubic,4,3,1,False,False,False,0.046527,3.0
Zn2CoIn,Half,1.34,1.25,1.67,,I-4m2,-0.1153,0.13689,2.889328,0.481555,919.0,tetragonal,4,3,1,False,False,False,0.13689,6.0
Zn2CoSi,Half,1.34,1.25,1.11,,F-43m,-0.19252,0.005928,2.173355,0.724452,642.0,cubic,4,3,1,False,False,False,0.005928,3.0
Zn2CrAl,Half,1.34,1.28,1.43,,F-43m,-0.03087,0.236287,1.797801,0.599267,688.0,cubic,4,3,1,False,False,False,0.236287,3.0
Zn2CrGa,Half,1.34,1.28,1.35,,I-4m2,-0.18942,0.258012,2.265872,0.377645,776.0,tetragonal,4,3,1,False,False,False,0.258012,6.0
Zn2CrGe,Half,1.34,1.28,1.22,,F-43m,-0.11268,0.180774,2.261125,0.753708,865.0,cubic,4,3,1,False,False,False,0.180774,3.0
Zn2CrIn,Half,1.34,1.28,1.67,,F-43m,0.00932,0.050076,1.724942,0.574981,687.0,cubic,4,3,1,False,False,False,0.050076,3.0
Zn2CrSi,Half,1.34,1.28,1.11,,F-43m,-0.26595,0.11955,2.604174,0.868058,792.0,cubic,4,3,1,False,False,False,0.11955,3.0
Zn2CuAl,Half,1.34,1.28,1.43,,I-4m2,-0.08927,0.147508,2.392906,0.398818,693.0,tetragonal,4,3,1,False,False,False,0.147508,6.0
Zn2CuGa,Half,1.34,1.28,1.35,,I-4m2,-0.11833,0.141571,2.367319,0.394553,759.0,tetragonal,4,3,1,False,False,False,0.141571,6.0
Zn2CuGe,Half,1.34,1.28,1.22,,F-43m,-0.24256,0.098619,1.635661,0.54522,604.0,cubic,4,3,1,False,False,False,0.098619,3.0
Zn2CuIn,Half,1.34,1.28,1.67,,F-43m,-0.14822,0.012345,1.656387,0.552129,695.0,cubic,4,3,1,False,False,False,0.012345,3.0
Zn2CuSi,Half,1.34,1.28,1.11,,I-4m2,-0.10228,0.061943,1.882015,0.313669,697.0,tetragonal,4,3,1,False,False,False,0.061943,6.0
Zn2FeAl,Half,1.34,1.26,1.43,,F-43m,-0.03909,0.081869,0.698431,0.23281,436.0,cubic,4,3,1,False,False,False,0.081869,3.0
Zn2FeGa,Half,1.34,1.26,1.35,,I-4m2,-0.05926,0.01637,1.716936,0.286156,695.0,tetragonal,4,3,1,False,False,False,0.01637,6.0
Zn2FeGe,Half,1.34,1.26,1.22,,F-43m,-0.11605,0.176771,0.891591,0.297197,353.0,cubic,4,3,1,False,False,False,0.176771,3.0
Zn2FeIn,Half,1.34,1.26,1.67,,F-43m,-0.16465,0.0786,2.59032,0.86344,820.0,cubic,4,3,1,False,False,False,0.0786,3.0
Zn2FeSi,Half,1.34,1.26,1.11,,I-4m2,-0.19779,0.164674,1.722972,0.287162,704.0,tetragonal,4,3,1,False,False,False,0.164674,6.0
Zn2MnAl,Half,1.34,1.27,1.43,,I-4m2,-0.03797,0.133253,1.227811,0.204635,515.0,tetragonal,4,3,1,False,False,False,0.133253,6.0
Zn2MnGa,Half,1.34,1.27,1.35,,F-43m,-0.18309,0.071341,1.372432,0.457477,546.0,cubic,4,3,1,False,False,False,0.071341,3.0
Zn2MnGe,Half,1.34,1.27,1.22,,F-43m,-0.28101,0.107176,2.15958,0.71986,715.0,cubic,4,3,1,False,False,False,0.107176,3.0
Zn2MnIn,Half,1.34,1.27,1.67,,F-43m,-0.16582,0.111347,1.636164,0.545388,633.0,cubic,4,3,1,False,False,False,0.111347,3.0
Zn2MnSi,Half,1.34,1.27,1.11,,F-43m,-0.06812,0.110517,1.331637,0.443879,572.0,cubic,4,3,1,False,False,False,0.110517,3.0
Zn2NiAl,Half,1.34,1.24,1.43,,F-43m,-0.13167,0.164459,2.11217,0.704057,707.0,cubic,4,3,1,False,False,False,0.164459,3.0
Zn2NiGa,Half,1.34,1.24,1.35,,F-43m,-0.08387,0.065668,1.604994,0.534998,583.0,cubic,4,3,1,False,False,False,0.065668,3.0
Zn2NiGe,Half,1.34,1.24,1.22,,F-43m,-0.06943,0.120169,1.886262,0.628754,641.0,cubic,4,3,1,False,False,False,0.120169,3.0
Zn2NiIn,Half,1.34,1.24,1.67,,I-4m2,-0.24783,0.104275,1.353246,0.225541,524.0,tetragonal,4,3,1,False,False,False,0.104275,6.0
Zn2NiSi,Half,1.34,1.24,1.11,,F-43m,-0.15859,0.159965,2.951646,0.983882,914.0,cubic,4,3,1,False,False,False,0.159965,3.0
Zn2VGa,Half,1.34,1.34,1.35,,F-43m,-0.20672,0.217196,1.73706,0.57902,667.0,cubic,4,3,1,False,False,False,0.217196,3.0
Zn2VGe,Half,1.34,1.34,1.22,,F-43m,-0.16634,0.148235,1.614631,0.53821,611.0,cubic,4,3,1,False,False,False,0.148235,3.0
Zn2VIn,Half,1.34,1.34,1.67,,I-4m2,-0.29374,0.189423,1.583313,0.263886,560.0,tetragonal,4,3,1,False,False,False,0.189423,6.0
Zn2VSi,Half,1.34,1.34,1.11,,F-43m,-0.05476,0.112754,2.513493,0.837831,774.0,cubic,4,3,1,False,False,False,0.112754,3.0
Zn2ZrAl,Half,1.34,1.6,1.43,,I-4m2,-0.18449,0.124483,2.275399,0.379233,713.0,tetragonal,4,3,1,False,False,False,0.124483,6.0
Zn2ZrGa,Half,1.34,1.6,1.35,,F-43m,0.02765,0.10053,1.476823,0.492274,644.0,cubic,4,3,1,False,False,False,0.10053,3.0
Zn2ZrGe,Half,1.34,1.6,1.22,,F-43m,-0.18148,0.110722,2.614607,0.871536,780.0,cubic,4,3,1,False,False,False,0.110722,3.0
Zn2ZrIn,Half,1.34,1.6,1.67,,F-43m,-0.25063,0.143883,2.295211,0.76507,775.0,cubic,4,3,1,False,False,False,0.143883,3.0
Zn2ZrSi,Half,1.34,1.6,1.11,,F-43m,-0.08236,0.169073,2.276682,0.758894,745.0,cubic,4,3,1,False,False,False,0.169073,3.0
Zr2CoAl,Half,1.6,1.25,1.43,,F-43m,-0.10731,0.184613,1.927462,0.642487,725.0,cubic,4,3,1,False,False,False,0.184613,3.0
Zr2CoGa,Half,1.6,1.25,1.35,,F-43m,-0.26166,0.135481,1.638005,0.546002,605.0,cubic,4,3,1,False,False,False,0.135481,3.0
Zr2CoGe,Half,1.6,1.25,1.22,,F-43m,-0.16923,0.0,2.371951,0.79065,767.0,cubic,4,3,1,False,False,False,0.0,3.0
Zr2CoIn,Half,1.6,1.25,1.67,,I-4m2,-0.11217,0.087192,2.331363,0.38856,816.0,tetragonal,4,3,1,False,False,False,0.087192,6.0
Zr2CoSi,Half,1.6,1.25,1.11,,F-43m,-0.13738,0.034158,1.261538,0.420513,611.0,cubic,4,3,1,False,False,False,0.034158,3.0
Zr2CrGa,Half,1.6,1.28,1.35,,F-43m,-0.14832,0.0863,2.309905,0.769968,741.0,cubic,4,3,1,False,False,False,0.0863,3.0
Zr2CrGe,Half,1.6,1.28,1.22,,F-43m,-0.15178,0.119325,1.994454,0.664818,740.0,cubic,4,3,1,False,False,False,0.119325,3.0
Zr2CrIn,Half,1.6,1.28,1.67,,I-4m2,-0.13656,0.040291,1.909248,0.318208,690.0,tetragonal,4,3,1,False,False,False,0.040291,6.0
Zr2CrSi,Half,1.6,1.28,1.11,,F-43m,-0.15852,0.072772,1.713035,0.571012,737.0,cubic,4,3,1,False,False,False,0.072772,3.0
Zr2CuAl,Half,1.6,1.28,1.43,,I-4m2,-0.13548,0.172898,2.236967,0.372828,823.0,tetragonal,4,3,1,False,False,False,0.172898,6.0
Zr2CuGa,Half,1.6,1.28,1.35,,F-43m,-0.11894,0.17497,1.333611,0.444537,528.0,cubic,4,3,1,False,False,False,0.17497,3.0
Zr2CuGe,Half,1.6,1.28,1.22,,I-4m2,-0.07958,0.135319,1.958036,0.326339,700.0,tetragonal,4,3,1,False,False,False,0.135319,6.0
Zr2CuIn,Half,1.6,1.28,1.67,,F-43m,-0.05683,0.094765,2.426711,0.808904,790.0,cubic,4,3,1,False,False,False,0.094765,3.0
Zr2CuSi,Half,1.6,1.28,1.11,,F-43m,-0.25232,0.130918,1.582859,0.52762,645.0,cubic,4,3,1,False,False,False,0.130918,3.0
Zr2FeAl,Half,1.6,1.26,1.43,,I-4m2,-0.0976,0.148648,1.503069,0.250511,557.0,tetragonal,4,3,1,False,False,False,0.148648,6.0
Zr2FeGa,Half,1.6,1.26,1.35,,F-43m,-0.15757,0.091951,2.206055,0.735352,734.0,cubic,4,3,1,False,False,False,0.091951,3.0
Zr2FeGe,Half,1.6,1.26,1.22,,F-43m,-0.19915,0.057413,2.489445,0.829815,878.0,cubic,4,3,1,False,False,False,0.057413,3.0
Zr2FeIn,Half,1.6,1.26,1.67,,I-4m2,-0.1354,0.059793,2.585859,0.430976,841.0,tetragonal,4,3,1,False,False,False,0.059793,6.0
Zr2FeSi,Half,1.6,1.26,1.11,,I-4m2,-0.23864,0.015886,2.660092,0.443349,777.0,tetragonal,4,3,1,False,False,False,0.015886,6.0
Zr2MnGa,Half,1.6,1.27,1.35,,I-4m2,-0.29649,0.026293,0.962206,0.160368,484.0,tetragonal,4,3,1,False,False,False,0.026293,6.0
Zr2MnGe,Half,1.6,1.27,1.22,,F-43m,-0.21818,0.012234,2.466372,0.822124,817.0,cubic,4,3,1,False,False,False,0.012234,3.0
Zr2MnSi,Half,1.6,1.27,1.11,,F-43m,-0.18299,0.115432,1.879667,0.626556,659.0,cubic,4,3,1,False,False,False,0.115432,3.0
Zr2NiAl,Half,1.6,1.24,1.43,,I-4m2,-0.32569,0.090273,2.071524,0.345254,748.0,tetragonal,4,3,1,False,False,False,0.090273,6.0
Zr2NiGa,Half,1.6,1.24,1.35,,I-4m2,-0.05451,0.066682,2.079824,0.346637,755.0,tetragonal,4,3,1,False,False,False,0.066682,6.0
Zr2NiGe,Half,1.6,1.24,1.22,,I-4m2,-0.07403,0.096435,2.927752,0.487959,868.0,tetragonal,4,3,1,False,False,False,0.096435,6.0
Zr2NiIn,Half,1.6,1.24,1.67,,F-43m,-0.1604,0.200144,1.528721,0.509574,589.0,cubic,4,3,1,False,False,False,0.200144,3.0
Zr2NiSi,Half,1.6,1.24,1.11,,F-43m,-0.12623,0.197274,1.672799,0.5576,628.0,cubic,4,3,1,False,False,False,0.197274,3.0
Zr2VAl,Half,1.6,1.34,1.43,,F-43m,-0.1197,0.12267,1.703464,0.567821,664.0,cubic,4,3,1,False,False,False,0.12267,3.0
Zr2VGa,Half,1.6,1.34,1.35,,F-43m,-0.17521,0.065695,2.166304,0.722101,722.0,cubic,4,3,1,False,False,False,0.065695,3.0
Zr2VGe,Half,1.6,1.34,1.22,,F-43m,-0.13281,0.066293,1.223286,0.407762,614.0,cubic,4,3,1,False,False,False,0.066293,3.0
Zr2VIn,Half,1.6,1.34,1.67,,I-4m2,-0.08654,0.159791,1.635168,0.272528,611.0,tetragonal,4,3,1,False,False,False,0.159791,6.0
Zr2VSi,Half,1.6,1.34,1.11,,I-4m2,-0.25527,0.116861,0.933702,0.155617,478.0,tetragonal,4,3,1,False,False,False,0.116861,6.0
Zr2ZrAl,Half,1.6,1.6,1.43,,F-43m,-0.12511,0.0,3.007638,1.002546,881.0,cubic,4,2,1,False,True,True,0.0,3.0
Zr2ZrGa,Half,1.6,1.6,1.35,,F-43m,-0.14007,0.02353,2.189775,0.729925,813.0,cubic,4,2,1,False,True,False,0.02353,3.0
Zr2ZrGe,Half,1.6,1.6,1.22,,I-4m2,-0.12115,0.04819,1.984398,0.330733,720.0,tetragonal,4,2,1,False,True,False,0.04819,6.0
Sc2CrGa,Inverse,1.62,1.28,1.35,,I-4m2,-0.08118561,0.285965919,5.1024102,2.5512051,480.6,tetragonal,4,3,1,False,False,False,0.285965919,2.0
Sc2CrIn,Inverse,1.62,1.28,1.67,,I-4m2,-0.004866155,0.284283465,5.157176,2.578588,538.0,tetragonal,4,3,1,False,False,False,0.284283465,2.0
Sc2MnGa,Inverse,1.62,1.27,1.35,,I-4m2,-0.21989727,0.189652891,3.5618532,1.7809266,567.3,tetragonal,4,3,1,False,False,False,0.189652891,2.0
Sc2MnIn,Inverse,1.62,1.27,1.67,,I-4m2,-0.136404664,0.169516667,3.6013074,1.8006537,723.3,tetragonal,4,3,1,False,False,False,0.169516667,2.0
Sc2MnSn,Inverse,1.62,1.27,0.0,,I-4m2,-0.276100575,0.238022989,4.3204008,2.1602004,646.4,tetragonal,4,3,1,False,False,False,0.238022989,2.0
Sc2MnSb,Inverse,1.62,1.27,1.59,,I-4m2,-0.362384639,0.246447695,4.8229912,2.4114956,670.8,tetragonal,4,3,1,False,False,False,0.246447695,2.0
Sc2MnPb,Inverse,1.62,1.27,1.75,,I-4m2,-0.109756003,0.238716407,4.4303743,2.21518715,701.9,tetragonal,4,3,1,False,False,False,0.238716407,2.0
Sc2FeIn,Inverse,1.62,1.26,1.67,,I-4m2,-0.086296701,0.271875653,2.7171269,1.35856345,491.0,tetragonal,4,3,1,False,False,False,0.271875653,2.0
Ti2CrAl,Inverse,1.47,1.28,1.43,,I-4m2,-0.136203734,0.1603411,1.5834163,0.79170815,1292.7,tetragonal,4,3,1,False,False,False,0.1603411,2.0
Ti2CrGa,Inverse,1.47,1.28,1.35,,F-43m,-0.152162845,0.191767193,0.8619343,0.8619343,1332.3,cubic,4,3,1,False,False,False,0.191767193,1.0
Ti2CrSn,Inverse,1.47,1.28,0.0,,F-43m,-0.131087416,0.188060489,1e-07,5e-08,1691.3,cubic,4,3,1,False,False,False,0.188060489,2.0
Ti2MnSi,Inverse,1.47,1.27,1.11,,I-4m2,-0.399752469,0.226116821,2.0012229,1.00061145,549.7,tetragonal,4,3,1,False,False,False,0.226116821,2.0
Ti2FeAl,Inverse,1.47,1.26,1.43,,F-43m,-0.232970613,0.210374687,1.0000109,1.0000109,568.7,cubic,4,3,1,False,False,False,0.210374687,1.0
Ti2CoIn,Inverse,1.47,1.25,1.67,,F-43m,-0.064708664,0.246705254,4.0000001,2.00000005,843.3,cubic,4,3,1,False,False,False,0.246705254,2.0
Ti2CoSn,Inverse,1.47,1.25,0.0,,F-43m,-0.16896306,0.26769391,6.0,3.0,1034.4,cubic,4,3,1,False,False,False,0.26769391,2.0
Ti2NiIn,Inverse,1.47,1.24,1.67,,I-4m2,-0.108101586,0.235475253,6.0000025,3.00000125,1251.4,tetragonal,4,3,1,False,False,False,0.235475253,2.0
V2ScAl,Inverse,1.34,1.62,1.43,,F-43m,-0.013621916,0.213860895,1.1002148,0.5501074,555.6,cubic,4,3,1,False,False,False,0.213860895,2.0
V2ScGa,Inverse,1.34,1.62,1.35,,F-43m,-0.051773682,0.250091743,0.5950659,0.29753295,585.3,cubic,4,3,1,False,False,False,0.250091743,2.0
V2ScSn,Inverse,1.34,1.62,0.0,,I-4m2,-0.047882516,0.276510838,0.8446241,0.42231205,1191.0,tetragonal,4,3,1,False,False,False,0.276510838,2.0
V2TiSn,Inverse,1.34,1.47,0.0,,F-43m,-0.080136274,0.140000301,0.0819014,0.0409507,699.8,cubic,4,3,1,False,False,False,0.140000301,2.0
V2CrSi,Inverse,1.34,1.28,1.11,,F-43m,-0.271957255,0.208485271,3.6451466,1.8225733,376.1,cubic,4,3,1,False,False,False,0.208485271,2.0
V2CrGe,Inverse,1.34,1.28,1.22,,I-4m2,-0.114216499,0.200758519,4.0167119,2.00835595,426.8,tetragonal,4,3,1,False,False,False,0.200758519,2.0
V2MnAl,Inverse,1.34,1.27,1.43,,F-43m,-0.189868511,0.068953165,3.9771028,1.9885514,428.4,cubic,4,3,1,False,False,False,0.068953165,2.0
V2MnSi,Inverse,1.34,1.27,1.11,,F-43m,-0.393820034,0.099274879,5.1220105,2.56100525,598.1,cubic,4,3,1,False,False,False,0.099274879,2.0
V2MnGa,Inverse,1.34,1.27,1.35,,F-43m,-0.153394404,0.093273175,3.9616836,1.9808418,375.9,cubic,4,3,1,False,False,False,0.093273175,2.0
V2MnGe,Inverse,1.34,1.27,1.22,,F-43m,-0.226370582,0.093599174,5.6386697,2.81933485,765.5,cubic,4,3,1,False,False,False,0.093599174,2.0
V2MnSn,Inverse,1.34,1.27,0.0,,F-43m,-0.020626792,0.179137741,5.9103358,2.9551679,961.9,cubic,4,3,1,False,False,False,0.179137741,2.0
V2MnSb,Inverse,1.34,1.27,1.59,,F-43m,-0.018407234,0.194683678,1.9911277,1.9911277,717.7,cubic,4,3,1,False,False,False,0.194683678,1.0
V2FeAl,Inverse,1.34,1.26,1.43,,F-43m,-0.198215438,0.093335993,5.7907644,2.8953822,747.6,cubic,4,3,1,False,False,False,0.093335993,2.0
V2FeSi,Inverse,1.34,1.26,1.11,,F-43m,-0.33642387,0.142734178,1.9927308,1.9927308,618.7,cubic,4,3,1,False,False,False,0.142734178,1.0
V2FeGa,Inverse,1.34,1.26,1.35,,F-43m,-0.146116795,0.096181517,5.7051372,2.8525686,757.4,cubic,4,3,1,False,False,False,0.096181517,2.0
V2FeGe,Inverse,1.34,1.26,1.22,,F-43m,-0.159919442,0.151084849,1.9669301,1.9669301,624.9,cubic,4,3,1,False,False,False,0.151084849,1.0
V2CoAl,Inverse,1.34,1.25,1.43,,F-43m,-0.176337453,0.149438466,3.9834085,1.99170425,552.4,cubic,4,3,1,False,False,False,0.149438466,2.0
V2MoSi,Inverse,1.34,1.39,1.11,,I-4m2,-0.240725588,0.23996801,3.115637,1.5578185,464.1,tetragonal,4,3,1,False,False,False,0.23996801,2.0
V2RuSb,Inverse,1.34,1.34,1.59,,I-4m2,-0.055797127,0.216838803,1.705175,0.8525875,408.7,tetragonal,4,3,1,False,False,False,0.216838803,2.0
V2RhIn,Inverse,1.34,1.34,1.67,,F-43m,-0.048807104,0.271329015,3.6898596,1.8449298,516.6,cubic,4,3,1,False,False,False,0.271329015,2.0
V2RhSn,Inverse,1.34,1.34,0.0,,F-43m,-0.131741809,0.218719471,1.8864536,0.9432268,603.4,cubic,4,3,1,False,False,False,0.218719471,2.0
Cr2TiGa,Inverse,1.28,1.47,1.35,,I-4m2,-0.033214549,0.218566783,1.7939231,0.89696155,604.2,tetragonal,4,3,1,False,False,False,0.218566783,2.0
Cr2VAl,Inverse,1.28,1.34,1.43,,F-43m,-0.011610799,0.141161578,4.0014913,2.00074565,668.7,cubic,4,3,1,False,False,False,0.141161578,2.0
Cr2VGe,Inverse,1.28,1.34,1.22,,F-43m,-0.008644368,0.239687501,4.6534976,2.3267488,929.9,cubic,4,3,1,False,False,False,0.239687501,2.0
Cr2MnAl,Inverse,1.28,1.27,1.43,,F-43m,-0.129187533,0.016786396,3.9993315,1.99966575,1179.5,cubic,4,3,1,False,False,False,0.016786396,2.0
Cr2MnSi,Inverse,1.28,1.27,1.11,,F-43m,-0.273964255,0.0751827,2.3297523,1.16487615,367.2,cubic,4,3,1,False,False,False,0.0751827,2.0
Cr2MnGa,Inverse,1.28,1.27,1.35,,F-43m,-0.039552605,0.029435252,1.9938038,1.9938038,1208.9,cubic,4,3,1,False,False,False,0.029435252,1.0
Cr2MnAs,Inverse,1.28,1.27,1.19,,I-4m2,-0.014624794,0.123145367,4.01701,2.008505,1240.8,tetragonal,4,3,1,False,False,False,0.123145367,2.0
Cr2FeAl,Inverse,1.28,1.26,1.43,,F-43m,-0.071155346,0.094738419,2.026444,1.013222,727.5,cubic,4,3,1,False,False,False,0.094738419,2.0
Cr2CoAl,Inverse,1.28,1.25,1.43,,F-43m,-0.085866235,0.221211697,0.0174468,0.0087234,1274.5,cubic,4,3,1,False,False,False,0.221211697,2.0
Cr2CoSi,Inverse,1.28,1.25,1.11,,F-43m,-0.218776519,0.139858473,2.0118091,1.00590455,670.2,cubic,4,3,1,False,False,False,0.139858473,2.0
Cr2CoGe,Inverse,1.28,1.25,1.22,,F-43m,-0.012995375,0.117624519,2.0245636,1.0122818,1320.5,cubic,4,3,1,False,False,False,0.117624519,2.0
Cr2NiAl,Inverse,1.28,1.24,1.43,,F-43m,-0.102997021,0.231726156,2.0020761,1.00103805,1482.2,cubic,4,3,1,False,False,False,0.231726156,2.0
Cr2NiSi,Inverse,1.28,1.24,1.11,,I-4m2,-0.195311861,0.200638911,3.7677631,1.88388155,968.0,tetragonal,4,3,1,False,False,False,0.200638911,2.0
Cr2NiGa,Inverse,1.28,1.24,1.35,,I-4m2,-0.041109545,0.165034227,0.6822685,0.34113425,1612.7,tetragonal,4,3,1,False,False,False,0.165034227,2.0
Cr2NiGe,Inverse,1.28,1.24,1.22,,I-4m2,-0.048502935,0.139864003,0.0188101,0.00940505,1556.9,tetragonal,4,3,1,False,False,False,0.139864003,2.0
Cr2NiAs,Inverse,1.28,1.24,1.19,,I-4m2,-0.009921513,0.173909599,1.9192849,0.95964245,1080.1,tetragonal,4,3,1,False,False,False,0.173909599,2.0
Cr2CuSi,Inverse,1.28,1.28,1.11,,I-4m2,-0.001245611,0.271431925,1.8845192,0.9422596,1120.1,tetragonal,4,3,1,False,False,False,0.271431925,2.0
Cr2RhSi,Inverse,1.28,1.34,1.11,,F-43m,-0.268308465,0.193592059,2.0187798,1.0093899,1164.2,cubic,4,3,1,False,False,False,0.193592059,2.0
Cr2RhSb,Inverse,1.28,1.34,1.59,,I-4m2,-0.041587218,0.212614582,0.0681203,0.03406015,1621.4,tetragonal,4,3,1,False,False,False,0.212614582,2.0
Cr2PdAl,Inverse,1.28,1.37,1.43,,I-4m2,-0.162123314,0.294070194,0.2062983,0.10314915,1802.5,tetragonal,4,3,1,False,False,False,0.294070194,2.0
Mn2ScSi,Inverse,1.27,1.62,1.11,,I-4m2,-0.248052609,0.222593286,9.7616874,4.8808437,640.1,tetragonal,4,3,1,False,False,False,0.222593286,2.0
Mn2ScGa,Inverse,1.27,1.62,1.35,,I-4m2,-0.126298984,0.175566441,1.3283045,0.66415225,892.2,tetragonal,4,3,1,False,False,False,0.175566441,2.0
Mn2ScGe,Inverse,1.27,1.62,1.22,,I-4m2,-0.211694389,0.213981311,10.6153899,5.30769495,696.7,tetragonal,4,3,1,False,False,False,0.213981311,2.0
Mn2ScSn,Inverse,1.27,1.62,0.0,,I-4m2,-0.087120851,0.237272503,1.124336,0.562168,667.3,tetragonal,4,3,1,False,False,False,0.237272503,2.0
Mn2TiGa,Inverse,1.27,1.47,1.35,,I-4m2,-0.2641743,0.031768622,8.6888806,4.3444403,782.8,tetragonal,4,3,1,False,False,False,0.031768622,2.0
Mn2TiAs,Inverse,1.27,1.47,1.19,,I-4m2,-0.316395235,0.216388545,2.3544951,1.17724755,663.9,tetragonal,4,3,1,False,False,False,0.216388545,2.0
Mn2VAs,Inverse,1.27,1.34,1.19,,I-4m2,-0.212716126,0.067283051,1.6447394,0.8223697,674.3,tetragonal,4,3,1,False,False,False,0.067283051,2.0
Mn2VSb,Inverse,1.27,1.34,1.59,,I-4m2,-0.022603294,0.138282356,0.4385711,0.21928555,577.1,tetragonal,4,3,1,False,False,False,0.138282356,2.0
Mn2CrGe,Inverse,1.27,1.28,1.22,,I-4m2,-0.138388374,0.0,0.0282578,0.0141289,979.1,tetragonal,4,3,1,False,False,False,0.0,2.0
Mn2CrAs,Inverse,1.27,1.28,1.19,,I-4m2,-0.118164569,0.021189148,2.0287914,1.0143957,565.7,tetragonal,4,3,1,False,False,False,0.021189148,2.0
Mn2FeAl,Inverse,1.27,1.26,1.43,,I-4m2,-0.234882277,0.0,1.5205521,0.76027605,928.5,tetragonal,4,3,1,False,False,False,0.0,2.0
Mn2FeAs,Inverse,1.27,1.26,1.19,,F-43m,-0.130251567,0.026833026,5.9991956,2.9995978,439.0,cubic,4,3,1,False,False,False,0.026833026,2.0
Mn2CoAl,Inverse,1.27,1.25,1.43,,F-43m,-0.346060006,0.0,4.0000205,2.00001025,1075.1,cubic,4,3,1,False,False,False,0.0,2.0
Mn2CoSi,Inverse,1.27,1.25,1.11,,F-43m,-0.438323469,0.0,6.0,3.0,694.0,cubic,4,3,1,False,False,False,0.0,2.0
Mn2CoGa,Inverse,1.27,1.25,1.35,,F-43m,-0.236541106,0.0,2.0060855,2.0060855,1102.8,cubic,4,3,1,False,False,False,0.0,1.0
Mn2CoGe,Inverse,1.27,1.25,1.22,,I-4m2,-0.23333574,0.0,2.0071043,1.00355215,807.0,tetragonal,4,3,1,False,False,False,0.0,2.0
Mn2CoAs,Inverse,1.27,1.25,1.19,,F-43m,-0.144981916,0.069894843,8.0000891,4.00004455,764.7,cubic,4,3,1,False,False,False,0.069894843,2.0
Mn2CoSn,Inverse,1.27,1.25,0.0,,I-4m2,-0.04768587,0.038394777,1.9501042,0.9750521,739.3,tetragonal,4,3,1,False,False,False,0.038394777,2.0
Mn2CoSb,Inverse,1.27,1.25,1.59,,F-43m,-0.020623353,0.073673249,8.0054659,4.00273295,733.9,cubic,4,3,1,False,False,False,0.073673249,2.0
Mn2NiGa,Inverse,1.27,1.24,1.35,,I-4m2,-0.265971711,0.0,1.9978158,0.9989079,955.6,tetragonal,4,3,1,False,False,False,0.0,2.0
Mn2NiGe,Inverse,1.27,1.24,1.22,,I-4m2,-0.218604777,0.0,0.749176,0.374588,916.9,tetragonal,4,3,1,False,False,False,0.0,2.0
Mn2NiIn,Inverse,1.27,1.24,1.67,,I-4m2,-0.009103602,0.09345205,1.6633869,0.83169345,573.3,tetragonal,4,3,1,False,False,False,0.09345205,2.0
Mn2NiSn,Inverse,1.27,1.24,0.0,,I-4m2,-0.083383575,0.070909684,0.7659187,0.38295935,761.1,tetragonal,4,3,1,False,False,False,0.070909684,2.0
Mn2CuAl,Inverse,1.27,1.28,1.43,,I-4m2,-0.180655693,0.008613677,0.3911573,0.19557865,1264.0,tetragonal,4,3,1,False,False,False,0.008613677,2.0
Mn2CuSi,Inverse,1.27,1.28,1.11,,I-4m2,-0.168603882,0.109587987,2.0007027,1.00035135,684.5,tetragonal,4,3,1,False,False,False,0.109587987,2.0
Mn2CuGa,Inverse,1.27,1.28,1.35,,I-4m2,-0.106842684,0.0,0.6988323,0.34941615,1204.7,tetragonal,4,3,1,False,False,False,0.0,2.0
Mn2CuGe,Inverse,1.27,1.28,1.22,,I-4m2,-0.044657475,0.050551381,1.2293556,0.6146778,783.7,tetragonal,4,3,1,False,False,False,0.050551381,2.0
Mn2ZnAl,Inverse,1.27,1.34,1.43,,F-43m,-0.124976089,0.064293281,0.4411697,0.22058485,733.9,cubic,4,3,1,False,False,False,0.064293281,2.0
Mn2ZnGe,Inverse,1.27,1.34,1.22,,I-4m2,-0.04103194,0.055606835,11.6850328,5.8425164,652.4,tetragonal,4,3,1,False,False,False,0.055606835,2.0
Mn2NbSb,Inverse,1.27,1.46,1.59,,I-4m2,-0.040712881,0.118159655,0.8321263,0.41606315,810.1,tetragonal,4,3,1,False,False,False,0.118159655,2.0
Mn2PdGa,Inverse,1.27,1.37,1.35,,I-4m2,-0.305938396,0.023578716,1.7778658,0.8889329,695.2,tetragonal,4,3,1,False,False,False,0.023578716,2.0
Fe2VSi,Inverse,1.26,1.34,1.11,,I-4m2,-0.303859607,0.184700654,5.4311935,2.71559675,690.9,tetragonal,4,3,1,False,False,False,0.184700654,2.0
Fe2VGe,Inverse,1.26,1.34,1.22,,I-4m2,-0.137687468,0.13444515,5.1433257,2.57166285,797.9,tetragonal,4,3,1,False,False,False,0.13444515,2.0
Fe2CrAl,Inverse,1.26,1.28,1.43,,F-43m,-0.077686458,0.105536109,2.3276277,2.3276277,776.0,cubic,4,3,1,False,False,False,0.105536109,1.0
Fe2CrSi,Inverse,1.26,1.28,1.11,,F-43m,-0.23946964,0.099808436,1.9767002,1.9767002,595.6,cubic,4,3,1,False,False,False,0.099808436,1.0
Fe2CrGa,Inverse,1.26,1.28,1.35,,F-43m,-0.011492845,0.103966708,2.2688961,2.2688961,840.0,cubic,4,3,1,False,False,False,0.103966708,1.0
Fe2CrGe,Inverse,1.26,1.28,1.22,,F-43m,-0.035734647,0.085450646,1.9096573,1.9096573,790.1,cubic,4,3,1,False,False,False,0.085450646,1.0
Fe2MnSi,Inverse,1.26,1.27,1.11,,F-43m,-0.314267935,0.03039326,2.980409,2.980409,421.4,cubic,4,3,1,False,False,False,0.03039326,1.0
Fe2MnGa,Inverse,1.26,1.27,1.35,,I-4m2,-0.100970127,0.014489425,14.2658863,7.13294315,1019.5,tetragonal,4,3,1,False,False,False,0.014489425,2.0
Fe2MnAs,Inverse,1.26,1.27,1.19,,I-4m2,-0.026703501,0.130381092,13.3180319,6.65901595,741.5,tetragonal,4,3,1,False,False,False,0.130381092,2.0
Fe2CoAl,Inverse,1.26,1.25,1.43,,F-43m,-0.267998909,0.039079024,4.9253147,4.9253147,1121.0,cubic,4,3,1,False,False,False,0.039079024,1.0
Fe2CoSi,Inverse,1.26,1.25,1.11,,F-43m,-0.372092516,0.002990604,4.9430109,4.9430109,1166.8,cubic,4,3,1,False,False,False,0.002990604,1.0
Fe2CoGa,Inverse,1.26,1.25,1.35,,F-43m,-0.148036191,0.040276864,5.2593994,5.2593994,1081.4,cubic,4,3,1,False,False,False,0.040276864,1.0
Fe2CoGe,Inverse,1.26,1.25,1.22,,F-43m,-0.159078404,0.009585359,5.0925534,5.0925534,1076.4,cubic,4,3,1,False,False,False,0.009585359,1.0
Fe2NiSi,Inverse,1.26,1.24,1.11,,I-4m2,-0.306202764,0.068353853,9.7045626,4.8522813,795.9,tetragonal,4,3,1,False,False,False,0.068353853,2.0
Fe2NiGa,Inverse,1.26,1.24,1.35,,F-43m,-0.175602871,0.036411244,9.8018113,4.90090565,909.8,cubic,4,3,1,False,False,False,0.036411244,2.0
Fe2NiGe,Inverse,1.26,1.24,1.22,,I-4m2,-0.129329282,0.053369544,10.083539,5.0417695,802.2,tetragonal,4,3,1,False,False,False,0.053369544,2.0
Fe2NiSn,Inverse,1.26,1.24,0.0,,I-4m2,-0.002030061,0.152263198,10.3082378,5.1541189,880.8,tetragonal,4,3,1,False,False,False,0.152263198,2.0
Fe2CuAl,Inverse,1.26,1.28,1.43,,I-4m2,-0.121024131,0.075647048,8.5140914,4.2570457,766.6,tetragonal,4,3,1,False,False,False,0.075647048,2.0
Fe2CuGa,Inverse,1.26,1.28,1.35,,I-4m2,-0.019708168,0.105811616,8.8695579,4.43477895,868.4,tetragonal,4,3,1,False,False,False,0.105811616,2.0
Fe2ZnAl,Inverse,1.26,1.34,1.43,,I-4m2,-0.105367343,0.084363806,8.8482896,4.4241448,1173.6,tetragonal,4,3,1,False,False,False,0.084363806,2.0
Fe2ZnSi,Inverse,1.26,1.34,1.11,,I-4m2,-0.08584856,0.211856875,8.2805176,4.1402588,1158.9,tetragonal,4,3,1,False,False,False,0.211856875,2.0
Fe2ZnGa,Inverse,1.26,1.34,1.35,,I-4m2,-0.02090002,0.100732183,9.1947312,4.5973656,1203.2,tetragonal,4,3,1,False,False,False,0.100732183,2.0
Fe2RuAl,Inverse,1.26,1.34,1.43,,F-43m,-0.213685133,0.117696297,10.1417983,5.07089915,565.4,cubic,4,3,1,False,False,False,0.117696297,2.0
Fe2RuSi,Inverse,1.26,1.34,1.11,,I-4m2,-0.309062381,0.035864145,9.3461592,4.6730796,857.0,tetragonal,4,3,1,False,False,False,0.035864145,2.0
Fe2RhSi,Inverse,1.26,1.34,1.11,,F-43m,-0.387543513,0.063200419,4.9107682,4.9107682,1134.5,cubic,4,3,1,False,False,False,0.063200419,1.0
Fe2RhGa,Inverse,1.26,1.34,1.35,,F-43m,-0.250405398,0.094718831,5.0529064,5.0529064,1027.1,cubic,4,3,1,False,False,False,0.094718831,1.0
Fe2PdSi,Inverse,1.26,1.37,1.11,,I-4m2,-0.21639394,0.206785388,10.1098888,5.0549444,840.6,tetragonal,4,3,1,False,False,False,0.206785388,2.0
Fe2ReSi,Inverse,1.26,1.37,1.11,,I-4m2,-0.139904755,0.1526918,7.5110314,3.7555157,466.0,tetragonal,4,3,1,False,False,False,0.1526918,2.0
Co2CrAl,Inverse,1.25,1.28,1.43,,I-4m2,-0.106921534,0.204845944,3.6603078,1.8301539,521.1,tetragonal,4,3,1,False,False,False,0.204845944,2.0
Co2CrGa,Inverse,1.25,1.28,1.35,,I-4m2,-0.020268039,0.1281236,3.7015172,1.8507586,667.6,tetragonal,4,3,1,False,False,False,0.1281236,2.0
Co2CrGe,Inverse,1.25,1.28,1.22,,I-4m2,-0.032309059,0.096973001,3.8987575,1.94937875,572.2,tetragonal,4,3,1,False,False,False,0.096973001,2.0
Co2MnAl,Inverse,1.25,1.27,1.43,,I-4m2,-0.21603811,0.148415758,4.9351724,2.4675862,390.2,tetragonal,4,3,1,False,False,False,0.148415758,2.0
Co2MnGe,Inverse,1.25,1.27,1.22,,I-4m2,-0.128793605,0.128562609,9.5812249,4.79061245,704.1,tetragonal,4,3,1,False,False,False,0.128562609,2.0
Co2MnAs,Inverse,1.25,1.27,1.19,,I-4m2,-0.069897998,0.149201537,10.1724477,5.08622385,759.8,tetragonal,4,3,1,False,False,False,0.149201537,2.0
Co2FeSi,Inverse,1.25,1.26,1.11,,I-4m2,-0.263993081,0.104246958,8.7221277,4.36106385,772.8,tetragonal,4,3,1,False,False,False,0.104246958,2.0
Co2FeGa,Inverse,1.25,1.26,1.35,,I-4m2,-0.097075732,0.142394911,10.3395437,5.16977185,1128.4,tetragonal,4,3,1,False,False,False,0.142394911,2.0
Co2FeGe,Inverse,1.25,1.26,1.22,,I-4m2,-0.075559533,0.096955,8.993971,4.4969855,863.8,tetragonal,4,3,1,False,False,False,0.096955,2.0
Co2FeAs,Inverse,1.25,1.26,1.19,,I-4m2,-0.001582261,0.184616188,9.3473257,4.67366285,789.2,tetragonal,4,3,1,False,False,False,0.184616188,2.0
Co2NiAl,Inverse,1.25,1.24,1.43,,I-4m2,-0.278886726,0.080223418,5.3992023,2.69960115,776.6,tetragonal,4,3,1,False,False,False,0.080223418,2.0
Co2NiSi,Inverse,1.25,1.24,1.11,,I-4m2,-0.323894234,0.066421489,4.4147469,2.20737345,590.0,tetragonal,4,3,1,False,False,False,0.066421489,2.0
Co2NiGa,Inverse,1.25,1.24,1.35,,I-4m2,-0.152096685,0.069078011,5.5179294,2.7589647,746.2,tetragonal,4,3,1,False,False,False,0.069078011,2.0
Co2NiGe,Inverse,1.25,1.24,1.22,,I-4m2,-0.131027557,0.06532336,4.5634843,2.28174215,592.5,tetragonal,4,3,1,False,False,False,0.06532336,2.0
Co2CuAl,Inverse,1.25,1.28,1.43,,I-4m2,-0.148834378,0.16246633,4.7676317,2.38381585,753.3,tetragonal,4,3,1,False,False,False,0.16246633,2.0
Co2CuGa,Inverse,1.25,1.28,1.35,,I-4m2,-0.027537788,0.120825028,5.2210769,2.61053845,742.8,tetragonal,4,3,1,False,False,False,0.120825028,2.0
Co2RuSi,Inverse,1.25,1.34,1.11,,I-4m2,-0.231402575,0.117097102,6.4308789,3.21543945,868.1,tetragonal,4,3,1,False,False,False,0.117097102,2.0
Co2RhSn,Inverse,1.25,1.34,0.0,,I-4m2,-0.039660664,0.232928991,5.8973456,2.9486728,670.6,tetragonal,4,3,1,False,False,False,0.232928991,2.0
Co2IrGa,Inverse,1.25,1.35,1.35,,I-4m2,-0.107017091,0.095956508,6.5324788,3.2662394,630.0,tetragonal,4,3,1,False,False,False,0.095956508,2.0
Co2AuAl,Inverse,1.25,1.44,1.43,,I-4m2,-0.134881886,0.176418821,4.8503316,2.4251658,723.0,tetragonal,4,3,1,False,False,False,0.176418821,2.0
Ni2CrAl,Inverse,1.24,1.28,1.43,,I-4m2,-0.197800985,0.198764208,6.5489279,3.27446395,329.5,tetragonal,4,3,1,False,False,False,0.198764208,2.0
Ni2MnAl,Inverse,1.24,1.27,1.43,,I-4m2,-0.380994995,0.029081281,8.2479989,4.12399945,426.5,tetragonal,4,3,1,False,False,False,0.029081281,2.0
Ni2MnGa,Inverse,1.24,1.27,1.35,,I-4m2,-0.288386422,0.013551065,7.9897556,3.9948778,445.7,tetragonal,4,3,1,False,False,False,0.013551065,2.0
Ni2MnIn,Inverse,1.24,1.27,1.67,,I-4m2,-0.071529255,0.068101276,8.3957848,4.1978924,468.4,tetragonal,4,3,1,False,False,False,0.068101276,2.0
Ni2FeAl,Inverse,1.24,1.26,1.43,,I-4m2,-0.322000225,0.074564968,6.2592861,3.12964305,610.5,tetragonal,4,3,1,False,False,False,0.074564968,2.0
Ni2FeGa,Inverse,1.24,1.26,1.35,,I-4m2,-0.210213814,0.06028969,6.1912111,3.09560555,562.5,tetragonal,4,3,1,False,False,False,0.06028969,2.0
Ni2CoAl,Inverse,1.24,1.25,1.43,,I-4m2,-0.323489594,0.077298374,3.6872324,1.8436162,385.1,tetragonal,4,3,1,False,False,False,0.077298374,2.0
Ni2CoGa,Inverse,1.24,1.25,1.35,,I-4m2,-0.199027814,0.075698465,3.6717344,1.8358672,373.9,tetragonal,4,3,1,False,False,False,0.075698465,2.0
Cu2VSi,Inverse,1.28,1.34,1.11,,I-4m2,-0.013263244,0.252181977,2.8879342,1.4439671,457.3,tetragonal,4,3,1,False,False,False,0.252181977,2.0
Cu2MnAl,Inverse,1.28,1.27,1.43,,I-4m2,-0.116714332,0.072375753,6.6767805,3.33839025,508.6,tetragonal,4,3,1,False,False,False,0.072375753,2.0
Cu2MnGa,Inverse,1.28,1.27,1.35,,I-4m2,-0.06378537,0.027376195,6.9001765,3.45008825,574.2,tetragonal,4,3,1,False,False,False,0.027376195,2.0
Zn2VAl,Inverse,1.34,1.34,1.43,,I-4m2,-0.002627139,0.140792536,3.8368401,1.91842005,590.1,tetragonal,4,3,1,False,False,False,0.140792536,2.0
Ru2MnAl,Inverse,1.34,1.27,1.43,,I-4m2,-0.231622094,0.167072482,5.0606141,2.53030705,646.1,tetragonal,4,3,1,False,False,False,0.167072482,2.0
Ru2MnGe,Inverse,1.34,1.27,1.22,,I-4m2,-0.079136846,0.185210378,5.0952785,2.54763925,713.5,tetragonal,4,3,1,False,False,False,0.185210378,2.0
Rh2CrAl,Inverse,1.34,1.28,1.43,,I-4m2,-0.400238839,0.189678338,4.668822,2.334411,670.3,tetragonal,4,3,1,False,False,False,0.189678338,2.0
Sc2MnTl,Inverse,1.62,1.27,1.7,,I-4m2,-0.042453538,0.178087962,3.6255273,1.81276365,757.0,tetragonal,4,3,1,False,False,False,0.178087962,2.0
Ti2RuSn,Inverse,1.47,1.34,0.0,,I-4m2,-0.358980361,0.250265815,3.9999993,1.99999965,746.4,tetragonal,4,3,1,False,False,False,0.250265815,2.0
Ti2RhAl,Inverse,1.47,1.34,1.43,,F-43m,-0.567996515,0.105544043,2.0000193,2.0000193,694.3,cubic,4,3,1,False,False,False,0.105544043,1.0
Ti2RhIn,Inverse,1.47,1.34,1.67,,F-43m,-0.36513884,0.158163959,4.000322,2.000161,712.4,cubic,4,3,1,False,False,False,0.158163959,2.0
Ti2RhSn,Inverse,1.47,1.34,0.0,,F-43m,-0.451015942,0.163093658,6.0000314,3.0000157,1132.9,cubic,4,3,1,False,False,False,0.163093658,2.0
Ti2PdAl,Inverse,1.47,1.37,1.43,,F-43m,-0.43989258,0.127790826,6.0000011,3.00000055,1258.8,cubic,4,3,1,False,False,False,0.127790826,2.0
Ti2PdIn,Inverse,1.47,1.37,1.67,,F-43m,-0.301083053,0.104865026,3.0000372,3.0000372,1268.2,cubic,4,3,1,False,False,False,0.104865026,1.0
Ti2PdTl,Inverse,1.47,1.37,1.7,,I-4m2,-0.126978064,0.240460003,5.7098206,2.8549103,842.5,tetragonal,4,3,1,False,False,False,0.240460003,2.0
Ti2PdPb,Inverse,1.47,1.37,1.75,,I-4m2,-0.162328496,0.205109571,4.0283083,2.01415415,384.8,tetragonal,4,3,1,False,False,False,0.205109571,2.0
Ti2OsSi,Inverse,1.47,1.35,1.11,,F-43m,-0.513238594,0.266571179,1.9971367,1.9971367,611.6,cubic,4,3,1,False,False,False,0.266571179,1.0
Ti2IrAl,Inverse,1.47,1.35,1.43,,F-43m,-0.668242157,0.053036716,2.0000041,2.0000041,689.4,cubic,4,3,1,False,False,False,0.053036716,1.0
Ti2IrGa,Inverse,1.47,1.35,1.35,,F-43m,-0.598866942,0.104530899,2.0000005,2.0000005,726.3,cubic,4,3,1,False,False,False,0.104530899,1.0
Ti2IrIn,Inverse,1.47,1.35,1.67,,F-43m,-0.391538038,0.186479194,4.0,2.0,675.3,cubic,4,3,1,False,False,False,0.186479194,2.0
Ti2PtAl,Inverse,1.47,1.39,1.43,,F-43m,-0.65109101,0.126491591,2.9999992,2.9999992,1146.2,cubic,4,3,1,False,False,False,0.126491591,1.0
Ti2PtIn,Inverse,1.47,1.39,1.67,,F-43m,-0.432541766,0.175862098,6.0,3.0,1189.1,cubic,4,3,1,False,False,False,0.175862098,2.0
Ti2AuIn,Inverse,1.47,1.44,1.67,,I-4m2,-0.203110974,0.137848045,3.8387595,1.91937975,329.4,tetragonal,4,3,1,False,False,False,0.137848045,2.0
Ti2AuTl,Inverse,1.47,1.44,1.7,,I-4m2,-0.046494193,0.269912618,3.8228196,1.9114098,362.5,tetragonal,4,3,1,False,False,False,0.269912618,2.0
V2CoGa,Inverse,1.34,1.25,1.35,,I-4m2,-0.120948824,0.125506215,3.9442746,1.9721373,532.9,tetragonal,4,3,1,False,False,False,0.125506215,2.0
V2MoAl,Inverse,1.34,1.39,1.43,,F-43m,-0.069054877,0.131283148,1.0694593,1.0694593,429.4,cubic,4,3,1,False,False,False,0.131283148,1.0
V2RuSn,Inverse,1.34,1.34,0.0,,I-4m2,-0.07477344,0.200208322,3.6217093,1.81085465,456.9,tetragonal,4,3,1,False,False,False,0.200208322,2.0
V2RhAl,Inverse,1.34,1.34,1.43,,F-43m,-0.389481559,0.159120304,3.9072258,1.9536129,560.6,cubic,4,3,1,False,False,False,0.159120304,2.0
V2RhSi,Inverse,1.34,1.34,1.11,,I-4m2,-0.419734961,0.137477925,1.9197387,0.95986935,338.2,tetragonal,4,3,1,False,False,False,0.137477925,2.0
V2RhGa,Inverse,1.34,1.34,1.35,,F-43m,-0.30754313,0.09970686,3.7173647,1.85868235,506.0,cubic,4,3,1,False,False,False,0.09970686,2.0
V2PdSb,Inverse,1.34,1.37,1.59,,I-4m2,-0.074608388,0.217662316,0.8878443,0.44392215,381.9,tetragonal,4,3,1,False,False,False,0.217662316,2.0
V2ReAl,Inverse,1.34,1.37,1.43,,F-43m,-0.209792265,0.114037627,3.8060777,1.90303885,621.8,cubic,4,3,1,False,False,False,0.114037627,2.0
V2ReGa,Inverse,1.34,1.37,1.35,,F-43m,-0.115015369,0.186326561,3.7291155,1.86455775,627.3,cubic,4,3,1,False,False,False,0.186326561,2.0
V2IrAl,Inverse,1.34,1.35,1.43,,F-43m,-0.480377615,0.085189264,1.9192321,1.9192321,357.2,cubic,4,3,1,False,False,False,0.085189264,1.0
V2IrGa,Inverse,1.34,1.35,1.35,,F-43m,-0.34807307,0.106307268,3.6799911,1.83999555,332.5,cubic,4,3,1,False,False,False,0.106307268,2.0
V2PtAl,Inverse,1.34,1.39,1.43,,F-43m,-0.407715425,0.166075626,0.9937311,0.9937311,492.1,cubic,4,3,1,False,False,False,0.166075626,1.0
V2PtSb,Inverse,1.34,1.39,1.59,,I-4m2,-0.147266721,0.276782668,1.1086626,0.5543313,442.7,tetragonal,4,3,1,False,False,False,0.276782668,2.0
Cr2RuP,Inverse,1.28,1.34,1.07,,F-43m,-0.129847143,0.264914099,2.1424667,1.07123335,382.9,cubic,4,3,1,False,False,False,0.264914099,2.0
Cr2RhGe,Inverse,1.28,1.34,1.22,,I-4m2,-0.139644125,0.138234615,0.8296858,0.4148429,1481.5,tetragonal,4,3,1,False,False,False,0.138234615,2.0
Cr2RhSn,Inverse,1.28,1.34,0.0,,I-4m2,-0.037223489,0.226920616,0.2148926,0.1074463,1544.3,tetragonal,4,3,1,False,False,False,0.226920616,2.0
Cr2PdGa,Inverse,1.28,1.37,1.35,,I-4m2,-0.10934852,0.220168592,0.1913824,0.0956912,1813.2,tetragonal,4,3,1,False,False,False,0.220168592,2.0
Cr2PdGe,Inverse,1.28,1.37,1.22,,I-4m2,-0.07665463,0.192743084,0.0791429,0.03957145,1811.0,tetragonal,4,3,1,False,False,False,0.192743084,2.0
Cr2PdAs,Inverse,1.28,1.37,1.19,,I-4m2,-0.026037464,0.167945064,0.4200284,0.2100142,1517.8,tetragonal,4,3,1,False,False,False,0.167945064,2.0
Cr2PdSn,Inverse,1.28,1.37,0.0,,I-4m2,-0.024288943,0.26501499,0.1672346,0.0836173,1758.9,tetragonal,4,3,1,False,False,False,0.26501499,2.0
Cr2ReAl,Inverse,1.28,1.37,1.43,,F-43m,-0.023713209,0.128031557,3.6802066,1.8401033,395.8,cubic,4,3,1,False,False,False,0.128031557,2.0
Cr2IrAl,Inverse,1.28,1.35,1.43,,F-43m,-0.284836444,0.188325934,0.0165642,0.0082821,1309.6,cubic,4,3,1,False,False,False,0.188325934,2.0
Cr2IrSi,Inverse,1.28,1.35,1.11,,F-43m,-0.27012641,0.143439789,1.0061218,1.0061218,726.1,cubic,4,3,1,False,False,False,0.143439789,1.0
Cr2IrGe,Inverse,1.28,1.35,1.22,,I-4m2,-0.104256471,0.106601024,0.5786882,0.2893441,1291.8,tetragonal,4,3,1,False,False,False,0.106601024,2.0
Cr2PtAl,Inverse,1.28,1.39,1.43,,I-4m2,-0.321538448,0.202619124,0.2955908,0.1477954,1700.6,tetragonal,4,3,1,False,False,False,0.202619124,2.0
Cr2PtSi,Inverse,1.28,1.39,1.11,,I-4m2,-0.273463763,0.178322669,0.0140522,0.0070261,1633.2,tetragonal,4,3,1,False,False,False,0.178322669,2.0
Cr2PtGa,Inverse,1.28,1.39,1.35,,I-4m2,-0.226437588,0.102252817,0.222981,0.1114905,1733.7,tetragonal,4,3,1,False,False,False,0.102252817,2.0
Cr2PtGe,Inverse,1.28,1.39,1.22,,I-4m2,-0.158456009,0.079455226,0.0971754,0.0485877,1726.6,tetragonal,4,3,1,False,False,False,0.079455226,2.0
Cr2PtIn,Inverse,1.28,1.39,1.67,,I-4m2,-0.050557872,0.209647601,0.0040361,0.00201805,1660.4,tetragonal,4,3,1,False,False,False,0.209647601,2.0
Cr2PtSn,Inverse,1.28,1.39,0.0,,I-4m2,-0.09966176,0.214791613,0.0831536,0.0415768,1754.0,tetragonal,4,3,1,False,False,False,0.214791613,2.0
Cr2PtSb,Inverse,1.28,1.39,1.59,,I-4m2,-0.01328626,0.212011254,0.2228308,0.1114154,1078.0,tetragonal,4,3,1,False,False,False,0.212011254,2.0
Cr2AuAl,Inverse,1.28,1.44,1.43,,I-4m2,-0.039048229,0.158754169,0.1287882,0.0643941,1931.5,tetragonal,4,3,1,False,False,False,0.158754169,2.0
Mn2CrP,Inverse,1.27,1.28,1.07,,F-43m,-0.330495593,0.117427626,2.1316918,1.0658459,358.8,cubic,4,3,1,False,False,False,0.117427626,2.0
Mn2FeP,Inverse,1.27,1.26,1.07,,F-43m,-0.344343755,0.140241042,5.99997,2.999985,357.3,cubic,4,3,1,False,False,False,0.140241042,2.0
Mn2FeGa,Inverse,1.27,1.26,1.35,,I-4m2,-0.17672739,0.0,1.4702515,0.73512575,994.7,tetragonal,4,3,1,False,False,False,0.0,2.0
Mn2FeGe,Inverse,1.27,1.26,1.22,,F-43m,-0.20535996,0.0,2.0049997,2.0049997,505.7,cubic,4,3,1,False,False,False,0.0,1.0
Mn2CoP,Inverse,1.27,1.25,1.07,,F-43m,-0.331486381,0.218205064,8.0,4.0,750.0,cubic,4,3,1,False,False,False,0.218205064,2.0
Mn2NiAl,Inverse,1.27,1.24,1.43,,I-4m2,-0.342169023,0.0,2.1100553,1.05502765,974.6,tetragonal,4,3,1,False,False,False,0.0,2.0
Mn2NiSi,Inverse,1.27,1.24,1.11,,I-4m2,-0.380797045,0.0,0.6252087,0.31260435,769.0,tetragonal,4,3,1,False,False,False,0.0,2.0
Mn2ZrGa,Inverse,1.27,1.6,1.35,,I-4m2,-0.181234872,0.133761716,9.5258908,4.7629454,782.8,tetragonal,4,3,1,False,False,False,0.133761716,2.0
Mn2ZrIn,Inverse,1.27,1.6,1.67,,I-4m2,-0.008562646,0.168189172,10.4587418,5.2293709,829.3,tetragonal,4,3,1,False,False,False,0.168189172,2.0
Mn2ZrSn,Inverse,1.27,1.6,0.0,,I-4m2,-0.083951349,0.214030417,10.9072006,5.4536003,571.4,tetragonal,4,3,1,False,False,False,0.214030417,2.0
Mn2NbGa,Inverse,1.27,1.46,1.35,,I-4m2,-0.131792384,0.045128942,6.1747346,3.0873673,545.4,tetragonal,4,3,1,False,False,False,0.045128942,2.0
Mn2NbGe,Inverse,1.27,1.46,1.22,,I-4m2,-0.145601921,0.140023402,2.2231846,1.1115923,569.3,tetragonal,4,3,1,False,False,False,0.140023402,2.0
Mn2RuAl,Inverse,1.27,1.34,1.43,,F-43m,-0.33434877,0.0,2.0183186,1.0091593,650.8,cubic,4,3,1,False,False,False,0.0,2.0
Mn2RuGa,Inverse,1.27,1.34,1.35,,I-4m2,-0.249669954,0.0,0.4538258,0.2269129,1170.1,tetragonal,4,3,1,False,False,False,0.0,2.0
Mn2RuGe,Inverse,1.27,1.34,1.22,,F-43m,-0.244362011,0.0,2.0059801,2.0059801,467.2,cubic,4,3,1,False,False,False,0.0,1.0
Mn2RuIn,Inverse,1.27,1.34,1.67,,I-4m2,-0.002398019,0.051658165,0.276077,0.1380385,1147.4,tetragonal,4,3,1,False,False,False,0.051658165,2.0
Mn2RuSn,Inverse,1.27,1.34,0.0,,I-4m2,-0.105894378,0.003946399,0.0489031,0.02445155,850.1,tetragonal,4,3,1,False,False,False,0.003946399,2.0
Mn2RuSb,Inverse,1.27,1.34,1.59,,I-4m2,-0.071951121,0.034043331,0.4015684,0.2007842,568.2,tetragonal,4,3,1,False,False,False,0.034043331,2.0
Mn2RhAl,Inverse,1.27,1.34,1.43,,I-4m2,-0.476760721,0.071841141,0.4505864,0.2252932,1065.9,tetragonal,4,3,1,False,False,False,0.071841141,2.0
Mn2RhGa,Inverse,1.27,1.34,1.35,,I-4m2,-0.39503047,0.0,0.3283433,0.16417165,1102.0,tetragonal,4,3,1,False,False,False,0.0,2.0
Mn2RhGe,Inverse,1.27,1.34,1.22,,I-4m2,-0.338564569,0.0,1.6388978,0.8194489,693.0,tetragonal,4,3,1,False,False,False,0.0,2.0
Mn2RhIn,Inverse,1.27,1.34,1.67,,I-4m2,-0.185588385,0.03090397,0.0256198,0.0128099,996.1,tetragonal,4,3,1,False,False,False,0.03090397,2.0
Mn2RhSn,Inverse,1.27,1.34,0.0,,I-4m2,-0.238019216,0.037912272,1.5885152,0.7942576,408.3,tetragonal,4,3,1,False,False,False,0.037912272,2.0
Mn2RhSb,Inverse,1.27,1.34,1.59,,I-4m2,-0.183238338,0.070963462,0.0282414,0.0141207,884.3,tetragonal,4,3,1,False,False,False,0.070963462,2.0
Mn2PdAl,Inverse,1.27,1.37,1.43,,I-4m2,-0.384715144,0.071478364,1.9021805,0.95109025,887.0,tetragonal,4,3,1,False,False,False,0.071478364,2.0
Mn2PdIn,Inverse,1.27,1.37,1.67,,I-4m2,-0.148393686,0.112020807,0.5683989,0.28419945,346.3,tetragonal,4,3,1,False,False,False,0.112020807,2.0
Mn2PdSn,Inverse,1.27,1.37,0.0,,I-4m2,-0.190913431,0.098390501,0.4850226,0.2425113,743.1,tetragonal,4,3,1,False,False,False,0.098390501,2.0
Mn2AgAl,Inverse,1.27,1.44,1.43,,F-43m,-0.018498415,0.170770954,0.331878,0.331878,1218.5,cubic,4,3,1,False,False,False,0.170770954,1.0
Mn2HfAl,Inverse,1.27,1.59,1.43,,I-4m2,-0.198503706,0.120177907,9.0411753,4.52058765,863.3,tetragonal,4,3,1,False,False,False,0.120177907,2.0
Mn2HfGa,Inverse,1.27,1.59,1.35,,I-4m2,-0.197249078,0.087002173,9.1466255,4.57331275,845.2,tetragonal,4,3,1,False,False,False,0.087002173,2.0
Mn2HfSb,Inverse,1.27,1.59,1.59,,I-4m2,-0.094587509,0.181150153,1.8626043,0.93130215,859.3,tetragonal,4,3,1,False,False,False,0.181150153,2.0
Mn2TaGa,Inverse,1.27,1.46,1.35,,I-4m2,-0.14427714,0.067830996,6.1491901,3.07459505,570.6,tetragonal,4,3,1,False,False,False,0.067830996,2.0
Mn2ReGe,Inverse,1.27,1.37,1.22,,I-4m2,-0.069251479,0.052388103,0.4342847,0.21714235,681.2,tetragonal,4,3,1,False,False,False,0.052388103,2.0
Mn2OsAl,Inverse,1.27,1.35,1.43,,I-4m2,-0.279536636,0.0,2.0161067,1.00805335,412.3,tetragonal,4,3,1,False,False,False,0.0,2.0
Mn2OsGa,Inverse,1.27,1.35,1.35,,I-4m2,-0.165235126,0.0,0.4824755,0.24123775,960.9,tetragonal,4,3,1,False,False,False,0.0,2.0
Mn2OsGe,Inverse,1.27,1.35,1.22,,I-4m2,-0.134722595,0.0,0.0675802,0.0337901,705.9,tetragonal,4,3,1,False,False,False,0.0,2.0
Mn2IrAl,Inverse,1.27,1.35,1.43,,I-4m2,-0.506829428,0.0,0.4461983,0.22309915,947.3,tetragonal,4,3,1,False,False,False,0.0,2.0
Mn2IrGa,Inverse,1.27,1.35,1.35,,I-4m2,-0.385350985,0.0,0.3937454,0.1968727,983.8,tetragonal,4,3,1,False,False,False,0.0,2.0
Mn2IrGe,Inverse,1.27,1.35,1.22,,I-4m2,-0.288670685,0.0,1.0976865,0.54884325,638.2,tetragonal,4,3,1,False,False,False,0.0,2.0
Mn2IrIn,Inverse,1.27,1.35,1.67,,I-4m2,-0.145790515,0.006084899,0.0965665,0.04828325,887.6,tetragonal,4,3,1,False,False,False,0.006084899,2.0
Mn2IrSn,Inverse,1.27,1.35,0.0,,I-4m2,-0.176505724,0.025478881,1.0773806,0.5386903,447.3,tetragonal,4,3,1,False,False,False,0.025478881,2.0
Mn2PtAl,Inverse,1.27,1.39,1.43,,I-4m2,-0.539220829,0.0,1.7081545,0.85407725,828.8,tetragonal,4,3,1,False,False,False,0.0,2.0
Mn2PtGa,Inverse,1.27,1.39,1.35,,I-4m2,-0.414888624,0.0,1.751089,0.8755445,705.7,tetragonal,4,3,1,False,False,False,0.0,2.0
Mn2PtSn,Inverse,1.27,1.39,0.0,,I-4m2,-0.226228534,0.088224839,0.0776322,0.0388161,724.4,tetragonal,4,3,1,False,False,False,0.088224839,2.0
Mn2PtSb,Inverse,1.27,1.39,1.59,,I-4m2,-0.114398038,0.166252517,14.1691482,7.0845741,385.3,tetragonal,4,3,1,False,False,False,0.166252517,2.0
Mn2AuIn,Inverse,1.27,1.44,1.67,,I-4m2,-0.000972162,0.116606103,0.0678258,0.0339129,781.6,tetragonal,4,3,1,False,False,False,0.116606103,2.0
Fe2MnP,Inverse,1.26,1.27,1.07,,F-43m,-0.235877153,0.248707644,7.7991546,3.8995773,716.4,cubic,4,3,1,False,False,False,0.248707644,2.0
Fe2MnGe,Inverse,1.26,1.27,1.22,,I-4m2,-0.100549897,0.027353612,13.628266,6.814133,935.3,tetragonal,4,3,1,False,False,False,0.027353612,2.0
Fe2CoP,Inverse,1.26,1.25,1.07,,F-43m,-0.204784572,0.277444434,5.7238241,5.7238241,1281.2,cubic,4,3,1,False,False,False,0.277444434,1.0
Fe2CoAs,Inverse,1.26,1.25,1.19,,F-43m,-0.047784198,0.107795645,5.9087094,5.9087094,1232.6,cubic,4,3,1,False,False,False,0.107795645,1.0
Fe2NiAl,Inverse,1.26,1.24,1.43,,I-4m2,-0.291949015,0.042774163,9.6157064,4.8078532,999.9,tetragonal,4,3,1,False,False,False,0.042774163,2.0
Fe2NbGa,Inverse,1.26,1.46,1.35,,I-4m2,-0.064290063,0.199385509,8.0369157,4.01845785,719.4,tetragonal,4,3,1,False,False,False,0.199385509,2.0
Fe2MoSi,Inverse,1.26,1.39,1.11,,F-43m,-0.163072017,0.15708961,3.2134723,3.2134723,381.5,cubic,4,3,1,False,False,False,0.15708961,1.0
Fe2RuGa,Inverse,1.26,1.34,1.35,,F-43m,-0.091228895,0.061545564,11.0331065,5.51655325,713.3,cubic,4,3,1,False,False,False,0.061545564,2.0
Fe2RuGe,Inverse,1.26,1.34,1.22,,I-4m2,-0.104908495,0.04366653,9.9874008,4.9937004,973.5,tetragonal,4,3,1,False,False,False,0.04366653,2.0
Fe2RhAl,Inverse,1.26,1.34,1.43,,F-43m,-0.386598886,0.162002976,9.8412242,4.9206121,1063.4,cubic,4,3,1,False,False,False,0.162002976,2.0
Fe2RhGe,Inverse,1.26,1.34,1.22,,F-43m,-0.203507175,0.074371565,5.0321709,5.0321709,1014.4,cubic,4,3,1,False,False,False,0.074371565,1.0
Fe2RhAs,Inverse,1.26,1.34,1.19,,F-43m,-0.052802049,0.194466382,11.5852958,5.7926479,953.8,cubic,4,3,1,False,False,False,0.194466382,2.0
Fe2RhSn,Inverse,1.26,1.34,0.0,,I-4m2,-0.098414876,0.165729229,10.3905577,5.19527885,1057.8,tetragonal,4,3,1,False,False,False,0.165729229,2.0
Fe2RhSb,Inverse,1.26,1.34,1.59,,F-43m,-0.039866981,0.214334818,5.4910053,5.4910053,860.3,cubic,4,3,1,False,False,False,0.214334818,1.0
Fe2PdAl,Inverse,1.26,1.37,1.43,,I-4m2,-0.303964349,0.152229159,9.5739733,4.78698665,1032.3,tetragonal,4,3,1,False,False,False,0.152229159,2.0
Fe2PdGa,Inverse,1.26,1.37,1.35,,F-43m,-0.180065052,0.149452059,5.0717246,5.0717246,921.8,cubic,4,3,1,False,False,False,0.149452059,1.0
Fe2PdGe,Inverse,1.26,1.37,1.22,,I-4m2,-0.08783144,0.17747966,10.3532755,5.17663775,802.2,tetragonal,4,3,1,False,False,False,0.17747966,2.0
Fe2PdSn,Inverse,1.26,1.37,0.0,,F-43m,-0.048801729,0.240502204,5.3048603,5.3048603,856.6,cubic,4,3,1,False,False,False,0.240502204,1.0
Fe2OsAl,Inverse,1.26,1.35,1.43,,F-43m,-0.132711874,0.077995787,4.3943149,4.3943149,429.8,cubic,4,3,1,False,False,False,0.077995787,1.0
Fe2OsSi,Inverse,1.26,1.35,1.11,,F-43m,-0.201827259,0.090769296,4.4041975,4.4041975,820.1,cubic,4,3,1,False,False,False,0.090769296,1.0
Fe2IrAl,Inverse,1.26,1.35,1.43,,F-43m,-0.379094238,0.09406814,5.0362443,5.0362443,1085.2,cubic,4,3,1,False,False,False,0.09406814,1.0
Fe2IrSi,Inverse,1.26,1.35,1.11,,F-43m,-0.343663195,0.028995888,4.9005054,4.9005054,1166.4,cubic,4,3,1,False,False,False,0.028995888,1.0
Fe2IrGa,Inverse,1.26,1.35,1.35,,I-4m2,-0.201417157,0.012768531,10.3910308,5.1955154,1005.3,tetragonal,4,3,1,False,False,False,0.012768531,2.0
Fe2IrGe,Inverse,1.26,1.35,1.22,,F-43m,-0.120332227,0.048001726,4.9809096,4.9809096,1047.1,cubic,4,3,1,False,False,False,0.048001726,1.0
Fe2PtAl,Inverse,1.26,1.39,1.43,,F-43m,-0.428357558,0.095800014,5.0218881,5.0218881,1137.7,cubic,4,3,1,False,False,False,0.095800014,1.0
Fe2PtGa,Inverse,1.26,1.39,1.35,,I-4m2,-0.253847675,0.07484273,10.3481112,5.1740556,996.7,tetragonal,4,3,1,False,False,False,0.07484273,2.0
Fe2PtIn,Inverse,1.26,1.39,1.67,,I-4m2,-0.051249919,0.208955555,10.6982329,5.34911645,1010.9,tetragonal,4,3,1,False,False,False,0.208955555,2.0
Fe2PtSn,Inverse,1.26,1.39,0.0,,I-4m2,-0.068754366,0.245699007,10.4161738,5.2080869,949.2,tetragonal,4,3,1,False,False,False,0.245699007,2.0
Fe2AuAl,Inverse,1.26,1.44,1.43,,I-4m2,-0.106965055,0.115218401,9.7306602,4.8653301,1030.2,tetragonal,4,3,1,False,False,False,0.115218401,2.0
Co2RuAl,Inverse,1.25,1.34,1.43,,F-43m,-0.177600851,0.162226129,7.7184329,3.85921645,997.2,cubic,4,3,1,False,False,False,0.162226129,2.0
Co2RuGa,Inverse,1.25,1.34,1.35,,F-43m,-0.027424401,0.133795608,7.7024132,3.8512066,956.1,cubic,4,3,1,False,False,False,0.133795608,2.0
Co2RuGe,Inverse,1.25,1.34,1.22,,F-43m,-0.023815736,0.129881521,6.4150059,3.20750295,847.2,cubic,4,3,1,False,False,False,0.129881521,2.0
Co2RhAl,Inverse,1.25,1.34,1.43,,I-4m2,-0.318146923,0.23890049,6.7723225,3.38616125,944.5,tetragonal,4,3,1,False,False,False,0.23890049,2.0
Co2RhGa,Inverse,1.25,1.34,1.35,,I-4m2,-0.161388484,0.192181295,6.6930627,3.34653135,903.2,tetragonal,4,3,1,False,False,False,0.192181295,2.0
Co2RhSb,Inverse,1.25,1.34,1.59,,I-4m2,-0.039930564,0.222716786,4.8652641,2.43263205,538.0,tetragonal,4,3,1,False,False,False,0.222716786,2.0
Co2PdAl,Inverse,1.25,1.37,1.43,,I-4m2,-0.290746251,0.179828998,5.4887817,2.74439085,845.5,tetragonal,4,3,1,False,False,False,0.179828998,2.0
Co2PdGa,Inverse,1.25,1.37,1.35,,I-4m2,-0.153108199,0.184854463,5.5141494,2.7570747,799.1,tetragonal,4,3,1,False,False,False,0.184854463,2.0
Co2PdSn,Inverse,1.25,1.37,0.0,,I-4m2,-0.037405341,0.260344141,5.0560171,2.52800855,612.4,tetragonal,4,3,1,False,False,False,0.260344141,2.0
Co2IrAl,Inverse,1.25,1.35,1.43,,I-4m2,-0.296096193,0.185511735,6.7979212,3.3989606,958.8,tetragonal,4,3,1,False,False,False,0.185511735,2.0
Co2PtAl,Inverse,1.25,1.39,1.43,,I-4m2,-0.399613291,0.13298983,5.6835919,2.84179595,836.0,tetragonal,4,3,1,False,False,False,0.13298983,2.0
Co2PtGa,Inverse,1.25,1.39,1.35,,I-4m2,-0.218916755,0.1182192,5.7950923,2.89754615,786.2,tetragonal,4,3,1,False,False,False,0.1182192,2.0
Co2PtSn,Inverse,1.25,1.39,0.0,,I-4m2,-0.072702526,0.250196397,4.9551056,2.4775528,630.8,tetragonal,4,3,1,False,False,False,0.250196397,2.0
Ni2CrGa,Inverse,1.24,1.28,1.35,,I-4m2,-0.120381474,0.15012203,6.4079629,3.20398145,326.5,tetragonal,4,3,1,False,False,False,0.15012203,2.0
Zr2CrAl,Inverse,1.6,1.28,1.43,,I-4m2,-0.050335469,0.234599733,4.6099016,2.3049508,388.2,tetragonal,4,3,1,False,False,False,0.234599733,2.0
Zr2MnAl,Inverse,1.6,1.27,1.43,,I-4m2,-0.177369924,0.161747614,4.5551988,2.2775994,318.1,tetragonal,4,3,1,False,False,False,0.161747614,2.0
Zr2MnIn,Inverse,1.6,1.27,1.67,,I-4m2,-0.074477617,0.178226261,5.0341956,2.5170978,356.3,tetragonal,4,3,1,False,False,False,0.178226261,2.0
Mo2VAl,Inverse,1.39,1.34,1.43,,I-4m2,-0.072128219,0.168452215,2.6741242,1.3370621,398.0,tetragonal,4,3,1,False,False,False,0.168452215,2.0
Ru2CrGa,Inverse,1.34,1.28,1.35,,I-4m2,-0.022159561,0.16426607,2.5626593,1.28132965,421.9,tetragonal,4,3,1,False,False,False,0.16426607,2.0
Ru2MnSi,Inverse,1.34,1.27,1.11,,I-4m2,-0.173625832,0.29087255,4.5260863,2.26304315,594.4,tetragonal,4,3,1,False,False,False,0.29087255,2.0
Ru2MnGa,Inverse,1.34,1.27,1.35,,I-4m2,-0.107640134,0.146519814,4.8200076,2.4100038,684.2,tetragonal,4,3,1,False,False,False,0.146519814,2.0
Rh2VSn,Inverse,1.34,1.34,0.0,,I-4m2,-0.276873901,0.183167789,3.0377301,1.51886505,456.6,tetragonal,4,3,1,False,False,False,0.183167789,2.0
Rh2CrGa,Inverse,1.34,1.28,1.35,,I-4m2,-0.275974711,0.127301905,4.6988031,2.34940155,742.0,tetragonal,4,3,1,False,False,False,0.127301905,2.0
Rh2CrIn,Inverse,1.34,1.28,1.67,,I-4m2,-0.080971022,0.176836647,5.0639193,2.53195965,584.8,tetragonal,4,3,1,False,False,False,0.176836647,2.0
Rh2MnAl,Inverse,1.34,1.27,1.43,,I-4m2,-0.499282745,0.193592413,6.4053386,3.2026693,397.4,tetragonal,4,3,1,False,False,False,0.193592413,2.0
Rh2MnGa,Inverse,1.34,1.27,1.35,,I-4m2,-0.363700516,0.173807943,6.5788553,3.28942765,430.4,tetragonal,4,3,1,False,False,False,0.173807943,2.0
Rh2MnIn,Inverse,1.34,1.27,1.67,,I-4m2,-0.191075941,0.152149458,7.0345251,3.51726255,393.3,tetragonal,4,3,1,False,False,False,0.152149458,2.0
Pd2CrAl,Inverse,1.37,1.28,1.43,,I-4m2,-0.371334486,0.250069755,7.3688767,3.68443835,313.5,tetragonal,4,3,1,False,False,False,0.250069755,2.0
Pd2CrSn,Inverse,1.37,1.28,0.0,,I-4m2,-0.239157197,0.191799916,7.8804822,3.9402411,376.5,tetragonal,4,3,1,False,False,False,0.191799916,2.0
Pd2CrBi,Inverse,1.37,1.28,1.7,,I-4m2,-0.024557904,0.191726885,8.0987225,4.04936125,305.8,tetragonal,4,3,1,False,False,False,0.191726885,2.0
Pd2FeAl,Inverse,1.37,1.26,1.43,,I-4m2,-0.397454998,0.223949244,6.0459812,3.0229906,338.3,tetragonal,4,3,1,False,False,False,0.223949244,2.0
Hf2CrGa,Inverse,1.59,1.28,1.35,,I-4m2,-0.058898885,0.266864848,3.9677486,1.9838743,360.5,tetragonal,4,3,1,False,False,False,0.266864848,2.0
Hf2MnGa,Inverse,1.59,1.27,1.35,,I-4m2,-0.19190257,0.188953633,4.5692523,2.28462615,439.3,tetragonal,4,3,1,False,False,False,0.188953633,2.0
Hf2MnSn,Inverse,1.59,1.27,0.0,,I-4m2,-0.129625011,0.230244444,5.70142,2.85071,530.6,tetragonal,4,3,1,False,False,False,0.230244444,2.0
Re2CoAl,Inverse,1.37,1.25,1.43,,F-43m,-0.105993064,0.201084869,3.4619189,1.73095945,509.8,cubic,4,3,1,False,False,False,0.201084869,2.0
Pt2CrAl,Inverse,1.39,1.28,1.43,,I-4m2,-0.506640083,0.14074942,6.5641793,3.28208965,322.6,tetragonal,4,3,1,False,False,False,0.14074942,2.0
Pt2CoAl,Inverse,1.39,1.25,1.43,,I-4m2,-0.471359173,0.180253105,3.7866298,1.8933149,360.5,tetragonal,4,3,1,False,False,False,0.180253105,2.0
Pt2CoGa,Inverse,1.39,1.25,1.35,,I-4m2,-0.253815966,0.163385629,3.8170026,1.9085013,308.0,tetragonal,4,3,1,False,False,False,0.163385629,2.0
Au2CrAl,Inverse,1.44,1.28,1.43,,I-4m2,-0.115576723,0.128238823,8.0800147,4.04000735,317.7,tetragonal,4,3,1,False,False,False,0.128238823,2.0
Co2CoAlAs,Quaternary,1.25,1.25,1.43,1.19,Fm-3m,-0.17423,0.064259,1.618587,0.404647,743.0,cubic,5,3,1,False,True,False,0.064259,4.0
Co2CoAlGa,Quaternary,1.25,1.25,1.43,1.35,Fm-3m,-0.22037,0.165399,1.373934,0.343483,740.0,cubic,5,3,2,True,True,False,0.165399,4.0
Co2CoAlGe,Quaternary,1.25,1.25,1.43,1.22,Fm-3m,-0.10533,0.118926,2.926186,0.731546,1177.0,cubic,5,3,2,True,True,False,0.118926,4.0
Co2CoAlIn,Quaternary,1.25,1.25,1.43,1.67,Fm-3m,-0.28105,0.107363,2.392029,0.598007,924.0,cubic,5,3,2,True,True,False,0.107363,4.0
Co2CoAlSb,Quaternary,1.25,1.25,1.43,1.59,I4/mmm,-0.23181,0.148654,1.687576,0.421894,761.0,tetragonal,5,3,1,False,True,False,0.148654,4.0
Co2CoAlSi,Quaternary,1.25,1.25,1.43,1.11,I4/mmm,-0.05471,0.138141,2.485546,0.621387,948.0,tetragonal,5,3,2,True,True,False,0.138141,4.0
Co2CoGaAl,Quaternary,1.25,1.25,1.35,1.43,Fm-3m,-0.13963,0.105305,1.984334,0.496084,892.0,cubic,5,3,2,True,True,False,0.105305,4.0
Co2CoGaAs,Quaternary,1.25,1.25,1.35,1.19,Fm-3m,-0.20012,0.165661,2.352327,0.588082,954.0,cubic,5,3,1,False,True,False,0.165661,4.0
Co2CoGaGe,Quaternary,1.25,1.25,1.35,1.22,Fm-3m,-0.23644,0.182144,2.899639,0.72491,1080.0,cubic,5,3,2,True,True,False,0.182144,4.0
Co2CoGaIn,Quaternary,1.25,1.25,1.35,1.67,I4/mmm,-0.00798,0.219579,2.863989,0.715997,1123.0,tetragonal,5,3,2,True,True,False,0.219579,4.0
Co2CoGaSb,Quaternary,1.25,1.25,1.35,1.59,Fm-3m,-0.23957,0.168468,3.086016,0.771504,1089.0,cubic,5,3,1,False,True,False,0.168468,4.0
Co2CoGaSi,Quaternary,1.25,1.25,1.35,1.11,I4/mmm,-0.1534,0.070013,1.99641,0.499103,897.0,tetragonal,5,3,2,True,True,False,0.070013,4.0
Co2CoGeAl,Quaternary,1.25,1.25,1.22,1.43,Fm-3m,-0.22107,0.034125,1.941827,0.485457,760.0,cubic,5,3,2,True,True,False,0.034125,4.0
Co2CoGeAs,Quaternary,1.25,1.25,1.22,1.19,Fm-3m,-0.11083,0.034744,3.071355,0.767839,1119.0,cubic,5,3,1,False,True,False,0.034744,4.0
Co2CoGeGa,Quaternary,1.25,1.25,1.22,1.35,Fm-3m,-0.24608,0.183721,2.703004,0.675751,1063.0,cubic,5,3,2,True,True,False,0.183721,4.0
Co2CoGeIn,Quaternary,1.25,1.25,1.22,1.67,Fm-3m,-0.085,0.05246,2.199142,0.549786,873.0,cubic,5,3,2,True,True,False,0.05246,4.0
Co2CoGeSb,Quaternary,1.25,1.25,1.22,1.59,I4/mmm,-0.13021,0.259729,2.519239,0.62981,964.0,tetragonal,5,3,1,False,True,False,0.259729,4.0
Co2CoGeSi,Quaternary,1.25,1.25,1.22,1.11,I4/mmm,-0.29849,0.141631,2.470668,0.617667,923.0,tetragonal,5,3,2,True,True,False,0.141631,4.0
Co2CoInAl,Quaternary,1.25,1.25,1.67,1.43,Fm-3m,-0.19264,0.171966,2.675258,0.668815,997.0,cubic,5,3,2,True,True,False,0.171966,4.0
Co2CoInAs,Quaternary,1.25,1.25,1.67,1.19,Fm-3m,-0.07824,0.181187,2.167432,0.541858,874.0,cubic,5,3,1,False,True,False,0.181187,4.0
Co2CoInGa,Quaternary,1.25,1.25,1.67,1.35,I4/mmm,-0.1136,0.084239,1.732386,0.433096,815.0,tetragonal,5,3,2,True,True,False,0.084239,4.0
Co2CoInGe,Quaternary,1.25,1.25,1.67,1.22,I4/mmm,-0.04489,0.129815,2.795506,0.698877,1111.0,tetragonal,5,3,2,True,True,False,0.129815,4.0
Co2CoInSb,Quaternary,1.25,1.25,1.67,1.59,Fm-3m,-0.19878,0.115826,1.870463,0.467616,868.0,cubic,5,3,1,False,True,False,0.115826,4.0
Co2CoInSi,Quaternary,1.25,1.25,1.67,1.11,Fm-3m,-0.25766,0.178597,1.640471,0.410118,792.0,cubic,5,3,2,True,True,False,0.178597,4.0
Co2CoSiAl,Quaternary,1.25,1.25,1.11,1.43,I4/mmm,-0.19111,0.177492,3.014208,0.753552,1195.0,tetragonal,5,3,2,True,True,False,0.177492,4.0
Co2CoSiAs,Quaternary,1.25,1.25,1.11,1.19,Fm-3m,-0.25943,0.135106,1.436159,0.35904,738.0,cubic,5,3,1,False,True,False,0.135106,4.0
Co2CoSiGa,Quaternary,1.25,1.25,1.11,1.35,Fm-3m,0.00369,0.069712,2.980967,0.745242,1075.0,cubic,5,3,2,True,True,False,0.069712,4.0
Co2CoSiGe,Quaternary,1.25,1.25,1.11,1.22,Fm-3m,-0.19894,0.124196,2.496404,0.624101,1015.0,cubic,5,3,2,True,True,False,0.124196,4.0
Co2CoSiIn,Quaternary,1.25,1.25,1.11,1.67,Fm-3m,-0.18759,0.214566,2.579282,0.64482,971.0,cubic,5,3,2,True,True,False,0.214566,4.0
Co2CoSiSb,Quaternary,1.25,1.25,1.11,1.59,Fm-3m,-0.09897,0.108525,1.828488,0.457122,702.0,cubic,5,3,1,False,True,False,0.108525,4.0
Co2CrAlAs,Quaternary,1.25,1.28,1.43,1.19,I4/mmm,-0.3531,0.131022,2.482709,0.620677,947.0,tetragonal,5,4,1,False,False,False,0.131022,4.0
Co2CrAlGa,Quaternary,1.25,1.28,1.43,1.35,Fm-3m,-0.21974,0.090388,1.975587,0.493897,802.0,cubic,5,4,2,True,False,False,0.090388,4.0
Co2CrAlGe,Quaternary,1.25,1.28,1.43,1.22,Fm-3m,-0.15653,0.219815,2.479609,0.619902,985.0,cubic,5,4,2,True,False,False,0.219815,4.0
Co2CrAlIn,Quaternary,1.25,1.28,1.43,1.67,I4/mmm,-0.34235,0.156371,1.655568,0.413892,723.0,tetragonal,5,4,2,True,False,False,0.156371,4.0
Co2CrAlSb,Quaternary,1.25,1.28,1.43,1.59,I4/mmm,-0.10446,0.166301,2.244828,0.561207,934.0,tetragonal,5,4,1,False,False,False,0.166301,4.0
Co2CrAlSi,Quaternary,1.25,1.28,1.43,1.11,I4/mmm,-0.20361,0.103754,1.653116,0.413279,794.0,tetragonal,5,4,2,True,False,False,0.103754,4.0
Co2CrGaAl,Quaternary,1.25,1.28,1.35,1.43,Fm-3m,-0.03813,0.13132,2.722988,0.680747,1048.0,cubic,5,4,2,True,False,False,0.13132,4.0
Co2CrGaAs,Quaternary,1.25,1.28,1.35,1.19,Fm-3m,-0.13804,0.247096,2.14835,0.537087,880.0,cubic,5,4,1,False,False,False,0.247096,4.0
Co2CrGaGe,Quaternary,1.25,1.28,1.35,1.22,Fm-3m,-0.27597,0.0,1.726166,0.431541,789.0,cubic,5,4,2,True,False,True,0.0,4.0
Co2CrGaIn,Quaternary,1.25,1.28,1.35,1.67,Fm-3m,-0.16004,0.171956,2.157429,0.539357,873.0,cubic,5,4,2,True,False,False,0.171956,4.0
Co2CrGaSb,Quaternary,1.25,1.28,1.35,1.59,I4/mmm,-0.18367,0.109238,2.23254,0.558135,879.0,tetragonal,5,4,1,False,False,False,0.109238,4.0
Co2CrGaSi,Quaternary,1.25,1.28,1.35,1.11,Fm-3m,-0.28926,0.062285,3.157198,0.7893,1109.0,cubic,5,4,2,True,False,False,0.062285,4.0
Co2CrGeAl,Quaternary,1.25,1.28,1.22,1.43,I4/mmm,-0.17611,0.257092,2.411952,0.602988,943.0,tetragonal,5,4,2,True,False,False,0.257092,4.0
Co2CrGeAs,Quaternary,1.25,1.28,1.22,1.19,I4/mmm,-0.14869,0.065,2.25777,0.564442,929.0,tetragonal,5,4,1,False,False,False,0.065,4.0
Co2CrGeGa,Quaternary,1.25,1.28,1.22,1.35,I4/mmm,-0.1597,0.068522,2.411858,0.602964,1024.0,tetragonal,5,4,2,True,False,False,0.068522,4.0
Co2CrGeIn,Quaternary,1.25,1.28,1.22,1.67,I4/mmm,-0.17344,0.181499,2.708831,0.677208,1074.0,tetragonal,5,4,2,True,False,False,0.181499,4.0
Co2CrGeSb,Quaternary,1.25,1.28,1.22,1.59,Fm-3m,-0.19505,0.039473,1.71809,0.429523,821.0,cubic,5,4,1,False,False,False,0.039473,4.0
Co2CrGeSi,Quaternary,1.25,1.28,1.22,1.11,Fm-3m,-0.30761,0.158754,2.632325,0.658081,1030.0,cubic,5,4,2,True,False,False,0.158754,4.0
Co2CrInAl,Quaternary,1.25,1.28,1.67,1.43,Fm-3m,-0.2158,0.104038,2.591285,0.647821,978.0,cubic,5,4,2,True,False,False,0.104038,4.0
Co2CrInAs,Quaternary,1.25,1.28,1.67,1.19,Fm-3m,-0.16985,0.090482,1.884246,0.471062,849.0,cubic,5,4,1,False,False,False,0.090482,4.0
Co2CrInGa,Quaternary,1.25,1.28,1.67,1.35,Fm-3m,-0.21664,0.206924,1.74004,0.43501,808.0,cubic,5,4,2,True,False,False,0.206924,4.0
Co2CrInGe,Quaternary,1.25,1.28,1.67,1.22,Fm-3m,-0.00754,0.173027,1.737882,0.434471,755.0,cubic,5,4,2,True,False,False,0.173027,4.0
Co2CrInSb,Quaternary,1.25,1.28,1.67,1.59,Fm-3m,-0.17125,0.137679,3.402367,0.850592,1163.0,cubic,5,4,1,False,False,False,0.137679,4.0
Co2CrInSi,Quaternary,1.25,1.28,1.67,1.11,Fm-3m,-0.13733,0.070417,2.875898,0.718975,1070.0,cubic,5,4,2,True,False,False,0.070417,4.0
Co2CrSiAl,Quaternary,1.25,1.28,1.11,1.43,Fm-3m,-0.15345,0.153343,2.290428,0.572607,896.0,cubic,5,4,2,True,False,False,0.153343,4.0
Co2CrSiAs,Quaternary,1.25,1.28,1.11,1.19,I4/mmm,-0.11652,0.194894,1.754404,0.438601,721.0,tetragonal,5,4,1,False,False,False,0.194894,4.0
Co2CrSiGa,Quaternary,1.25,1.28,1.11,1.35,Fm-3m,-0.20727,0.121695,2.822539,0.705635,1030.0,cubic,5,4,2,True,False,False,0.121695,4.0
Co2CrSiGe,Quaternary,1.25,1.28,1.11,1.22,Fm-3m,-0.14483,0.036915,2.095276,0.523819,905.0,cubic,5,4,2,True,False,False,0.036915,4.0
Co2CrSiIn,Quaternary,1.25,1.28,1.11,1.67,Fm-3m,-0.30019,0.173886,1.994277,0.498569,834.0,cubic,5,4,2,True,False,False,0.173886,4.0
Co2CrSiSb,Quaternary,1.25,1.28,1.11,1.59,Fm-3m,-0.0835,0.165831,2.241047,0.560262,841.0,cubic,5,4,1,False,False,False,0.165831,4.0
Co2FeAlAs,Quaternary,1.25,1.26,1.43,1.19,I4/mmm,-0.16004,0.111172,2.418211,0.604553,938.0,tetragonal,5,4,1,False,False,False,0.111172,4.0
Co2FeAlGa,Quaternary,1.25,1.26,1.43,1.35,I4/mmm,-0.03281,0.141517,1.933265,0.483316,841.0,tetragonal,5,4,2,True,False,False,0.141517,4.0
Co2FeAlGe,Quaternary,1.25,1.26,1.43,1.22,Fm-3m,-0.17901,0.0983,2.354034,0.588508,1038.0,cubic,5,4,2,True,False,False,0.0983,4.0
Co2FeAlIn,Quaternary,1.25,1.26,1.43,1.67,Fm-3m,-0.22173,0.215206,1.496783,0.374196,777.0,cubic,5,4,2,True,False,False,0.215206,4.0
Co2FeAlSb,Quaternary,1.25,1.26,1.43,1.59,I4/mmm,-0.1852,0.111599,2.318716,0.579679,947.0,tetragonal,5,4,1,False,False,False,0.111599,4.0
Co2FeAlSi,Quaternary,1.25,1.26,1.43,1.11,Fm-3m,-0.00616,0.148452,2.493264,0.623316,961.0,cubic,5,4,2,True,False,False,0.148452,4.0
Co2FeCrAl,Quaternary,1.25,1.26,1.28,1.43,I4/mmm,-0.12773,0.152595,2.734949,0.683737,1078.0,tetragonal,5,4,1,False,False,False,0.152595,4.0
Co2FeGaAl,Quaternary,1.25,1.26,1.35,1.43,I4/mmm,-0.21616,0.186962,1.448764,0.362191,629.0,tetragonal,5,4,2,True,False,False,0.186962,4.0
Co2FeGaAs,Quaternary,1.25,1.26,1.35,1.19,Fm-3m,-0.12059,0.106062,2.474525,0.618631,983.0,cubic,5,4,1,False,False,False,0.106062,4.0
Co2FeGaGe,Quaternary,1.25,1.26,1.35,1.22,I4/mmm,-0.21694,0.125726,2.452196,0.613049,858.0,tetragonal,5,4,2,True,False,False,0.125726,4.0
Co2FeGaIn,Quaternary,1.25,1.26,1.35,1.67,I4/mmm,-0.29397,0.183553,1.446706,0.361677,753.0,tetragonal,5,4,2,True,False,False,0.183553,4.0
Co2FeGaSb,Quaternary,1.25,1.26,1.35,1.59,I4/mmm,-0.21244,0.182442,3.706084,0.926521,1299.0,tetragonal,5,4,1,False,False,False,0.182442,4.0
Co2FeGaSi,Quaternary,1.25,1.26,1.35,1.11,Fm-3m,-0.27153,0.113336,2.46721,0.616803,1001.0,cubic,5,4,2,True,False,False,0.113336,4.0
Co2FeGeAl,Quaternary,1.25,1.26,1.22,1.43,Fm-3m,-0.38422,0.011027,2.865217,0.716304,1077.0,cubic,5,4,2,True,False,False,0.011027,4.0
Co2FeGeAs,Quaternary,1.25,1.26,1.22,1.19,Fm-3m,-0.21461,0.127658,1.83645,0.459112,824.0,cubic,5,4,1,False,False,False,0.127658,4.0
Co2FeGeGa,Quaternary,1.25,1.26,1.22,1.35,I4/mmm,-0.13804,0.134485,0.949079,0.23727,655.0,tetragonal,5,4,2,True,False,False,0.134485,4.0
Co2FeGeIn,Quaternary,1.25,1.26,1.22,1.67,Fm-3m,-0.25199,0.110849,2.214304,0.553576,939.0,cubic,5,4,2,True,False,False,0.110849,4.0
Co2FeGeSb,Quaternary,1.25,1.26,1.22,1.59,Fm-3m,-0.16593,0.089953,1.216899,0.304225,618.0,cubic,5,4,1,False,False,False,0.089953,4.0
Co2FeGeSi,Quaternary,1.25,1.26,1.22,1.11,I4/mmm,-0.0081,0.09733,2.187022,0.546755,840.0,tetragonal,5,4,2,True,False,False,0.09733,4.0
Co2FeInAl,Quaternary,1.25,1.26,1.67,1.43,Fm-3m,-0.13798,0.035063,1.504107,0.376027,689.0,cubic,5,4,2,True,False,False,0.035063,4.0
Co2FeInAs,Quaternary,1.25,1.26,1.67,1.19,Fm-3m,-0.22612,0.095156,1.890477,0.472619,897.0,cubic,5,4,1,False,False,False,0.095156,4.0
Co2FeInGa,Quaternary,1.25,1.26,1.67,1.35,Fm-3m,-0.31766,0.177368,1.932433,0.483108,878.0,cubic,5,4,2,True,False,False,0.177368,4.0
Co2FeInGe,Quaternary,1.25,1.26,1.67,1.22,Fm-3m,-0.10115,0.117532,1.260067,0.315017,679.0,cubic,5,4,2,True,False,False,0.117532,4.0
Co2FeInSb,Quaternary,1.25,1.26,1.67,1.59,Fm-3m,-0.25026,0.056964,2.540327,0.635082,1016.0,cubic,5,4,1,False,False,False,0.056964,4.0
Co2FeInSi,Quaternary,1.25,1.26,1.67,1.11,Fm-3m,-0.34921,0.171988,2.25165,0.562913,919.0,cubic,5,4,2,True,False,False,0.171988,4.0
Co2FeSiAl,Quaternary,1.25,1.26,1.11,1.43,Fm-3m,-0.25401,0.038763,2.378917,0.594729,988.0,cubic,5,4,2,True,False,False,0.038763,4.0
Co2FeSiAs,Quaternary,1.25,1.26,1.11,1.19,I4/mmm,-0.23187,0.115632,2.238254,0.559563,918.0,tetragonal,5,4,1,False,False,False,0.115632,4.0
Co2FeSiGa,Quaternary,1.25,1.26,1.11,1.35,I4/mmm,-0.20487,0.073125,2.291838,0.572959,873.0,tetragonal,5,4,2,True,False,False,0.073125,4.0
Co2FeSiGe,Quaternary,1.25,1.26,1.11,1.22,Fm-3m,-0.09802,0.173554,1.802607,0.450652,837.0,cubic,5,4,2,True,False,False,0.173554,4.0
Co2FeSiIn,Quaternary,1.25,1.26,1.11,1.67,I4/mmm,-0.19508,0.203446,2.482343,0.620586,1006.0,tetragonal,5,4,2,True,False,False,0.203446,4.0
Co2FeSiSb,Quaternary,1.25,1.26,1.11,1.59,Fm-3m,-0.13151,0.089698,1.670446,0.417611,835.0,cubic,5,4,1,False,False,False,0.089698,4.0
Co2FeVAl,Quaternary,1.25,1.26,1.34,1.43,Fm-3m,-0.26667,0.072478,2.243175,0.560794,872.0,cubic,5,4,1,False,False,False,0.072478,4.0
Co2MnAlAs,Quaternary,1.25,1.27,1.43,1.19,I4/mmm,-0.17742,0.122793,2.399612,0.599903,921.0,tetragonal,5,4,1,False,False,False,0.122793,4.0
Co2MnAlGa,Quaternary,1.25,1.27,1.43,1.35,Fm-3m,-0.03941,0.125705,1.675529,0.418882,691.0,cubic,5,4,2,True,False,False,0.125705,4.0
Co2MnAlGe,Quaternary,1.25,1.27,1.43,1.22,I4/mmm,-0.23299,0.085632,1.514501,0.378625,787.0,tetragonal,5,4,2,True,False,False,0.085632,4.0
Co2MnAlIn,Quaternary,1.25,1.27,1.43,1.67,Fm-3m,-0.42431,0.023375,3.318835,0.829709,1114.0,cubic,5,4,2,True,False,False,0.023375,4.0
Co2MnAlSb,Quaternary,1.25,1.27,1.43,1.59,Fm-3m,-0.08957,0.203999,2.396874,0.599218,1056.0,cubic,5,4,1,False,False,False,0.203999,4.0
Co2MnAlSi,Quaternary,1.25,1.27,1.43,1.11,Fm-3m,-0.08929,0.019992,2.215959,0.55399,888.0,cubic,5,4,2,True,False,False,0.019992,4.0
Co2MnGaAl,Quaternary,1.25,1.27,1.35,1.43,I4/mmm,-0.30625,0.021791,1.917385,0.479346,835.0,tetragonal,5,4,2,True,False,False,0.021791,4.0
Co2MnGaAs,Quaternary,1.25,1.27,1.35,1.19,Fm-3m,-0.19716,0.185207,2.53104,0.63276,1019.0,cubic,5,4,1,False,False,False,0.185207,4.0
Co2MnGaGe,Quaternary,1.25,1.27,1.35,1.22,Fm-3m,-0.35741,0.285312,2.320996,0.580249,886.0,cubic,5,4,2,True,False,False,0.285312,4.0
Co2MnGaIn,Quaternary,1.25,1.27,1.35,1.67,Fm-3m,-0.23348,0.121668,2.512309,0.628077,804.0,cubic,5,4,2,True,False,False,0.121668,4.0
Co2MnGaSb,Quaternary,1.25,1.27,1.35,1.59,Fm-3m,-0.03405,0.125624,2.169383,0.542346,772.0,cubic,5,4,1,False,False,False,0.125624,4.0
Co2MnGaSi,Quaternary,1.25,1.27,1.35,1.11,Fm-3m,-0.05898,0.123833,1.973633,0.493408,908.0,cubic,5,4,2,True,False,False,0.123833,4.0
Co2MnGeAl,Quaternary,1.25,1.27,1.22,1.43,Fm-3m,-0.28,0.162388,2.32889,0.582223,951.0,cubic,5,4,2,True,False,False,0.162388,4.0
Co2MnGeAs,Quaternary,1.25,1.27,1.22,1.19,Fm-3m,-0.15674,0.232462,2.401233,0.600308,912.0,cubic,5,4,1,False,False,False,0.232462,4.0
Co2MnGeGa,Quaternary,1.25,1.27,1.22,1.35,I4/mmm,-0.21245,0.10831,3.457899,0.864475,1168.0,tetragonal,5,4,2,True,False,False,0.10831,4.0
Co2MnGeIn,Quaternary,1.25,1.27,1.22,1.67,Fm-3m,-0.13072,0.072814,1.826808,0.456702,815.0,cubic,5,4,2,True,False,False,0.072814,4.0
Co2MnGeSb,Quaternary,1.25,1.27,1.22,1.59,I4/mmm,-0.22652,0.141432,2.565046,0.641262,976.0,tetragonal,5,4,1,False,False,False,0.141432,4.0
Co2MnGeSi,Quaternary,1.25,1.27,1.22,1.11,Fm-3m,-0.1794,0.240123,3.084916,0.771229,1151.0,cubic,5,4,2,True,False,False,0.240123,4.0
Co2MnInAl,Quaternary,1.25,1.27,1.67,1.43,Fm-3m,-0.1048,0.124875,2.140733,0.535183,960.0,cubic,5,4,2,True,False,False,0.124875,4.0
Co2MnInAs,Quaternary,1.25,1.27,1.67,1.19,Fm-3m,-0.16501,0.158475,2.482273,0.620568,843.0,cubic,5,4,1,False,False,False,0.158475,4.0
Co2MnInGa,Quaternary,1.25,1.27,1.67,1.35,Fm-3m,-0.31182,0.063917,1.514865,0.378716,765.0,cubic,5,4,2,True,False,False,0.063917,4.0
Co2MnInGe,Quaternary,1.25,1.27,1.67,1.22,Fm-3m,-0.3092,0.14112,1.869384,0.467346,734.0,cubic,5,4,2,True,False,False,0.14112,4.0
Co2MnInSb,Quaternary,1.25,1.27,1.67,1.59,I4/mmm,-0.05958,0.169544,2.038189,0.509547,958.0,tetragonal,5,4,1,False,False,False,0.169544,4.0
Co2MnInSi,Quaternary,1.25,1.27,1.67,1.11,I4/mmm,-0.11998,0.258921,2.937329,0.734332,1219.0,tetragonal,5,4,2,True,False,False,0.258921,4.0
Co2MnSiAl,Quaternary,1.25,1.27,1.11,1.43,Fm-3m,-0.00156,0.231165,2.367587,0.591897,979.0,cubic,5,4,2,True,False,False,0.231165,4.0
Co2MnSiAs,Quaternary,1.25,1.27,1.11,1.19,Fm-3m,-0.09118,0.115126,2.242608,0.560652,804.0,cubic,5,4,1,False,False,False,0.115126,4.0
Co2MnSiGa,Quaternary,1.25,1.27,1.11,1.35,Fm-3m,-0.35024,0.173735,2.522407,0.630602,988.0,cubic,5,4,2,True,False,False,0.173735,4.0
Co2MnSiGe,Quaternary,1.25,1.27,1.11,1.22,Fm-3m,-0.14614,0.119172,3.735419,0.933855,1342.0,cubic,5,4,2,True,False,False,0.119172,4.0
Co2MnSiIn,Quaternary,1.25,1.27,1.11,1.67,Fm-3m,-0.04666,0.079361,3.008461,0.752115,1099.0,cubic,5,4,2,True,False,False,0.079361,4.0
Co2MnSiSb,Quaternary,1.25,1.27,1.11,1.59,Fm-3m,-0.12735,0.027536,2.910823,0.727706,1083.0,cubic,5,4,1,False,False,False,0.027536,4.0
Co2NiAlAs,Quaternary,1.25,1.24,1.43,1.19,Fm-3m,-0.1033,0.279117,2.242165,0.560541,890.0,cubic,5,4,1,False,False,False,0.279117,4.0
Co2NiAlGa,Quaternary,1.25,1.24,1.43,1.35,Fm-3m,-0.18003,0.037273,2.479781,0.619945,979.0,cubic,5,4,2,True,False,False,0.037273,4.0
Co2NiAlGe,Quaternary,1.25,1.24,1.43,1.22,I4/mmm,-0.10271,0.171509,2.669295,0.667324,1091.0,tetragonal,5,4,2,True,False,False,0.171509,4.0
Co2NiAlIn,Quaternary,1.25,1.24,1.43,1.67,Fm-3m,-0.06809,0.069369,2.173506,0.543376,822.0,cubic,5,4,2,True,False,False,0.069369,4.0
Co2NiAlSb,Quaternary,1.25,1.24,1.43,1.59,Fm-3m,-0.07653,0.164774,1.784653,0.446163,732.0,cubic,5,4,1,False,False,False,0.164774,4.0
Co2NiAlSi,Quaternary,1.25,1.24,1.43,1.11,Fm-3m,-0.21916,0.134764,2.261554,0.565388,968.0,cubic,5,4,2,True,False,False,0.134764,4.0
Co2NiGaAl,Quaternary,1.25,1.24,1.35,1.43,I4/mmm,-0.23521,0.167128,1.819838,0.454959,846.0,tetragonal,5,4,2,True,False,False,0.167128,4.0
Co2NiGaAs,Quaternary,1.25,1.24,1.35,1.19,Fm-3m,-0.07923,0.083162,1.988988,0.497247,753.0,cubic,5,4,1,False,False,False,0.083162,4.0
Co2NiGaGe,Quaternary,1.25,1.24,1.35,1.22,Fm-3m,0.13471,0.095913,1.73615,0.434038,683.0,cubic,5,4,2,True,False,False,0.095913,4.0
Co2NiGaIn,Quaternary,1.25,1.24,1.35,1.67,Fm-3m,-0.29374,0.156293,1.952522,0.48813,845.0,cubic,5,4,2,True,False,False,0.156293,4.0
Co2NiGaSb,Quaternary,1.25,1.24,1.35,1.59,Fm-3m,-0.17642,0.122622,1.802853,0.450713,808.0,cubic,5,4,1,False,False,False,0.122622,4.0
Co2NiGaSi,Quaternary,1.25,1.24,1.35,1.11,Fm-3m,-0.13478,0.077067,3.21515,0.803787,1189.0,cubic,5,4,2,True,False,False,0.077067,4.0
Co2NiGeAl,Quaternary,1.25,1.24,1.22,1.43,Fm-3m,-0.08053,0.099054,2.57563,0.643908,1132.0,cubic,5,4,2,True,False,False,0.099054,4.0
Co2NiGeAs,Quaternary,1.25,1.24,1.22,1.19,Fm-3m,-0.12462,0.0,1.409403,0.352351,673.0,cubic,5,4,1,False,False,True,0.0,4.0
Co2NiGeGa,Quaternary,1.25,1.24,1.22,1.35,Fm-3m,-0.06676,0.113134,1.63817,0.409543,749.0,cubic,5,4,2,True,False,False,0.113134,4.0
Co2NiGeIn,Quaternary,1.25,1.24,1.22,1.67,I4/mmm,-0.34436,0.102906,2.676695,0.669174,918.0,tetragonal,5,4,2,True,False,False,0.102906,4.0
Co2NiGeSb,Quaternary,1.25,1.24,1.22,1.59,I4/mmm,-0.30168,0.196515,1.397026,0.349257,764.0,tetragonal,5,4,1,False,False,False,0.196515,4.0
Co2NiGeSi,Quaternary,1.25,1.24,1.22,1.11,I4/mmm,-0.15022,0.13883,1.461944,0.365486,801.0,tetragonal,5,4,2,True,False,False,0.13883,4.0
Co2NiInAl,Quaternary,1.25,1.24,1.67,1.43,Fm-3m,-0.145,0.108936,1.93344,0.48336,854.0,cubic,5,4,2,True,False,False,0.108936,4.0
Co2NiInAs,Quaternary,1.25,1.24,1.67,1.19,Fm-3m,-0.12242,0.256831,2.156198,0.53905,969.0,cubic,5,4,1,False,False,False,0.256831,4.0
Co2NiInGa,Quaternary,1.25,1.24,1.67,1.35,Fm-3m,-0.03665,0.135689,1.867071,0.466768,785.0,cubic,5,4,2,True,False,False,0.135689,4.0
Co2NiInGe,Quaternary,1.25,1.24,1.67,1.22,Fm-3m,0.00669,0.222462,2.731264,0.682816,1008.0,cubic,5,4,2,True,False,False,0.222462,4.0
Co2NiInSb,Quaternary,1.25,1.24,1.67,1.59,I4/mmm,-0.38429,0.146924,2.854205,0.713551,1105.0,tetragonal,5,4,1,False,False,False,0.146924,4.0
Co2NiInSi,Quaternary,1.25,1.24,1.67,1.11,Fm-3m,-0.15671,0.155488,2.124143,0.531036,878.0,cubic,5,4,2,True,False,False,0.155488,4.0
Co2NiSiAl,Quaternary,1.25,1.24,1.11,1.43,Fm-3m,0.02417,0.128028,1.66995,0.417487,902.0,cubic,5,4,2,True,False,False,0.128028,4.0
Co2NiSiAs,Quaternary,1.25,1.24,1.11,1.19,Fm-3m,-0.16437,0.092474,2.450645,0.612661,906.0,cubic,5,4,1,False,False,False,0.092474,4.0
Co2NiSiGa,Quaternary,1.25,1.24,1.11,1.35,I4/mmm,-0.19564,0.099047,3.056154,0.764039,1056.0,tetragonal,5,4,2,True,False,False,0.099047,4.0
Co2NiSiGe,Quaternary,1.25,1.24,1.11,1.22,Fm-3m,-0.14233,0.068819,1.783265,0.445816,851.0,cubic,5,4,2,True,False,False,0.068819,4.0
Co2NiSiIn,Quaternary,1.25,1.24,1.11,1.67,I4/mmm,-0.26559,0.098974,3.330501,0.832625,1145.0,tetragonal,5,4,2,True,False,False,0.098974,4.0
Co2NiSiSb,Quaternary,1.25,1.24,1.11,1.59,Fm-3m,-0.38184,0.087726,2.664586,0.666146,1022.0,cubic,5,4,1,False,False,False,0.087726,4.0
Co2VAlAs,Quaternary,1.25,1.34,1.43,1.19,Fm-3m,-0.27268,0.03965,1.332575,0.333144,589.0,cubic,5,4,1,False,False,False,0.03965,4.0
Co2VAlGa,Quaternary,1.25,1.34,1.43,1.35,Fm-3m,-0.153,0.140292,1.522097,0.380524,669.0,cubic,5,4,2,True,False,False,0.140292,4.0
Co2VAlGe,Quaternary,1.25,1.34,1.43,1.22,Fm-3m,-0.17527,0.139596,3.257553,0.814388,1095.0,cubic,5,4,2,True,False,False,0.139596,4.0
Co2VAlIn,Quaternary,1.25,1.34,1.43,1.67,I4/mmm,-0.20722,0.038791,1.844099,0.461025,802.0,tetragonal,5,4,2,True,False,False,0.038791,4.0
Co2VAlSb,Quaternary,1.25,1.34,1.43,1.59,Fm-3m,-0.02746,0.055593,1.925585,0.481396,829.0,cubic,5,4,1,False,False,False,0.055593,4.0
Co2VAlSi,Quaternary,1.25,1.34,1.43,1.11,Fm-3m,-0.25727,0.17564,2.488563,0.622141,1057.0,cubic,5,4,2,True,False,False,0.17564,4.0
Co2VGaAl,Quaternary,1.25,1.34,1.35,1.43,Fm-3m,-0.01438,0.116735,3.799911,0.949978,1319.0,cubic,5,4,2,True,False,False,0.116735,4.0
Co2VGaAs,Quaternary,1.25,1.34,1.35,1.19,Fm-3m,-0.14222,0.176462,3.001963,0.750491,1051.0,cubic,5,4,1,False,False,False,0.176462,4.0
Co2VGaGe,Quaternary,1.25,1.34,1.35,1.22,Fm-3m,-0.19564,0.146007,2.204837,0.551209,904.0,cubic,5,4,2,True,False,False,0.146007,4.0
Co2VGaIn,Quaternary,1.25,1.34,1.35,1.67,Fm-3m,-0.3282,0.205405,2.050193,0.512548,900.0,cubic,5,4,2,True,False,False,0.205405,4.0
Co2VGaSb,Quaternary,1.25,1.34,1.35,1.59,Fm-3m,-0.19276,0.118078,2.241145,0.560286,974.0,cubic,5,4,1,False,False,False,0.118078,4.0
Co2VGaSi,Quaternary,1.25,1.34,1.35,1.11,I4/mmm,-0.24976,0.104442,2.523215,0.630804,946.0,tetragonal,5,4,2,True,False,False,0.104442,4.0
Co2VGeAl,Quaternary,1.25,1.34,1.22,1.43,Fm-3m,-0.19212,0.0,1.747612,0.436903,707.0,cubic,5,4,2,True,False,True,0.0,4.0
Co2VGeAs,Quaternary,1.25,1.34,1.22,1.19,I4/mmm,-0.0976,0.079795,2.040403,0.510101,880.0,tetragonal,5,4,1,False,False,False,0.079795,4.0
Co2VGeGa,Quaternary,1.25,1.34,1.22,1.35,I4/mmm,-0.20917,0.11898,3.261929,0.815482,1185.0,tetragonal,5,4,2,True,False,False,0.11898,4.0
Co2VGeIn,Quaternary,1.25,1.34,1.22,1.67,Fm-3m,-0.19484,0.081521,2.187258,0.546814,868.0,cubic,5,4,2,True,False,False,0.081521,4.0
Co2VGeSb,Quaternary,1.25,1.34,1.22,1.59,Fm-3m,-0.22824,0.195586,2.047353,0.511838,913.0,cubic,5,4,1,False,False,False,0.195586,4.0
Co2VGeSi,Quaternary,1.25,1.34,1.22,1.11,Fm-3m,-0.28988,0.086495,2.159119,0.53978,887.0,cubic,5,4,2,True,False,False,0.086495,4.0
Co2VInAl,Quaternary,1.25,1.34,1.67,1.43,I4/mmm,-0.26748,0.143396,1.950261,0.487565,868.0,tetragonal,5,4,2,True,False,False,0.143396,4.0
Co2VInAs,Quaternary,1.25,1.34,1.67,1.19,Fm-3m,-0.18874,0.122091,2.056,0.514,848.0,cubic,5,4,1,False,False,False,0.122091,4.0
Co2VInGa,Quaternary,1.25,1.34,1.67,1.35,Fm-3m,-0.21834,0.249387,2.535247,0.633812,1000.0,cubic,5,4,2,True,False,False,0.249387,4.0
Co2VInGe,Quaternary,1.25,1.34,1.67,1.22,Fm-3m,-0.22972,0.1684,3.465896,0.866474,1183.0,cubic,5,4,2,True,False,False,0.1684,4.0
Co2VInSb,Quaternary,1.25,1.34,1.67,1.59,I4/mmm,-0.19387,0.100103,2.274175,0.568544,909.0,tetragonal,5,4,1,False,False,False,0.100103,4.0
Co2VInSi,Quaternary,1.25,1.34,1.67,1.11,Fm-3m,-0.23393,0.140707,3.982643,0.995661,1370.0,cubic,5,4,2,True,False,False,0.140707,4.0
Co2VSiAl,Quaternary,1.25,1.34,1.11,1.43,Fm-3m,-0.24832,0.0,2.960916,0.740229,1148.0,cubic,5,4,2,True,False,True,0.0,4.0
Co2VSiAs,Quaternary,1.25,1.34,1.11,1.19,I4/mmm,-0.21662,0.083078,1.435708,0.358927,767.0,tetragonal,5,4,1,False,False,False,0.083078,4.0
Co2VSiGa,Quaternary,1.25,1.34,1.11,1.35,Fm-3m,-0.31242,0.03171,2.020271,0.505068,809.0,cubic,5,4,2,True,False,False,0.03171,4.0
Co2VSiGe,Quaternary,1.25,1.34,1.11,1.22,Fm-3m,-0.12942,0.070305,2.825965,0.706491,977.0,cubic,5,4,2,True,False,False,0.070305,4.0
Co2VSiIn,Quaternary,1.25,1.34,1.11,1.67,Fm-3m,-0.18356,0.0,1.643436,0.410859,781.0,cubic,5,4,2,True,False,True,0.0,4.0
Co2VSiSb,Quaternary,1.25,1.34,1.11,1.59,Fm-3m,-0.24616,0.05492,1.88445,0.471113,751.0,cubic,5,4,1,False,False,False,0.05492,4.0
Fe2MnAlSi,Quaternary,1.26,1.27,1.43,1.11,Fm-3m,-0.20359,0.021163,1.767343,0.441836,817.0,cubic,5,4,1,False,False,False,0.021163,4.0
Mn2CoAlSi,Quaternary,1.27,1.25,1.43,1.11,Fm-3m,-0.17797,0.106423,2.380416,0.595104,985.0,cubic,5,4,1,False,False,False,0.106423,4.0
Mn2CrAlSi,Quaternary,1.27,1.28,1.43,1.11,I4/mmm,-0.25575,0.14365,2.700513,0.675128,914.0,tetragonal,5,4,1,False,False,False,0.14365,4.0
Mn2FeAlSi,Quaternary,1.27,1.26,1.43,1.11,Fm-3m,-0.05327,0.143294,2.633929,0.658482,1035.0,cubic,5,4,1,False,False,False,0.143294,4.0
Mn2NiAlSi,Quaternary,1.27,1.24,1.43,1.11,Fm-3m,-0.28319,0.233493,1.116526,0.279131,610.0,cubic,5,4,1,False,False,False,0.233493,4.0
Mn2VAlSi,Quaternary,1.27,1.34,1.43,1.11,Fm-3m,-0.20702,0.176864,2.599844,0.649961,966.0,cubic,5,4,1,False,False,False,0.176864,4.0
Ni2CrAlAs,Quaternary,1.24,1.28,1.43,1.19,I4/mmm,-0.20914,0.151999,1.338392,0.334598,590.0,tetragonal,5,4,1,False,False,False,0.151999,4.0
Ni2CrAlGa,Quaternary,1.24,1.28,1.43,1.35,Fm-3m,-0.15582,0.186187,2.168961,0.54224,797.0,cubic,5,4,2,True,False,False,0.186187,4.0
Ni2CrAlGe,Quaternary,1.24,1.28,1.43,1.22,Fm-3m,-0.03955,0.120385,1.68446,0.421115,765.0,cubic,5,4,1,False,False,False,0.120385,4.0
Ni2CrAlIn,Quaternary,1.24,1.28,1.43,1.67,Fm-3m,-0.1703,0.156934,1.716193,0.429048,853.0,cubic,5,4,2,True,False,False,0.156934,4.0
Ni2CrAlSb,Quaternary,1.24,1.28,1.43,1.59,Fm-3m,-0.09958,0.114003,3.491746,0.872936,1237.0,cubic,5,4,1,False,False,False,0.114003,4.0
Ni2CrAlSi,Quaternary,1.24,1.28,1.43,1.11,Fm-3m,-0.34054,0.090062,3.045722,0.76143,1141.0,cubic,5,4,2,True,False,False,0.090062,4.0
Ni2CrGaAl,Quaternary,1.24,1.28,1.35,1.43,Fm-3m,-0.3198,0.153004,2.266985,0.566746,951.0,cubic,5,4,2,True,False,False,0.153004,4.0
Ni2CrGaAs,Quaternary,1.24,1.28,1.35,1.19,I4/mmm,-0.24062,0.135226,2.790716,0.697679,1047.0,tetragonal,5,4,1,False,False,False,0.135226,4.0
Ni2CrGaGe,Quaternary,1.24,1.28,1.35,1.22,Fm-3m,-0.17618,0.011111,2.346008,0.586502,978.0,cubic,5,4,1,False,False,False,0.011111,4.0
Ni2CrGaIn,Quaternary,1.24,1.28,1.35,1.67,Fm-3m,-0.15594,0.109087,1.99891,0.499727,881.0,cubic,5,4,2,True,False,False,0.109087,4.0
Ni2CrGaSb,Quaternary,1.24,1.28,1.35,1.59,Fm-3m,-0.18007,0.15854,2.58722,0.646805,997.0,cubic,5,4,1,False,False,False,0.15854,4.0
Ni2CrGaSi,Quaternary,1.24,1.28,1.35,1.11,I4/mmm,-0.15695,0.155589,3.351247,0.837812,1234.0,tetragonal,5,4,2,True,False,False,0.155589,4.0
Ni2CrInAl,Quaternary,1.24,1.28,1.67,1.43,Fm-3m,-0.28353,0.247589,0.770315,0.192579,584.0,cubic,5,4,2,True,False,False,0.247589,4.0
Ni2CrInAs,Quaternary,1.24,1.28,1.67,1.19,Fm-3m,-0.24611,0.17553,2.739868,0.684967,1140.0,cubic,5,4,1,False,False,False,0.17553,4.0
Ni2CrInGa,Quaternary,1.24,1.28,1.67,1.35,Fm-3m,-0.23429,0.149409,2.799672,0.699918,995.0,cubic,5,4,2,True,False,False,0.149409,4.0
Ni2CrInGe,Quaternary,1.24,1.28,1.67,1.22,Fm-3m,-0.25208,0.129375,2.288923,0.572231,867.0,cubic,5,4,1,False,False,False,0.129375,4.0
Ni2CrInSb,Quaternary,1.24,1.28,1.67,1.59,Fm-3m,-0.3206,0.135986,2.679055,0.669764,1034.0,cubic,5,4,1,False,False,False,0.135986,4.0
Ni2CrInSi,Quaternary,1.24,1.28,1.67,1.11,Fm-3m,-0.18019,0.101172,1.676757,0.419189,761.0,cubic,5,4,2,True,False,False,0.101172,4.0
Ni2CrSiAl,Quaternary,1.24,1.28,1.11,1.43,Fm-3m,-0.13693,0.096597,2.288105,0.572026,941.0,cubic,5,4,2,True,False,False,0.096597,4.0
Ni2CrSiGa,Quaternary,1.24,1.28,1.11,1.35,Fm-3m,-0.23518,0.049775,2.272297,0.568074,913.0,cubic,5,4,2,True,False,False,0.049775,4.0
Ni2CrSiGe,Quaternary,1.24,1.28,1.11,1.22,Fm-3m,-0.19531,0.027452,1.803742,0.450936,791.0,cubic,5,4,1,False,False,False,0.027452,4.0
Ni2CrSiIn,Quaternary,1.24,1.28,1.11,1.67,Fm-3m,-0.09358,0.076057,2.312553,0.578138,831.0,cubic,5,4,2,True,False,False,0.076057,4.0
Ni2FeAlAs,Quaternary,1.24,1.26,1.43,1.19,Fm-3m,-0.16471,0.081329,2.033676,0.508419,791.0,cubic,5,4,1,False,False,False,0.081329,4.0
Ni2FeAlGa,Quaternary,1.24,1.26,1.43,1.35,Fm-3m,-0.11919,0.170185,2.265722,0.566431,1001.0,cubic,5,4,2,True,False,False,0.170185,4.0
Ni2FeAlGe,Quaternary,1.24,1.26,1.43,1.22,Fm-3m,-0.19735,0.001577,2.520623,0.630156,931.0,cubic,5,4,2,True,False,False,0.001577,4.0
Ni2FeAlIn,Quaternary,1.24,1.26,1.43,1.67,Fm-3m,0.01649,0.225351,2.2809,0.570225,744.0,cubic,5,4,2,True,False,False,0.225351,4.0
Ni2FeAlSb,Quaternary,1.24,1.26,1.43,1.59,I4/mmm,-0.21267,0.046362,1.87895,0.469737,802.0,tetragonal,5,4,1,False,False,False,0.046362,4.0
Ni2FeAlSi,Quaternary,1.24,1.26,1.43,1.11,I4/mmm,0.03485,0.220269,2.219988,0.554997,864.0,tetragonal,5,4,2,True,False,False,0.220269,4.0
Ni2FeGaAl,Quaternary,1.24,1.26,1.35,1.43,Fm-3m,-0.11005,0.211707,2.370149,0.592537,866.0,cubic,5,4,2,True,False,False,0.211707,4.0
Ni2FeGaAs,Quaternary,1.24,1.26,1.35,1.19,Fm-3m,-0.17132,0.003678,1.751524,0.437881,842.0,cubic,5,4,1,False,False,False,0.003678,4.0
Ni2FeGaGe,Quaternary,1.24,1.26,1.35,1.22,I4/mmm,-0.03668,0.211716,1.981897,0.495474,775.0,tetragonal,5,4,2,True,False,False,0.211716,4.0
Ni2FeGaIn,Quaternary,1.24,1.26,1.35,1.67,Fm-3m,-0.21842,0.212101,1.218626,0.304656,619.0,cubic,5,4,2,True,False,False,0.212101,4.0
Ni2FeGaSb,Quaternary,1.24,1.26,1.35,1.59,I4/mmm,-0.29272,0.059574,2.685806,0.671451,958.0,tetragonal,5,4,1,False,False,False,0.059574,4.0
Ni2FeGaSi,Quaternary,1.24,1.26,1.35,1.11,Fm-3m,-0.06704,0.084336,2.935227,0.733807,1122.0,cubic,5,4,2,True,False,False,0.084336,4.0
Ni2FeGeAl,Quaternary,1.24,1.26,1.22,1.43,Fm-3m,-0.18187,0.114003,2.399057,0.599764,835.0,cubic,5,4,2,True,False,False,0.114003,4.0
Ni2FeGeAs,Quaternary,1.24,1.26,1.22,1.19,Fm-3m,-0.15875,0.135842,0.345932,0.086483,462.0,cubic,5,4,1,False,False,False,0.135842,4.0
Ni2FeGeGa,Quaternary,1.24,1.26,1.22,1.35,Fm-3m,-0.2579,0.12123,1.720717,0.430179,845.0,cubic,5,4,2,True,False,False,0.12123,4.0
Ni2FeGeIn,Quaternary,1.24,1.26,1.22,1.67,Fm-3m,-0.12507,0.163689,2.529247,0.632312,965.0,cubic,5,4,2,True,False,False,0.163689,4.0
Ni2FeGeSb,Quaternary,1.24,1.26,1.22,1.59,I4/mmm,-0.28319,0.0,3.260374,0.815094,1232.0,tetragonal,5,4,1,False,False,True,0.0,4.0
Ni2FeGeSi,Quaternary,1.24,1.26,1.22,1.11,Fm-3m,-0.24965,0.067416,2.692687,0.673172,995.0,cubic,5,4,2,True,False,False,0.067416,4.0
Ni2FeInAl,Quaternary,1.24,1.26,1.67,1.43,I4/mmm,-0.18642,0.012491,3.320849,0.830212,1251.0,tetragonal,5,4,2,True,False,False,0.012491,4.0
Ni2FeInAs,Quaternary,1.24,1.26,1.67,1.19,Fm-3m,-0.10886,0.092964,3.090294,0.772574,1045.0,cubic,5,4,1,False,False,False,0.092964,4.0
Ni2FeInGa,Quaternary,1.24,1.26,1.67,1.35,Fm-3m,-0.24784,0.223208,1.985684,0.496421,798.0,cubic,5,4,2,True,False,False,0.223208,4.0
Ni2FeInGe,Quaternary,1.24,1.26,1.67,1.22,I4/mmm,-0.13171,0.098728,2.203521,0.55088,930.0,tetragonal,5,4,2,True,False,False,0.098728,4.0
Ni2FeInSb,Quaternary,1.24,1.26,1.67,1.59,Fm-3m,0.00393,0.116306,1.403959,0.35099,692.0,cubic,5,4,1,False,False,False,0.116306,4.0
Ni2FeInSi,Quaternary,1.24,1.26,1.67,1.11,Fm-3m,-0.35412,0.098888,2.19183,0.547957,955.0,cubic,5,4,2,True,False,False,0.098888,4.0
Ni2FeSiAl,Quaternary,1.24,1.26,1.11,1.43,I4/mmm,-0.25738,0.093838,2.091968,0.522992,932.0,tetragonal,5,4,2,True,False,False,0.093838,4.0
Ni2FeSiAs,Quaternary,1.24,1.26,1.11,1.19,I4/mmm,-0.11486,0.156912,1.634637,0.408659,699.0,tetragonal,5,4,1,False,False,False,0.156912,4.0
Ni2FeSiGa,Quaternary,1.24,1.26,1.11,1.35,Fm-3m,-0.14943,0.065474,2.292853,0.573213,901.0,cubic,5,4,2,True,False,False,0.065474,4.0
Ni2FeSiGe,Quaternary,1.24,1.26,1.11,1.22,Fm-3m,-0.16458,0.310709,3.502879,0.87572,1360.0,cubic,5,4,2,True,False,False,0.310709,4.0
Ni2FeSiIn,Quaternary,1.24,1.26,1.11,1.67,Fm-3m,-0.37567,0.261907,1.604153,0.401038,702.0,cubic,5,4,2,True,False,False,0.261907,4.0
Ni2FeSiSb,Quaternary,1.24,1.26,1.11,1.59,Fm-3m,-0.11656,0.026487,1.618149,0.404537,795.0,cubic,5,4,1,False,False,False,0.026487,4.0
Ni2MnAlAs,Quaternary,1.24,1.27,1.43,1.19,Fm-3m,-0.30871,0.135159,2.893854,0.723464,1130.0,cubic,5,4,1,False,False,False,0.135159,4.0
Ni2MnAlGa,Quaternary,1.24,1.27,1.43,1.35,Fm-3m,-0.35145,0.070378,2.650172,0.662543,1051.0,cubic,5,4,2,True,False,False,0.070378,4.0
Ni2MnAlGe,Quaternary,1.24,1.27,1.43,1.22,I4/mmm,-0.1619,0.20245,2.098994,0.524748,809.0,tetragonal,5,4,2,True,False,False,0.20245,4.0
Ni2MnAlIn,Quaternary,1.24,1.27,1.43,1.67,I4/mmm,-0.19464,0.201212,1.915093,0.478773,790.0,tetragonal,5,4,2,True,False,False,0.201212,4.0
Ni2MnAlSb,Quaternary,1.24,1.27,1.43,1.59,I4/mmm,-0.09655,0.053963,2.259302,0.564825,867.0,tetragonal,5,4,1,False,False,False,0.053963,4.0
Ni2MnAlSi,Quaternary,1.24,1.27,1.43,1.11,Fm-3m,-0.1926,0.061374,1.336422,0.334106,642.0,cubic,5,4,2,True,False,False,0.061374,4.0
Ni2MnGaAl,Quaternary,1.24,1.27,1.35,1.43,Fm-3m,-0.12596,0.114083,2.467575,0.616894,1079.0,cubic,5,4,2,True,False,False,0.114083,4.0
Ni2MnGaAs,Quaternary,1.24,1.27,1.35,1.19,Fm-3m,-0.23978,0.05164,2.866892,0.716723,1014.0,cubic,5,4,1,False,False,False,0.05164,4.0
Ni2MnGaGe,Quaternary,1.24,1.27,1.35,1.22,Fm-3m,-0.32267,0.081029,2.407904,0.601976,908.0,cubic,5,4,2,True,False,False,0.081029,4.0
Ni2MnGaIn,Quaternary,1.24,1.27,1.35,1.67,Fm-3m,0.06722,0.130534,3.046665,0.761666,1093.0,cubic,5,4,2,True,False,False,0.130534,4.0
Ni2MnGaSb,Quaternary,1.24,1.27,1.35,1.59,Fm-3m,-0.2096,0.110534,1.958212,0.489553,756.0,cubic,5,4,1,False,False,False,0.110534,4.0
Ni2MnGaSi,Quaternary,1.24,1.27,1.35,1.11,I4/mmm,0.16784,0.085948,2.861594,0.715398,987.0,tetragonal,5,4,2,True,False,False,0.085948,4.0
Ni2MnGeAl,Quaternary,1.24,1.27,1.22,1.43,Fm-3m,-0.25789,0.247709,3.076913,0.769228,1105.0,cubic,5,4,2,True,False,False,0.247709,4.0
Ni2MnGeAs,Quaternary,1.24,1.27,1.22,1.19,I4/mmm,-0.09543,0.041605,2.084422,0.521105,871.0,tetragonal,5,4,1,False,False,False,0.041605,4.0
Ni2MnGeGa,Quaternary,1.24,1.27,1.22,1.35,Fm-3m,-0.01954,0.177555,1.705037,0.426259,796.0,cubic,5,4,2,True,False,False,0.177555,4.0
Ni2MnGeIn,Quaternary,1.24,1.27,1.22,1.67,Fm-3m,-0.23278,0.129557,1.658252,0.414563,736.0,cubic,5,4,2,True,False,False,0.129557,4.0
Ni2MnGeSb,Quaternary,1.24,1.27,1.22,1.59,Fm-3m,-0.22903,0.230206,2.750784,0.687696,1045.0,cubic,5,4,1,False,False,False,0.230206,4.0
Ni2MnGeSi,Quaternary,1.24,1.27,1.22,1.11,Fm-3m,-0.22495,0.057706,2.46753,0.616883,891.0,cubic,5,4,2,True,False,False,0.057706,4.0
Ni2MnInAl,Quaternary,1.24,1.27,1.67,1.43,Fm-3m,-0.2932,0.01125,2.545175,0.636294,1036.0,cubic,5,4,2,True,False,False,0.01125,4.0
Ni2MnInAs,Quaternary,1.24,1.27,1.67,1.19,Fm-3m,-0.24236,0.136787,1.779056,0.444764,836.0,cubic,5,4,1,False,False,False,0.136787,4.0
Ni2MnInGa,Quaternary,1.24,1.27,1.67,1.35,Fm-3m,-0.10073,0.143376,3.529217,0.882304,1189.0,cubic,5,4,2,True,False,False,0.143376,4.0
Ni2MnInGe,Quaternary,1.24,1.27,1.67,1.22,Fm-3m,-0.14775,0.109018,2.423352,0.605838,970.0,cubic,5,4,2,True,False,False,0.109018,4.0
Ni2MnInSb,Quaternary,1.24,1.27,1.67,1.59,Fm-3m,-0.22698,0.167949,1.902052,0.475513,762.0,cubic,5,4,1,False,False,False,0.167949,4.0
Ni2MnInSi,Quaternary,1.24,1.27,1.67,1.11,Fm-3m,-0.35632,0.147794,3.451716,0.862929,1245.0,cubic,5,4,2,True,False,False,0.147794,4.0
Ni2MnSiAl,Quaternary,1.24,1.27,1.11,1.43,Fm-3m,-0.24061,0.129366,2.664356,0.666089,1138.0,cubic,5,4,2,True,False,False,0.129366,4.0
Ni2MnSiAs,Quaternary,1.24,1.27,1.11,1.19,Fm-3m,-0.17116,0.065714,2.735555,0.683889,1080.0,cubic,5,4,1,False,False,False,0.065714,4.0
Ni2MnSiGa,Quaternary,1.24,1.27,1.11,1.35,Fm-3m,-0.0887,0.051859,2.217574,0.554394,969.0,cubic,5,4,2,True,False,False,0.051859,4.0
Ni2MnSiGe,Quaternary,1.24,1.27,1.11,1.22,Fm-3m,-0.15926,0.189864,0.959657,0.239914,722.0,cubic,5,4,2,True,False,False,0.189864,4.0
Ni2MnSiIn,Quaternary,1.24,1.27,1.11,1.67,Fm-3m,-0.11145,0.024486,1.594798,0.398699,747.0,cubic,5,4,2,True,False,False,0.024486,4.0
Ni2MnSiSb,Quaternary,1.24,1.27,1.11,1.59,I4/mmm,-0.19404,0.0,2.992691,0.748173,1168.0,tetragonal,5,4,1,False,False,True,0.0,4.0
Ni2VAlAs,Quaternary,1.24,1.34,1.43,1.19,Fm-3m,-0.4867,0.025551,2.088382,0.522096,867.0,cubic,5,4,1,False,False,False,0.025551,4.0
Ni2VAlGa,Quaternary,1.24,1.34,1.43,1.35,Fm-3m,-0.15929,0.179275,2.576963,0.644241,941.0,cubic,5,4,2,True,False,False,0.179275,4.0
Ni2VAlGe,Quaternary,1.24,1.34,1.43,1.22,Fm-3m,-0.00566,0.174438,2.645477,0.661369,1047.0,cubic,5,4,2,True,False,False,0.174438,4.0
Ni2VAlIn,Quaternary,1.24,1.34,1.43,1.67,Fm-3m,-0.08394,0.174673,1.829098,0.457275,783.0,cubic,5,4,1,False,False,False,0.174673,4.0
Ni2VAlSb,Quaternary,1.24,1.34,1.43,1.59,Fm-3m,-0.14651,0.192943,2.03941,0.509852,863.0,cubic,5,4,1,False,False,False,0.192943,4.0
Ni2VAlSi,Quaternary,1.24,1.34,1.43,1.11,I4/mmm,-0.20002,0.14515,2.234528,0.558632,862.0,tetragonal,5,4,1,False,False,False,0.14515,4.0
Ni2VGaAl,Quaternary,1.24,1.34,1.35,1.43,Fm-3m,-0.19819,0.131514,2.749125,0.687281,1021.0,cubic,5,4,2,True,False,False,0.131514,4.0
Ni2VGaAs,Quaternary,1.24,1.34,1.35,1.19,I4/mmm,-0.00457,0.069748,1.806085,0.451521,879.0,tetragonal,5,4,1,False,False,False,0.069748,4.0
Ni2VGaGe,Quaternary,1.24,1.34,1.35,1.22,I4/mmm,-0.18361,0.0,2.997998,0.7495,1131.0,tetragonal,5,4,2,True,False,True,0.0,4.0
Ni2VGaIn,Quaternary,1.24,1.34,1.35,1.67,I4/mmm,0.07082,0.184499,1.53621,0.384052,696.0,tetragonal,5,4,1,False,False,False,0.184499,4.0
Ni2VGaSb,Quaternary,1.24,1.34,1.35,1.59,Fm-3m,-0.25715,0.160833,2.257673,0.564418,961.0,cubic,5,4,1,False,False,False,0.160833,4.0
Ni2VGaSi,Quaternary,1.24,1.34,1.35,1.11,Fm-3m,-0.20332,0.0519,3.217409,0.804352,1281.0,cubic,5,4,1,False,False,False,0.0519,4.0
Ni2VGeAl,Quaternary,1.24,1.34,1.22,1.43,Fm-3m,-0.07867,0.0,1.491867,0.372967,682.0,cubic,5,4,2,True,False,True,0.0,4.0
Ni2VGeAs,Quaternary,1.24,1.34,1.22,1.19,Fm-3m,-0.03572,0.193807,1.423749,0.355937,809.0,cubic,5,4,1,False,False,False,0.193807,4.0
Ni2VGeGa,Quaternary,1.24,1.34,1.22,1.35,Fm-3m,-0.21339,0.119099,2.180303,0.545076,905.0,cubic,5,4,2,True,False,False,0.119099,4.0
Ni2VGeIn,Quaternary,1.24,1.34,1.22,1.67,Fm-3m,-0.16926,0.019647,2.588176,0.647044,1060.0,cubic,5,4,1,False,False,False,0.019647,4.0
Ni2VGeSb,Quaternary,1.24,1.34,1.22,1.59,Fm-3m,-0.27515,0.136003,2.696947,0.674237,1117.0,cubic,5,4,1,False,False,False,0.136003,4.0
Ni2VGeSi,Quaternary,1.24,1.34,1.22,1.11,Fm-3m,-0.20201,0.015893,1.777385,0.444346,678.0,cubic,5,4,1,False,False,False,0.015893,4.0
