composition,V_X,V_Y,V_Z,V_R,N_v,dV_XY,dV_XZ,dV_YZ,EN_X,EN_Y,EN_Z,EN_R,EN_mean,dEN_XY,dEN_XZ,Z_X,Z_Y,Z_Z,Z_R,R_X,R_Y,R_Z,R_R,R_mean,R_spread,dR_XY,dR_XZ,n_atoms_fu,n_magnetic_3d,has_R_site,n_unique_elements,SP_24,SP_18,type_Full,type_Half,type_Inverse,type_Quaternary,sg_F-43m,sg_Fm-3m,sg_I-4m2,sg_I4/mmm,SP_selected,is_reduced,sg_fu_ratio,curie_temperature_K,formation_energy_eV_atom,hull_distance_eV_atom,total_magnetization_muB_fu,total_magnetization_muB_cell,isomer_group,is_holdout
Au2MnCu,11,7,11.0,0.0,40.0,4,0.0,-4.0,2.54,1.55,1.9,0.0,2.1325,0.99,0.6400000000000001,79,25,29.0,0.0,1.44,1.27,1.28,0.0,1.33,0.16999999999999993,0.16999999999999993,0.15999999999999992,4,1,0,3,16.0,22.0,True,False,False,False,False,False,False,True,16.0,0,4.0,245.0,-0.059,0.029,0.2575,1.03,Au2|Cu1|Mn1,True
Co2CrAs,9,6,5.0,0.0,29.0,3,4.0,1.0,1.88,1.66,2.18,0.0,1.9,0.21999999999999997,-0.30000000000000027,27,24,33.0,0.0,1.25,1.28,1.19,0.0,1.24,0.09000000000000008,-0.030000000000000027,0.06000000000000005,4,3,0,3,5.0,11.0,True,False,False,False,False,False,False,True,5.0,0,4.0,459.0,-0.081,0.072,0.6125,2.45,As1|Co2|Cr1,False
Co2CrSb,9,6,5.0,0.0,29.0,3,4.0,1.0,1.88,1.66,2.05,0.0,1.8675,0.21999999999999997,-0.16999999999999993,27,24,51.0,0.0,1.25,1.28,1.59,0.0,1.3733333333333333,0.3400000000000001,-0.030000000000000027,-0.3400000000000001,4,3,0,3,5.0,11.0,True,False,False,False,False,True,False,False,5.0,0,4.0,453.0,-0.103,0.136,0.63,2.52,Co2|Cr1|Sb1,False
Co2CrSn,9,6,4.0,0.0,28.0,3,5.0,2.0,1.88,1.66,1.96,0.0,1.845,0.21999999999999997,-0.08000000000000007,27,24,50.0,0.0,1.25,1.28,0.0,0.0,0.8433333333333334,1.28,-0.030000000000000027,1.25,4,3,0,3,4.0,10.0,True,False,False,False,False,True,False,False,4.0,0,4.0,477.0,-0.111,0.086,0.645,2.58,Co2|Cr1|Sn1,False
Co2FeSb,9,8,5.0,0.0,31.0,1,4.0,3.0,1.88,1.83,2.05,0.0,1.91,0.04999999999999982,-0.16999999999999993,27,26,51.0,0.0,1.25,1.26,1.59,0.0,1.3666666666666665,0.3400000000000001,-0.010000000000000009,-0.3400000000000001,4,3,0,3,7.0,13.0,True,False,False,False,False,True,False,False,7.0,0,4.0,495.0,-0.104,0.08,0.8075,3.23,Co2|Fe1|Sb1,False
Co2FeSn,9,8,4.0,0.0,30.0,1,5.0,4.0,1.88,1.83,1.96,0.0,1.8875,0.04999999999999982,-0.08000000000000007,27,26,50.0,0.0,1.25,1.26,0.0,0.0,0.8366666666666666,1.26,-0.010000000000000009,1.25,4,3,0,3,6.0,12.0,True,False,False,False,False,True,False,False,6.0,0,4.0,452.0,-0.118,0.098,0.75,3.0,Co2|Fe1|Sn1,False
Co2IrIn,9,9,3.0,0.0,30.0,0,6.0,6.0,1.88,2.2,1.78,0.0,1.935,-0.3200000000000003,0.09999999999999987,27,77,49.0,0.0,1.25,1.35,1.67,0.0,1.4233333333333331,0.41999999999999993,-0.10000000000000009,-0.41999999999999993,4,2,0,3,6.0,12.0,True,False,False,False,False,True,False,False,6.0,0,4.0,299.0,-0.087,0.151,0.355,1.42,Co2|In1|Ir1,False
Co2IrSi,9,9,4.0,0.0,31.0,0,5.0,5.0,1.88,2.2,1.9,0.0,1.9649999999999999,-0.3200000000000003,-0.020000000000000018,27,77,14.0,0.0,1.25,1.35,1.11,0.0,1.2366666666666666,0.24,-0.10000000000000009,0.1399999999999999,4,2,0,3,7.0,13.0,True,False,False,False,False,False,False,True,7.0,0,4.0,441.0,-0.089,0.027,0.3975,1.59,Co2|Ir1|Si1,False
Co2MnSb,9,7,5.0,0.0,30.0,2,4.0,2.0,1.88,1.55,2.05,0.0,1.8399999999999999,0.32999999999999985,-0.16999999999999993,27,25,51.0,0.0,1.25,1.27,1.59,0.0,1.37,0.3400000000000001,-0.020000000000000018,-0.3400000000000001,4,3,0,3,6.0,12.0,True,False,False,False,False,True,False,False,6.0,0,4.0,528.0,-0.116,0.018,0.99,3.96,Co2|Mn1|Sb1,False
Co2MnSn,9,7,4.0,0.0,29.0,2,5.0,3.0,1.88,1.55,1.96,0.0,1.8175,0.32999999999999985,-0.08000000000000007,27,25,50.0,0.0,1.25,1.27,0.0,0.0,0.84,1.27,-0.020000000000000018,1.25,4,3,0,3,5.0,11.0,True,False,False,False,False,False,False,True,5.0,0,4.0,687.0,-0.077,0.177,0.865,3.46,Co2|Mn1|Sn1,False
Co2NiAs,9,10,5.0,0.0,33.0,-1,4.0,5.0,1.88,1.91,2.18,0.0,1.9625,-0.030000000000000027,-0.30000000000000027,27,28,33.0,0.0,1.25,1.24,1.19,0.0,1.2266666666666668,0.06000000000000005,0.010000000000000009,0.06000000000000005,4,3,0,3,9.0,15.0,True,False,False,False,False,True,False,False,9.0,0,4.0,340.0,-0.089,0.095,0.36,1.44,As1|Co2|Ni1,False
Co2NiSb,9,10,5.0,0.0,33.0,-1,4.0,5.0,1.88,1.91,2.05,0.0,1.93,-0.030000000000000027,-0.16999999999999993,27,28,51.0,0.0,1.25,1.24,1.59,0.0,1.36,0.3500000000000001,0.010000000000000009,-0.3400000000000001,4,3,0,3,9.0,15.0,True,False,False,False,False,False,False,True,9.0,0,4.0,404.0,-0.093,0.071,0.445,1.78,Co2|Ni1|Sb1,False
Co2NiSn,9,10,4.0,0.0,32.0,-1,5.0,6.0,1.88,1.91,1.96,0.0,1.9075,-0.030000000000000027,-0.08000000000000007,27,28,50.0,0.0,1.25,1.24,0.0,0.0,0.8300000000000001,1.25,0.010000000000000009,1.25,4,3,0,3,8.0,14.0,True,False,False,False,False,True,False,False,8.0,0,4.0,296.0,-0.13,0.105,0.3525,1.41,Co2|Ni1|Sn1,False
Co2PdGe,9,10,4.0,0.0,32.0,-1,5.0,6.0,1.88,2.2,2.01,0.0,1.9925,-0.3200000000000003,-0.1299999999999999,27,46,32.0,0.0,1.25,1.37,1.22,0.0,1.28,0.15000000000000013,-0.1200000000000001,0.030000000000000027,4,2,0,3,8.0,14.0,True,False,False,False,False,True,False,False,8.0,0,4.0,435.0,-0.062,0.093,0.4175,1.67,Co2|Ge1|Pd1,False
Co2PdIn,9,10,3.0,0.0,31.0,-1,6.0,7.0,1.88,2.2,1.78,0.0,1.935,-0.3200000000000003,0.09999999999999987,27,46,49.0,0.0,1.25,1.37,1.67,0.0,1.43,0.41999999999999993,-0.1200000000000001,-0.41999999999999993,4,2,0,3,7.0,13.0,True,False,False,False,False,False,False,True,7.0,0,4.0,306.0,-0.062,0.086,0.42,1.68,Co2|In1|Pd1,False
Co2PdSi,9,10,4.0,0.0,32.0,-1,5.0,6.0,1.88,2.2,1.9,0.0,1.9649999999999999,-0.3200000000000003,-0.020000000000000018,27,46,14.0,0.0,1.25,1.37,1.11,0.0,1.2433333333333334,0.26,-0.1200000000000001,0.1399999999999999,4,2,0,3,8.0,14.0,True,False,False,False,False,True,False,False,8.0,0,4.0,374.0,-0.098,0.121,0.3625,1.45,Co2|Pd1|Si1,False
Co2PtIn,9,10,3.0,0.0,31.0,-1,6.0,7.0,1.88,2.28,1.78,0.0,1.9549999999999998,-0.3999999999999999,0.09999999999999987,27,78,49.0,0.0,1.25,1.39,1.67,0.0,1.4366666666666665,0.41999999999999993,-0.1399999999999999,-0.41999999999999993,4,2,0,3,7.0,13.0,True,False,False,False,False,False,False,True,7.0,0,4.0,360.0,-0.102,0.158,0.3925,1.57,Co2|In1|Pt1,False
Co2PtSi,9,10,4.0,0.0,32.0,-1,5.0,6.0,1.88,2.28,1.9,0.0,1.9849999999999999,-0.3999999999999999,-0.020000000000000018,27,78,14.0,0.0,1.25,1.39,1.11,0.0,1.25,0.2799999999999998,-0.1399999999999999,0.1399999999999999,4,2,0,3,8.0,14.0,True,False,False,False,False,True,False,False,8.0,0,4.0,266.0,-0.09,0.048,0.3425,1.37,Co2|Pt1|Si1,False
Co2ReAl,9,7,3.0,0.0,28.0,2,6.0,4.0,1.88,1.9,1.61,0.0,1.8175000000000001,-0.020000000000000018,0.2699999999999998,27,75,13.0,0.0,1.25,1.37,1.43,0.0,1.3499999999999999,0.17999999999999994,-0.1200000000000001,-0.17999999999999994,4,2,0,3,4.0,10.0,True,False,False,False,False,True,False,False,4.0,0,4.0,387.0,-0.077,0.096,0.375,1.5,Al1|Co2|Re1,False
Co2ReGa,9,7,3.0,0.0,28.0,2,6.0,4.0,1.88,1.9,1.81,0.0,1.8675000000000002,-0.020000000000000018,0.06999999999999984,27,75,31.0,0.0,1.25,1.37,1.35,0.0,1.3233333333333335,0.1200000000000001,-0.1200000000000001,-0.10000000000000009,4,2,0,3,4.0,10.0,True,False,False,False,False,False,False,True,4.0,0,4.0,408.0,-0.068,0.079,0.425,1.7,Co2|Ga1|Re1,False
Co2ReIn,9,7,3.0,0.0,28.0,2,6.0,4.0,1.88,1.9,1.78,0.0,1.86,-0.020000000000000018,0.09999999999999987,27,75,49.0,0.0,1.25,1.37,1.67,0.0,1.43,0.41999999999999993,-0.1200000000000001,-0.41999999999999993,4,2,0,3,4.0,10.0,True,False,False,False,False,True,False,False,4.0,0,4.0,369.0,-0.095,0.05,0.3475,1.39,Co2|In1|Re1,True
Co2ReSi,9,7,4.0,0.0,29.0,2,5.0,3.0,1.88,1.9,1.9,0.0,1.8900000000000001,-0.020000000000000018,-0.020000000000000018,27,75,14.0,0.0,1.25,1.37,1.11,0.0,1.2433333333333334,0.26,-0.1200000000000001,0.1399999999999999,4,2,0,3,5.0,11.0,True,False,False,False,False,True,False,False,5.0,0,4.0,318.0,-0.095,0.151,0.4125,1.65,Co2|Re1|Si1,False
Co2RhGe,9,9,4.0,0.0,31.0,0,5.0,5.0,1.88,2.28,2.01,0.0,2.0124999999999997,-0.3999999999999999,-0.1299999999999999,27,45,32.0,0.0,1.25,1.34,1.22,0.0,1.2699999999999998,0.1200000000000001,-0.09000000000000008,0.030000000000000027,4,2,0,3,7.0,13.0,True,False,False,False,False,False,False,True,7.0,0,4.0,330.0,-0.125,0.084,0.41,1.64,Co2|Ge1|Rh1,False
Co2RhIn,9,9,3.0,0.0,30.0,0,6.0,6.0,1.88,2.28,1.78,0.0,1.9549999999999998,-0.3999999999999999,0.09999999999999987,27,45,49.0,0.0,1.25,1.34,1.67,0.0,1.42,0.41999999999999993,-0.09000000000000008,-0.41999999999999993,4,2,0,3,6.0,12.0,True,False,False,False,False,True,False,False,6.0,0,4.0,331.0,-0.075,0.135,0.4375,1.75,Co2|In1|Rh1,False
Co2RhSi,9,9,4.0,0.0,31.0,0,5.0,5.0,1.88,2.28,1.9,0.0,1.9849999999999999,-0.3999999999999999,-0.020000000000000018,27,45,14.0,0.0,1.25,1.34,1.11,0.0,1.2333333333333334,0.22999999999999998,-0.09000000000000008,0.1399999999999999,4,2,0,3,7.0,13.0,True,False,False,False,False,True,False,False,7.0,0,4.0,303.0,-0.101,0.011,0.3775,1.51,Co2|Rh1|Si1,False
Co2RuIn,9,8,3.0,0.0,29.0,1,6.0,5.0,1.88,2.2,1.78,0.0,1.935,-0.3200000000000003,0.09999999999999987,27,44,49.0,0.0,1.25,1.34,1.67,0.0,1.42,0.41999999999999993,-0.09000000000000008,-0.41999999999999993,4,2,0,3,5.0,11.0,True,False,False,False,False,True,False,False,5.0,0,4.0,307.0,-0.078,0.173,0.39,1.56,Co2|In1|Ru1,False
Co2TaAl,9,5,3.0,0.0,26.0,4,6.0,2.0,1.88,1.5,1.61,0.0,1.7175,0.3799999999999999,0.2699999999999998,27,73,13.0,0.0,1.25,1.46,1.43,0.0,1.38,0.20999999999999996,-0.20999999999999996,-0.17999999999999994,4,2,0,3,2.0,8.0,True,False,False,False,False,True,False,False,2.0,0,4.0,567.0,-0.483,0.0,1.0,4.0,Al1|Co2|Ta1,False
Co2TaGa,9,5,3.0,0.0,26.0,4,6.0,2.0,1.88,1.5,1.81,0.0,1.7675,0.3799999999999999,0.06999999999999984,27,73,31.0,0.0,1.25,1.46,1.35,0.0,1.3533333333333335,0.20999999999999996,-0.20999999999999996,-0.10000000000000009,4,2,0,3,2.0,8.0,True,False,False,False,False,True,False,False,2.0,0,4.0,561.0,-0.358,0.0,1.0,4.0,Co2|Ga1|Ta1,False
Co2TaIn,9,5,3.0,0.0,26.0,4,6.0,2.0,1.88,1.5,1.78,0.0,1.76,0.3799999999999999,0.09999999999999987,27,73,49.0,0.0,1.25,1.46,1.67,0.0,1.46,0.41999999999999993,-0.20999999999999996,-0.41999999999999993,4,2,0,3,2.0,8.0,True,False,False,False,False,True,False,False,2.0,0,4.0,506.0,-0.119,0.068,1.0,4.0,Co2|In1|Ta1,False
Co2TiAl,9,4,3.0,0.0,25.0,5,6.0,1.0,1.88,1.54,1.61,0.0,1.7275,0.33999999999999986,0.2699999999999998,27,22,13.0,0.0,1.25,1.47,1.43,0.0,1.383333333333333,0.21999999999999997,-0.21999999999999997,-0.17999999999999994,4,2,0,3,1.0,7.0,True,False,False,False,False,True,False,False,1.0,0,4.0,309.0,-0.071,0.1,0.235,0.94,Al1|Co2|Ti1,False
Co2TiAs,9,4,5.0,0.0,27.0,5,4.0,-1.0,1.88,1.54,2.18,0.0,1.87,0.33999999999999986,-0.30000000000000027,27,22,33.0,0.0,1.25,1.47,1.19,0.0,1.3033333333333332,0.28,-0.21999999999999997,0.06000000000000005,4,2,0,3,3.0,9.0,True,False,False,False,False,True,False,False,3.0,0,4.0,289.0,-0.104,0.045,0.2,0.8,As1|Co2|Ti1,False
Co2TiGa,9,4,3.0,0.0,25.0,5,6.0,1.0,1.88,1.54,1.81,0.0,1.7774999999999999,0.33999999999999986,0.06999999999999984,27,22,31.0,0.0,1.25,1.47,1.35,0.0,1.3566666666666667,0.21999999999999997,-0.21999999999999997,-0.10000000000000009,4,2,0,3,1.0,7.0,True,False,False,False,False,False,False,True,1.0,0,4.0,241.0,-0.098,0.123,0.14,0.56,Co2|Ga1|Ti1,False
Co2TiGe,9,4,4.0,0.0,26.0,5,5.0,0.0,1.88,1.54,2.01,0.0,1.8275,0.33999999999999986,-0.1299999999999999,27,22,32.0,0.0,1.25,1.47,1.22,0.0,1.3133333333333332,0.25,-0.21999999999999997,0.030000000000000027,4,2,0,3,2.0,8.0,True,False,False,False,False,False,False,True,2.0,0,4.0,245.0,-0.125,0.132,0.2175,0.87,Co2|Ge1|Ti1,False
Co2TiIn,9,4,3.0,0.0,25.0,5,6.0,1.0,1.88,1.54,1.78,0.0,1.77,0.33999999999999986,0.09999999999999987,27,22,49.0,0.0,1.25,1.47,1.67,0.0,1.4633333333333332,0.41999999999999993,-0.21999999999999997,-0.41999999999999993,4,2,0,3,1.0,7.0,True,False,False,False,False,True,False,False,1.0,0,4.0,277.0,-0.119,0.04,0.2025,0.81,Co2|In1|Ti1,True
Co2TiSb,9,4,5.0,0.0,27.0,5,4.0,-1.0,1.88,1.54,2.05,0.0,1.8375,0.33999999999999986,-0.16999999999999993,27,22,51.0,0.0,1.25,1.47,1.59,0.0,1.4366666666666665,0.3400000000000001,-0.21999999999999997,-0.3400000000000001,4,2,0,3,3.0,9.0,True,False,False,False,False,False,False,True,3.0,0,4.0,320.0,-0.107,0.032,0.2425,0.97,Co2|Sb1|Ti1,False
Co2TiSi,9,4,4.0,0.0,26.0,5,5.0,0.0,1.88,1.54,1.9,0.0,1.7999999999999998,0.33999999999999986,-0.020000000000000018,27,22,14.0,0.0,1.25,1.47,1.11,0.0,1.2766666666666666,0.3599999999999999,-0.21999999999999997,0.1399999999999999,4,2,0,3,2.0,8.0,True,False,False,False,False,True,False,False,2.0,0,4.0,402.0,-0.08,0.064,0.175,0.7,Co2|Si1|Ti1,False
Co2TiSn,9,4,4.0,0.0,26.0,5,5.0,0.0,1.88,1.54,1.96,0.0,1.815,0.33999999999999986,-0.08000000000000007,27,22,50.0,0.0,1.25,1.47,0.0,0.0,0.9066666666666666,1.47,-0.21999999999999997,1.25,4,2,0,3,2.0,8.0,True,False,False,False,False,True,False,False,2.0,0,4.0,303.0,-0.11,0.013,0.2875,1.15,Co2|Sn1|Ti1,False
Co2VAs,9,5,5.0,0.0,28.0,4,4.0,0.0,1.88,1.63,2.18,0.0,1.8925,0.25,-0.30000000000000027,27,23,33.0,0.0,1.25,1.34,1.19,0.0,1.26,0.15000000000000013,-0.09000000000000008,0.06000000000000005,4,2,0,3,4.0,10.0,True,False,False,False,False,True,False,False,4.0,0,4.0,232.0,-0.13,0.098,0.3075,1.23,As1|Co2|V1,False
Co2VMn,9,5,7.0,0.0,30.0,4,2.0,-2.0,1.88,1.63,1.55,0.0,1.7349999999999999,0.25,0.32999999999999985,27,23,25.0,0.0,1.25,1.34,1.27,0.0,1.2866666666666666,0.09000000000000008,-0.09000000000000008,-0.020000000000000018,4,3,0,3,6.0,12.0,True,False,False,False,False,True,False,False,6.0,0,4.0,385.0,-0.099,0.067,0.36,1.44,Co2|Mn1|V1,False
Co2VSb,9,5,5.0,0.0,28.0,4,4.0,0.0,1.88,1.63,2.05,0.0,1.8599999999999999,0.25,-0.16999999999999993,27,23,51.0,0.0,1.25,1.34,1.59,0.0,1.3933333333333333,0.3400000000000001,-0.09000000000000008,-0.3400000000000001,4,2,0,3,4.0,10.0,True,False,False,False,False,True,False,False,4.0,0,4.0,360.0,-0.117,0.113,0.2625,1.05,Co2|Sb1|V1,False
Co2VSn,9,5,4.0,0.0,27.0,4,5.0,1.0,1.88,1.63,1.96,0.0,1.8375,0.25,-0.08000000000000007,27,23,50.0,0.0,1.25,1.34,0.0,0.0,0.8633333333333333,1.34,-0.09000000000000008,1.25,4,2,0,3,3.0,9.0,True,False,False,False,False,False,False,True,3.0,0,4.0,280.0,-0.114,0.079,0.275,1.1,Co2|Sn1|V1,True
Cr2CoAs,6,9,5.0,0.0,26.0,-3,1.0,4.0,1.66,1.88,2.18,0.0,1.8449999999999998,-0.21999999999999997,-0.5200000000000002,24,27,33.0,0.0,1.28,1.25,1.19,0.0,1.24,0.09000000000000008,0.030000000000000027,0.09000000000000008,4,3,0,3,2.0,8.0,True,False,False,False,False,False,False,True,2.0,0,4.0,454.0,-0.092,0.134,0.6975,2.79,As1|Co1|Cr2,False
Cr2CoSb,6,9,5.0,0.0,26.0,-3,1.0,4.0,1.66,1.88,2.05,0.0,1.8124999999999998,-0.21999999999999997,-0.3899999999999999,24,27,51.0,0.0,1.28,1.25,1.59,0.0,1.3733333333333333,0.3400000000000001,0.030000000000000027,-0.31000000000000005,4,3,0,3,2.0,8.0,True,False,False,False,False,True,False,False,2.0,0,4.0,496.0,-0.084,0.058,0.67,2.68,Co1|Cr2|Sb1,False
Cr2CoSn,6,9,4.0,0.0,25.0,-3,2.0,5.0,1.66,1.88,1.96,0.0,1.7899999999999998,-0.21999999999999997,-0.30000000000000004,24,27,50.0,0.0,1.28,1.25,0.0,0.0,0.8433333333333334,1.28,0.030000000000000027,1.28,4,3,0,3,1.0,7.0,True,False,False,False,False,True,False,False,1.0,0,4.0,438.0,-0.093,0.039,0.7325,2.93,Co1|Cr2|Sn1,False
Cr2FeAs,6,8,5.0,0.0,25.0,-2,1.0,3.0,1.66,1.83,2.18,0.0,1.8325,-0.17000000000000015,-0.5200000000000002,24,26,33.0,0.0,1.28,1.26,1.19,0.0,1.2433333333333334,0.09000000000000008,0.020000000000000018,0.09000000000000008,4,3,0,3,1.0,7.0,True,False,False,False,False,True,False,False,1.0,0,4.0,609.0,-0.098,0.05,0.7625,3.05,As1|Cr2|Fe1,False
Cr2FeSb,6,8,5.0,0.0,25.0,-2,1.0,3.0,1.66,1.83,2.05,0.0,1.8,-0.17000000000000015,-0.3899999999999999,24,26,51.0,0.0,1.28,1.26,1.59,0.0,1.3766666666666667,0.33000000000000007,0.020000000000000018,-0.31000000000000005,4,3,0,3,1.0,7.0,True,False,False,False,False,True,False,False,1.0,0,4.0,526.0,-0.08,0.062,0.78,3.12,Cr2|Fe1|Sb1,True
Cr2FeSn,6,8,4.0,0.0,24.0,-2,2.0,4.0,1.66,1.83,1.96,0.0,1.7775,-0.17000000000000015,-0.30000000000000004,24,26,50.0,0.0,1.28,1.26,0.0,0.0,0.8466666666666667,1.28,0.020000000000000018,1.28,4,3,0,3,0.0,6.0,True,False,False,False,False,False,False,True,0.0,0,4.0,538.0,-0.081,0.006,0.7925,3.17,Cr2|Fe1|Sn1,True
Cr2MnSb,6,7,5.0,0.0,24.0,-1,1.0,2.0,1.66,1.55,2.05,0.0,1.73,0.10999999999999988,-0.3899999999999999,24,25,51.0,0.0,1.28,1.27,1.59,0.0,1.38,0.32000000000000006,0.010000000000000009,-0.31000000000000005,4,3,0,3,0.0,6.0,True,False,False,False,False,False,False,True,0.0,0,4.0,581.0,-0.088,0.02,0.955,3.82,Cr2|Mn1|Sb1,False
Cr2MnSn,6,7,4.0,0.0,23.0,-1,2.0,3.0,1.66,1.55,1.96,0.0,1.7075,0.10999999999999988,-0.30000000000000004,24,25,50.0,0.0,1.28,1.27,0.0,0.0,0.85,1.28,0.010000000000000009,1.28,4,3,0,3,-1.0,5.0,True,False,False,False,False,True,False,False,-1.0,0,4.0,545.0,-0.131,0.147,0.9525,3.81,Cr2|Mn1|Sn1,False
Cr2MoAl,6,6,3.0,0.0,21.0,0,3.0,3.0,1.66,2.16,1.61,0.0,1.7725000000000002,-0.5000000000000002,0.04999999999999982,24,42,13.0,0.0,1.28,1.39,1.43,0.0,1.3666666666666665,0.1499999999999999,-0.10999999999999988,-0.1499999999999999,4,2,0,3,-3.0,3.0,True,False,False,False,False,True,False,False,-3.0,0,4.0,952.0,-0.054,0.093,1.4925,5.97,Al1|Cr2|Mo1,False
Cr2MoSi,6,6,4.0,0.0,22.0,0,2.0,2.0,1.66,2.16,1.9,0.0,1.8450000000000002,-0.5000000000000002,-0.24,24,42,14.0,0.0,1.28,1.39,1.11,0.0,1.26,0.2799999999999998,-0.10999999999999988,0.16999999999999993,4,2,0,3,-2.0,4.0,True,False,False,False,False,False,False,True,-2.0,0,4.0,567.0,-0.131,0.212,1.0275,4.11,Cr2|Mo1|Si1,False
Cr2NbAl,6,5,3.0,0.0,20.0,1,3.0,2.0,1.66,1.6,1.61,0.0,1.6325,0.05999999999999983,0.04999999999999982,24,41,13.0,0.0,1.28,1.46,1.43,0.0,1.39,0.17999999999999994,-0.17999999999999994,-0.1499999999999999,4,2,0,3,-4.0,2.0,True,False,False,False,False,True,False,False,-4.0,0,4.0,759.0,-0.039,0.136,1.82,7.28,Al1|Cr2|Nb1,True
Cr2NbGe,6,5,4.0,0.0,21.0,1,2.0,1.0,1.66,1.6,2.01,0.0,1.7325,0.05999999999999983,-0.34999999999999987,24,41,32.0,0.0,1.28,1.46,1.22,0.0,1.32,0.24,-0.17999999999999994,0.06000000000000005,4,2,0,3,-3.0,3.0,True,False,False,False,False,True,False,False,-3.0,0,4.0,899.0,-0.053,0.194,1.49,5.96,Cr2|Ge1|Nb1,False
Cr2NbSi,6,5,4.0,0.0,21.0,1,2.0,1.0,1.66,1.6,1.9,0.0,1.705,0.05999999999999983,-0.24,24,41,14.0,0.0,1.28,1.46,1.11,0.0,1.2833333333333334,0.34999999999999987,-0.17999999999999994,0.16999999999999993,4,2,0,3,-3.0,3.0,True,False,False,False,False,True,False,False,-3.0,0,4.0,872.0,-0.19,0.236,1.49,5.96,Cr2|Nb1|Si1,True
Cr2TaAl,6,5,3.0,0.0,20.0,1,3.0,2.0,1.66,1.5,1.61,0.0,1.6075000000000002,0.15999999999999992,0.04999999999999982,24,73,13.0,0.0,1.28,1.46,1.43,0.0,1.39,0.17999999999999994,-0.17999999999999994,-0.1499999999999999,4,2,0,3,-4.0,2.0,True,False,False,False,False,True,False,False,-4.0,0,4.0,447.0,-0.055,0.121,0.84,3.36,Al1|Cr2|Ta1,False
Cr2TaGe,6,5,4.0,0.0,21.0,1,2.0,1.0,1.66,1.5,2.01,0.0,1.7075,0.15999999999999992,-0.34999999999999987,24,73,32.0,0.0,1.28,1.46,1.22,0.0,1.32,0.24,-0.17999999999999994,0.06000000000000005,4,2,0,3,-3.0,3.0,True,False,False,False,False,True,False,False,-3.0,0,4.0,880.0,-0.042,0.185,0.7375,2.95,Cr2|Ge1|Ta1,True
Cr2TaSi,6,5,4.0,0.0,21.0,1,2.0,1.0,1.66,1.5,1.9,0.0,1.6800000000000002,0.15999999999999992,-0.24,24,73,14.0,0.0,1.28,1.46,1.11,0.0,1.2833333333333334,0.34999999999999987,-0.17999999999999994,0.16999999999999993,4,2,0,3,-3.0,3.0,True,False,False,False,False,True,False,False,-3.0,0,4.0,833.0,-0.193,0.212,1.4825,5.93,Cr2|Si1|Ta1,False
Cr2TiAl,6,4,3.0,0.0,19.0,2,3.0,1.0,1.66,1.54,1.61,0.0,1.6175,0.11999999999999988,0.04999999999999982,24,22,13.0,0.0,1.28,1.47,1.43,0.0,1.3933333333333333,0.18999999999999995,-0.18999999999999995,-0.1499999999999999,4,2,0,3,-5.0,1.0,True,False,False,False,False,True,False,False,-5.0,0,4.0,511.0,-0.002,0.218,2.2575,9.03,Al1|Cr2|Ti1,False
Cr2TiSb,6,4,5.0,0.0,21.0,2,1.0,-1.0,1.66,1.54,2.05,0.0,1.7274999999999998,0.11999999999999988,-0.3899999999999999,24,22,51.0,0.0,1.28,1.47,1.59,0.0,1.4466666666666665,0.31000000000000005,-0.18999999999999995,-0.31000000000000005,4,2,0,3,-3.0,3.0,True,False,False,False,False,True,False,False,-3.0,0,4.0,738.0,-0.016,0.243,1.495,5.98,Cr2|Sb1|Ti1,False
Cr2VAs,6,5,5.0,0.0,22.0,1,1.0,0.0,1.66,1.63,2.18,0.0,1.7824999999999998,0.030000000000000027,-0.5200000000000002,24,23,33.0,0.0,1.28,1.34,1.19,0.0,1.27,0.15000000000000013,-0.06000000000000005,0.09000000000000008,4,2,0,3,-2.0,4.0,True,False,False,False,False,True,False,False,-2.0,0,4.0,259.0,-0.132,0.14,0.27,1.08,As1|Cr2|V1,False
Cr2VSb,6,5,5.0,0.0,22.0,1,1.0,0.0,1.66,1.63,2.05,0.0,1.7499999999999998,0.030000000000000027,-0.3899999999999999,24,23,51.0,0.0,1.28,1.34,1.59,0.0,1.4033333333333333,0.31000000000000005,-0.06000000000000005,-0.31000000000000005,4,2,0,3,-2.0,4.0,True,False,False,False,False,True,False,False,-2.0,0,4.0,370.0,-0.078,0.056,0.2475,0.99,Cr2|Sb1|V1,False
Cr2VSn,6,5,4.0,0.0,21.0,1,2.0,1.0,1.66,1.63,1.96,0.0,1.7274999999999998,0.030000000000000027,-0.30000000000000004,24,23,50.0,0.0,1.28,1.34,0.0,0.0,0.8733333333333334,1.34,-0.06000000000000005,1.28,4,2,0,3,-3.0,3.0,True,False,False,False,False,False,False,True,-3.0,0,4.0,301.0,-0.106,0.081,0.235,0.94,Cr2|Sn1|V1,True
Cr2WAl,6,6,3.0,0.0,21.0,0,3.0,3.0,1.66,2.36,1.61,0.0,1.8225,-0.7,0.04999999999999982,24,74,13.0,0.0,1.28,1.39,1.43,0.0,1.3666666666666665,0.1499999999999999,-0.10999999999999988,-0.1499999999999999,4,2,0,3,-3.0,3.0,True,False,False,False,False,True,False,False,-3.0,0,4.0,984.0,-0.052,0.05,1.49,5.96,Al1|Cr2|W1,False
Cr2WSi,6,6,4.0,0.0,22.0,0,2.0,2.0,1.66,2.36,1.9,0.0,1.895,-0.7,-0.24,24,74,14.0,0.0,1.28,1.39,1.11,0.0,1.26,0.2799999999999998,-0.10999999999999988,0.16999999999999993,4,2,0,3,-2.0,4.0,True,False,False,False,False,False,False,True,-2.0,0,4.0,432.0,-0.097,0.187,0.9675,3.87,Cr2|Si1|W1,False
Cr3Al,6,3,0.0,0.0,21.0,3,6.0,3.0,1.66,1.61,0.0,0.0,1.6475,0.04999999999999982,1.66,24,13,0.0,0.0,1.28,1.43,0.0,0.0,1.355,0.1499999999999999,-0.1499999999999999,1.28,4,3,0,2,-3.0,3.0,True,False,False,False,False,True,False,False,-3.0,1,4.0,1652.0,-0.027,0.076,0.7325,2.93,Al1|Cr3,False
Cr3Si,6,4,0.0,0.0,22.0,2,6.0,4.0,1.66,1.9,0.0,0.0,1.7199999999999998,-0.24,1.66,24,14,0.0,0.0,1.28,1.11,0.0,0.0,1.195,0.16999999999999993,0.16999999999999993,1.28,4,3,0,2,-2.0,4.0,True,False,False,False,False,True,False,False,-2.0,1,4.0,717.0,-0.171,0.19,0.5025,2.01,Cr3|Si1,True
Fe2CoSb,8,9,5.0,0.0,30.0,-1,3.0,4.0,1.83,1.88,2.05,0.0,1.8975,-0.04999999999999982,-0.21999999999999975,26,27,51.0,0.0,1.26,1.25,1.59,0.0,1.3666666666666665,0.3400000000000001,0.010000000000000009,-0.33000000000000007,4,3,0,3,6.0,12.0,True,False,False,False,False,False,False,True,6.0,0,4.0,424.0,-0.057,0.102,0.72,2.88,Co1|Fe2|Sb1,False
Fe2CoSn,8,9,4.0,0.0,29.0,-1,4.0,5.0,1.83,1.88,1.96,0.0,1.875,-0.04999999999999982,-0.1299999999999999,26,27,50.0,0.0,1.26,1.25,0.0,0.0,0.8366666666666666,1.26,0.010000000000000009,1.26,4,3,0,3,5.0,11.0,True,False,False,False,False,True,False,False,5.0,0,4.0,503.0,-0.113,0.151,0.67,2.68,Co1|Fe2|Sn1,False
Fe2CrAs,8,6,5.0,0.0,27.0,2,3.0,1.0,1.83,1.66,2.18,0.0,1.875,0.17000000000000015,-0.3500000000000001,26,24,33.0,0.0,1.26,1.28,1.19,0.0,1.2433333333333334,0.09000000000000008,-0.020000000000000018,0.07000000000000006,4,3,0,3,3.0,9.0,True,False,False,False,False,False,False,True,3.0,0,4.0,441.0,-0.116,0.143,0.5875,2.35,As1|Cr1|Fe2,False
Fe2CrSb,8,6,5.0,0.0,27.0,2,3.0,1.0,1.83,1.66,2.05,0.0,1.8425,0.17000000000000015,-0.21999999999999975,26,24,51.0,0.0,1.26,1.28,1.59,0.0,1.3766666666666667,0.33000000000000007,-0.020000000000000018,-0.33000000000000007,4,3,0,3,3.0,9.0,True,False,False,False,False,True,False,False,3.0,0,4.0,459.0,-0.056,0.064,0.565,2.26,Cr1|Fe2|Sb1,False
Fe2CrSn,8,6,4.0,0.0,26.0,2,4.0,2.0,1.83,1.66,1.96,0.0,1.82,0.17000000000000015,-0.1299999999999999,26,24,50.0,0.0,1.26,1.28,0.0,0.0,0.8466666666666667,1.28,-0.020000000000000018,1.26,4,3,0,3,2.0,8.0,True,False,False,False,False,True,False,False,2.0,0,4.0,403.0,-0.095,0.088,0.625,2.5,Cr1|Fe2|Sn1,False
Fe2IrIn,8,9,3.0,0.0,28.0,-1,5.0,6.0,1.83,2.2,1.78,0.0,1.9100000000000001,-0.3700000000000001,0.050000000000000044,26,77,49.0,0.0,1.26,1.35,1.67,0.0,1.4266666666666667,0.4099999999999999,-0.09000000000000008,-0.4099999999999999,4,2,0,3,4.0,10.0,True,False,False,False,False,True,False,False,4.0,0,4.0,320.0,-0.055,0.025,0.39,1.56,Fe2|In1|Ir1,False
Fe2MnSb,8,7,5.0,0.0,28.0,1,3.0,2.0,1.83,1.55,2.05,0.0,1.815,0.28,-0.21999999999999975,26,25,51.0,0.0,1.26,1.27,1.59,0.0,1.3733333333333333,0.33000000000000007,-0.010000000000000009,-0.33000000000000007,4,3,0,3,4.0,10.0,True,False,False,False,False,True,False,False,4.0,0,4.0,555.0,-0.12,0.077,0.95,3.8,Fe2|Mn1|Sb1,False
Fe2MnSn,8,7,4.0,0.0,27.0,1,4.0,3.0,1.83,1.55,1.96,0.0,1.7925,0.28,-0.1299999999999999,26,25,50.0,0.0,1.26,1.27,0.0,0.0,0.8433333333333334,1.27,-0.010000000000000009,1.26,4,3,0,3,3.0,9.0,True,False,False,False,False,True,False,False,3.0,0,4.0,582.0,-0.073,0.054,0.9775,3.91,Fe2|Mn1|Sn1,False
Fe2PdIn,8,10,3.0,0.0,29.0,-2,5.0,7.0,1.83,2.2,1.78,0.0,1.9100000000000001,-0.3700000000000001,0.050000000000000044,26,46,49.0,0.0,1.26,1.37,1.67,0.0,1.4333333333333333,0.4099999999999999,-0.1100000000000001,-0.4099999999999999,4,2,0,3,5.0,11.0,True,False,False,False,False,False,False,True,5.0,0,4.0,355.0,-0.113,0.108,0.3675,1.47,Fe2|In1|Pd1,False
Fe2PtSi,8,10,4.0,0.0,30.0,-2,4.0,6.0,1.83,2.28,1.9,0.0,1.96,-0.44999999999999973,-0.06999999999999984,26,78,14.0,0.0,1.26,1.39,1.11,0.0,1.2533333333333332,0.2799999999999998,-0.1299999999999999,0.1499999999999999,4,2,0,3,6.0,12.0,True,False,False,False,False,True,False,False,6.0,0,4.0,400.0,-0.146,0.068,0.42,1.68,Fe2|Pt1|Si1,False
Fe2PtZn,8,10,12.0,0.0,38.0,-2,-4.0,-2.0,1.83,2.28,1.65,0.0,1.8975,-0.44999999999999973,0.18000000000000016,26,78,30.0,0.0,1.26,1.39,1.34,0.0,1.33,0.1299999999999999,-0.1299999999999999,-0.08000000000000007,4,2,0,3,14.0,20.0,True,False,False,False,False,False,False,True,14.0,0,4.0,385.0,-0.164,0.114,0.3375,1.35,Fe2|Pt1|Zn1,False
Fe2ReAl,8,7,3.0,0.0,26.0,1,5.0,4.0,1.83,1.9,1.61,0.0,1.7925000000000002,-0.06999999999999984,0.21999999999999997,26,75,13.0,0.0,1.26,1.37,1.43,0.0,1.3533333333333333,0.16999999999999993,-0.1100000000000001,-0.16999999999999993,4,2,0,3,2.0,8.0,True,False,False,False,False,True,False,False,2.0,0,4.0,363.0,-0.095,0.089,0.345,1.38,Al1|Fe2|Re1,False
Fe2ReGa,8,7,3.0,0.0,26.0,1,5.0,4.0,1.83,1.9,1.81,0.0,1.8425000000000002,-0.06999999999999984,0.020000000000000018,26,75,31.0,0.0,1.26,1.37,1.35,0.0,1.3266666666666667,0.1100000000000001,-0.1100000000000001,-0.09000000000000008,4,2,0,3,2.0,8.0,True,False,False,False,False,False,False,True,2.0,0,4.0,357.0,-0.114,0.006,0.385,1.54,Fe2|Ga1|Re1,False
Fe2ReIn,8,7,3.0,0.0,26.0,1,5.0,4.0,1.83,1.9,1.78,0.0,1.8350000000000002,-0.06999999999999984,0.050000000000000044,26,75,49.0,0.0,1.26,1.37,1.67,0.0,1.4333333333333333,0.4099999999999999,-0.1100000000000001,-0.4099999999999999,4,2,0,3,2.0,8.0,True,False,False,False,False,True,False,False,2.0,0,4.0,361.0,-0.075,0.085,0.3375,1.35,Fe2|In1|Re1,False
Fe2RhIn,8,9,3.0,0.0,28.0,-1,5.0,6.0,1.83,2.28,1.78,0.0,1.93,-0.44999999999999973,0.050000000000000044,26,45,49.0,0.0,1.26,1.34,1.67,0.0,1.4233333333333331,0.4099999999999999,-0.08000000000000007,-0.4099999999999999,4,2,0,3,4.0,10.0,True,False,False,False,False,True,False,False,4.0,0,4.0,426.0,-0.13,0.121,0.3825,1.53,Fe2|In1|Rh1,True
Fe2RuIn,8,8,3.0,0.0,27.0,0,5.0,5.0,1.83,2.2,1.78,0.0,1.9100000000000001,-0.3700000000000001,0.050000000000000044,26,44,49.0,0.0,1.26,1.34,1.67,0.0,1.4233333333333331,0.4099999999999999,-0.08000000000000007,-0.4099999999999999,4,2,0,3,3.0,9.0,True,False,False,False,False,True,False,False,3.0,0,4.0,318.0,-0.095,0.068,0.4125,1.65,Fe2|In1|Ru1,False
Fe2TiAl,8,4,3.0,0.0,23.0,4,5.0,1.0,1.83,1.54,1.61,0.0,1.7025000000000001,0.29000000000000004,0.21999999999999997,26,22,13.0,0.0,1.26,1.47,1.43,0.0,1.3866666666666667,0.20999999999999996,-0.20999999999999996,-0.16999999999999993,4,2,0,3,-1.0,5.0,True,False,False,False,False,True,False,False,-1.0,0,4.0,292.0,-0.133,0.094,0.2025,0.81,Al1|Fe2|Ti1,False
Fe2TiAs,8,4,5.0,0.0,25.0,4,3.0,-1.0,1.83,1.54,2.18,0.0,1.8450000000000002,0.29000000000000004,-0.3500000000000001,26,22,33.0,0.0,1.26,1.47,1.19,0.0,1.3066666666666666,0.28,-0.20999999999999996,0.07000000000000006,4,2,0,3,1.0,7.0,True,False,False,False,False,True,False,False,1.0,0,4.0,180.0,-0.132,0.049,0.2075,0.83,As1|Fe2|Ti1,True
Fe2TiGa,8,4,3.0,0.0,23.0,4,5.0,1.0,1.83,1.54,1.81,0.0,1.7525,0.29000000000000004,0.020000000000000018,26,22,31.0,0.0,1.26,1.47,1.35,0.0,1.36,0.20999999999999996,-0.20999999999999996,-0.09000000000000008,4,2,0,3,-1.0,5.0,True,False,False,False,False,False,False,True,-1.0,0,4.0,335.0,-0.05,0.031,0.1325,0.53,Fe2|Ga1|Ti1,False
Fe2TiGe,8,4,4.0,0.0,24.0,4,4.0,0.0,1.83,1.54,2.01,0.0,1.8025,0.29000000000000004,-0.17999999999999972,26,22,32.0,0.0,1.26,1.47,1.22,0.0,1.3166666666666667,0.25,-0.20999999999999996,0.040000000000000036,4,2,0,3,0.0,6.0,True,False,False,False,False,False,False,True,0.0,0,4.0,289.0,-0.046,0.107,0.23,0.92,Fe2|Ge1|Ti1,False
Fe2TiIn,8,4,3.0,0.0,23.0,4,5.0,1.0,1.83,1.54,1.78,0.0,1.745,0.29000000000000004,0.050000000000000044,26,22,49.0,0.0,1.26,1.47,1.67,0.0,1.4666666666666668,0.4099999999999999,-0.20999999999999996,-0.4099999999999999,4,2,0,3,-1.0,5.0,True,False,False,False,False,True,False,False,-1.0,0,4.0,283.0,-0.088,0.088,0.2175,0.87,Fe2|In1|Ti1,False
Fe2TiSb,8,4,5.0,0.0,25.0,4,3.0,-1.0,1.83,1.54,2.05,0.0,1.8125,0.29000000000000004,-0.21999999999999975,26,22,51.0,0.0,1.26,1.47,1.59,0.0,1.4400000000000002,0.33000000000000007,-0.20999999999999996,-0.33000000000000007,4,2,0,3,1.0,7.0,True,False,False,False,False,False,False,True,1.0,0,4.0,309.0,-0.126,0.107,0.245,0.98,Fe2|Sb1|Ti1,False
Fe2TiSi,8,4,4.0,0.0,24.0,4,4.0,0.0,1.83,1.54,1.9,0.0,1.775,0.29000000000000004,-0.06999999999999984,26,22,14.0,0.0,1.26,1.47,1.11,0.0,1.28,0.3599999999999999,-0.20999999999999996,0.1499999999999999,4,2,0,3,0.0,6.0,True,False,False,False,False,True,False,False,0.0,0,4.0,237.0,-0.068,0.092,0.2325,0.93,Fe2|Si1|Ti1,False
Fe2TiSn,8,4,4.0,0.0,24.0,4,4.0,0.0,1.83,1.54,1.96,0.0,1.79,0.29000000000000004,-0.1299999999999999,26,22,50.0,0.0,1.26,1.47,0.0,0.0,0.91,1.47,-0.20999999999999996,1.26,4,2,0,3,0.0,6.0,True,False,False,False,False,True,False,False,0.0,0,4.0,302.0,-0.109,0.037,0.24,0.96,Fe2|Sn1|Ti1,False
Fe2VAs,8,5,5.0,0.0,26.0,3,3.0,0.0,1.83,1.63,2.18,0.0,1.8675000000000002,0.20000000000000018,-0.3500000000000001,26,23,33.0,0.0,1.26,1.34,1.19,0.0,1.2633333333333334,0.15000000000000013,-0.08000000000000007,0.07000000000000006,4,2,0,3,2.0,8.0,True,False,False,False,False,True,False,False,2.0,0,4.0,297.0,-0.065,0.19,0.265,1.06,As1|Fe2|V1,False
Fe2VSb,8,5,5.0,0.0,26.0,3,3.0,0.0,1.83,1.63,2.05,0.0,1.835,0.20000000000000018,-0.21999999999999975,26,23,51.0,0.0,1.26,1.34,1.59,0.0,1.3966666666666667,0.33000000000000007,-0.08000000000000007,-0.33000000000000007,4,2,0,3,2.0,8.0,True,False,False,False,False,True,False,False,2.0,0,4.0,307.0,-0.059,0.099,0.27,1.08,Fe2|Sb1|V1,True
Fe2VSn,8,5,4.0,0.0,25.0,3,4.0,1.0,1.83,1.63,1.96,0.0,1.8125,0.20000000000000018,-0.1299999999999999,26,23,50.0,0.0,1.26,1.34,0.0,0.0,0.8666666666666667,1.34,-0.08000000000000007,1.26,4,2,0,3,1.0,7.0,True,False,False,False,False,False,False,True,1.0,0,4.0,288.0,-0.125,0.1,0.2375,0.95,Fe2|Sn1|V1,False
Hf2CoAl,4,9,3.0,0.0,20.0,-5,1.0,6.0,1.3,1.88,1.61,0.0,1.5225000000000002,-0.5799999999999998,-0.31000000000000005,72,27,13.0,0.0,1.59,1.25,1.43,0.0,1.4233333333333331,0.3400000000000001,0.3400000000000001,0.16000000000000014,4,1,0,3,-4.0,2.0,True,False,False,False,False,False,False,True,-4.0,0,4.0,430.0,-0.076,0.036,0.6925,2.77,Al1|Co1|Hf2,False
Hf2CoGa,4,9,3.0,0.0,20.0,-5,1.0,6.0,1.3,1.88,1.81,0.0,1.5725000000000002,-0.5799999999999998,-0.51,72,27,31.0,0.0,1.59,1.25,1.35,0.0,1.3966666666666665,0.3400000000000001,0.3400000000000001,0.24,4,1,0,3,-4.0,2.0,True,False,False,False,False,False,False,True,-4.0,0,4.0,431.0,-0.086,0.163,0.7075,2.83,Co1|Ga1|Hf2,False
Hf2CoGe,4,9,4.0,0.0,21.0,-5,0.0,5.0,1.3,1.88,2.01,0.0,1.6225,-0.5799999999999998,-0.7099999999999997,72,27,32.0,0.0,1.59,1.25,1.22,0.0,1.3533333333333333,0.3700000000000001,0.3400000000000001,0.3700000000000001,4,1,0,3,-3.0,3.0,True,False,False,False,False,True,False,False,-3.0,0,4.0,482.0,-0.099,0.048,0.675,2.7,Co1|Ge1|Hf2,False
Hf2CoIn,4,9,3.0,0.0,20.0,-5,1.0,6.0,1.3,1.88,1.78,0.0,1.5650000000000002,-0.5799999999999998,-0.48,72,27,49.0,0.0,1.59,1.25,1.67,0.0,1.5033333333333332,0.41999999999999993,0.3400000000000001,-0.07999999999999985,4,1,0,3,-4.0,2.0,True,False,False,False,False,True,False,False,-4.0,0,4.0,400.0,-0.089,0.079,0.72,2.88,Co1|Hf2|In1,True
Hf2CoSi,4,9,4.0,0.0,21.0,-5,0.0,5.0,1.3,1.88,1.9,0.0,1.5950000000000002,-0.5799999999999998,-0.5999999999999999,72,27,14.0,0.0,1.59,1.25,1.11,0.0,1.3166666666666667,0.48,0.3400000000000001,0.48,4,1,0,3,-3.0,3.0,True,False,False,False,False,True,False,False,-3.0,0,4.0,451.0,-0.098,0.101,0.705,2.82,Co1|Hf2|Si1,False
Hf2CoSn,4,9,4.0,0.0,21.0,-5,0.0,5.0,1.3,1.88,1.96,0.0,1.61,-0.5799999999999998,-0.6599999999999999,72,27,50.0,0.0,1.59,1.25,0.0,0.0,0.9466666666666667,1.59,0.3400000000000001,1.59,4,1,0,3,-3.0,3.0,True,False,False,False,False,False,False,True,-3.0,0,4.0,537.0,-0.108,0.068,0.7275,2.91,Co1|Hf2|Sn1,False
Hf2CrAl,4,6,3.0,0.0,17.0,-2,1.0,3.0,1.3,1.66,1.61,0.0,1.4675,-0.3599999999999999,-0.31000000000000005,72,24,13.0,0.0,1.59,1.28,1.43,0.0,1.4333333333333333,0.31000000000000005,0.31000000000000005,0.16000000000000014,4,1,0,3,-7.0,-1.0,True,False,False,False,False,True,False,False,-7.0,0,4.0,461.0,-0.139,0.095,0.6575,2.63,Al1|Cr1|Hf2,False
Hf2CrGe,4,6,4.0,0.0,18.0,-2,0.0,2.0,1.3,1.66,2.01,0.0,1.5675,-0.3599999999999999,-0.7099999999999997,72,24,32.0,0.0,1.59,1.28,1.22,0.0,1.3633333333333333,0.3700000000000001,0.31000000000000005,0.3700000000000001,4,1,0,3,-6.0,0.0,True,False,False,False,False,True,False,False,-6.0,0,4.0,400.0,-0.084,0.039,0.6275,2.51,Cr1|Ge1|Hf2,True
Hf2CrSi,4,6,4.0,0.0,18.0,-2,0.0,2.0,1.3,1.66,1.9,0.0,1.54,-0.3599999999999999,-0.5999999999999999,72,24,14.0,0.0,1.59,1.28,1.11,0.0,1.3266666666666669,0.48,0.31000000000000005,0.48,4,1,0,3,-6.0,0.0,True,False,False,False,False,False,False,True,-6.0,0,4.0,414.0,-0.101,0.105,0.6275,2.51,Cr1|Hf2|Si1,False
Hf2FeAl,4,8,3.0,0.0,19.0,-4,1.0,5.0,1.3,1.83,1.61,0.0,1.51,-0.53,-0.31000000000000005,72,26,13.0,0.0,1.59,1.26,1.43,0.0,1.4266666666666667,0.33000000000000007,0.33000000000000007,0.16000000000000014,4,1,0,3,-5.0,1.0,True,False,False,False,False,True,False,False,-5.0,0,4.0,488.0,-0.133,0.154,0.8375,3.35,Al1|Fe1|Hf2,False
Hf2FeGa,4,8,3.0,0.0,19.0,-4,1.0,5.0,1.3,1.83,1.81,0.0,1.56,-0.53,-0.51,72,26,31.0,0.0,1.59,1.26,1.35,0.0,1.4000000000000001,0.33000000000000007,0.33000000000000007,0.24,4,1,0,3,-5.0,1.0,True,False,False,False,False,True,False,False,-5.0,0,4.0,407.0,-0.117,0.083,0.8425,3.37,Fe1|Ga1|Hf2,False
Hf2FeGe,4,8,4.0,0.0,20.0,-4,0.0,4.0,1.3,1.83,2.01,0.0,1.6099999999999999,-0.53,-0.7099999999999997,72,26,32.0,0.0,1.59,1.26,1.22,0.0,1.3566666666666667,0.3700000000000001,0.33000000000000007,0.3700000000000001,4,1,0,3,-4.0,2.0,True,False,False,False,False,False,False,True,-4.0,0,4.0,482.0,-0.107,0.004,0.7975,3.19,Fe1|Ge1|Hf2,False
Hf2FeIn,4,8,3.0,0.0,19.0,-4,1.0,5.0,1.3,1.83,1.78,0.0,1.5525,-0.53,-0.48,72,26,49.0,0.0,1.59,1.26,1.67,0.0,1.5066666666666666,0.4099999999999999,0.33000000000000007,-0.07999999999999985,4,1,0,3,-5.0,1.0,True,False,False,False,False,True,False,False,-5.0,0,4.0,450.0,-0.141,0.126,0.8925,3.57,Fe1|Hf2|In1,False
Hf2FeSi,4,8,4.0,0.0,20.0,-4,0.0,4.0,1.3,1.83,1.9,0.0,1.5825,-0.53,-0.5999999999999999,72,26,14.0,0.0,1.59,1.26,1.11,0.0,1.32,0.48,0.33000000000000007,0.48,4,1,0,3,-4.0,2.0,True,False,False,False,False,True,False,False,-4.0,0,4.0,553.0,-0.086,0.069,0.815,3.26,Fe1|Hf2|Si1,False
Hf2FeSn,4,8,4.0,0.0,20.0,-4,0.0,4.0,1.3,1.83,1.96,0.0,1.5975,-0.53,-0.6599999999999999,72,26,50.0,0.0,1.59,1.26,0.0,0.0,0.9500000000000001,1.59,0.33000000000000007,1.59,4,1,0,3,-4.0,2.0,True,False,False,False,False,True,False,False,-4.0,0,4.0,568.0,-0.115,0.006,0.815,3.26,Fe1|Hf2|Sn1,True
Hf2MnAl,4,7,3.0,0.0,18.0,-3,1.0,4.0,1.3,1.55,1.61,0.0,1.4400000000000002,-0.25,-0.31000000000000005,72,25,13.0,0.0,1.59,1.27,1.43,0.0,1.43,0.32000000000000006,0.32000000000000006,0.16000000000000014,4,1,0,3,-6.0,0.0,True,False,False,False,False,True,False,False,-6.0,0,4.0,635.0,-0.07,0.109,0.9075,3.63,Al1|Hf2|Mn1,True
Hf2MnGe,4,7,4.0,0.0,19.0,-3,0.0,3.0,1.3,1.55,2.01,0.0,1.54,-0.25,-0.7099999999999997,72,25,32.0,0.0,1.59,1.27,1.22,0.0,1.36,0.3700000000000001,0.32000000000000006,0.3700000000000001,4,1,0,3,-5.0,1.0,True,False,False,False,False,False,False,True,-5.0,0,4.0,572.0,-0.097,0.072,0.95,3.8,Ge1|Hf2|Mn1,False
Hf2MnIn,4,7,3.0,0.0,18.0,-3,1.0,4.0,1.3,1.55,1.78,0.0,1.4825000000000002,-0.25,-0.48,72,25,49.0,0.0,1.59,1.27,1.67,0.0,1.51,0.3999999999999999,0.32000000000000006,-0.07999999999999985,4,1,0,3,-6.0,0.0,True,False,False,False,False,False,False,True,-6.0,0,4.0,660.0,-0.089,0.069,0.985,3.94,Hf2|In1|Mn1,False
Hf2MnSi,4,7,4.0,0.0,19.0,-3,0.0,3.0,1.3,1.55,1.9,0.0,1.5125000000000002,-0.25,-0.5999999999999999,72,25,14.0,0.0,1.59,1.27,1.11,0.0,1.3233333333333335,0.48,0.32000000000000006,0.48,4,1,0,3,-5.0,1.0,True,False,False,False,False,True,False,False,-5.0,0,4.0,632.0,-0.086,0.112,0.975,3.9,Hf2|Mn1|Si1,False
Hf2NiAl,4,10,3.0,0.0,21.0,-6,1.0,7.0,1.3,1.91,1.61,0.0,1.53,-0.6099999999999999,-0.31000000000000005,72,28,13.0,0.0,1.59,1.24,1.43,0.0,1.42,0.3500000000000001,0.3500000000000001,0.16000000000000014,4,1,0,3,-3.0,3.0,True,False,False,False,False,True,False,False,-3.0,0,4.0,314.0,-0.078,0.067,0.4225,1.69,Al1|Hf2|Ni1,False
Hf2NiGa,4,10,3.0,0.0,21.0,-6,1.0,7.0,1.3,1.91,1.81,0.0,1.58,-0.6099999999999999,-0.51,72,28,31.0,0.0,1.59,1.24,1.35,0.0,1.3933333333333333,0.3500000000000001,0.3500000000000001,0.24,4,1,0,3,-3.0,3.0,True,False,False,False,False,False,False,True,-3.0,0,4.0,361.0,-0.12,0.18,0.3275,1.31,Ga1|Hf2|Ni1,False
Hf2NiGe,4,10,4.0,0.0,22.0,-6,0.0,6.0,1.3,1.91,2.01,0.0,1.63,-0.6099999999999999,-0.7099999999999997,72,28,32.0,0.0,1.59,1.24,1.22,0.0,1.3499999999999999,0.3700000000000001,0.3500000000000001,0.3700000000000001,4,1,0,3,-2.0,4.0,True,False,False,False,False,True,False,False,-2.0,0,4.0,345.0,-0.036,0.044,0.4375,1.75,Ge1|Hf2|Ni1,False
Hf2NiIn,4,10,3.0,0.0,21.0,-6,1.0,7.0,1.3,1.91,1.78,0.0,1.5725,-0.6099999999999999,-0.48,72,28,49.0,0.0,1.59,1.24,1.67,0.0,1.5,0.42999999999999994,0.3500000000000001,-0.07999999999999985,4,1,0,3,-3.0,3.0,True,False,False,False,False,False,False,True,-3.0,0,4.0,381.0,-0.09,0.072,0.37,1.48,Hf2|In1|Ni1,True
Hf2NiSi,4,10,4.0,0.0,22.0,-6,0.0,6.0,1.3,1.91,1.9,0.0,1.6025,-0.6099999999999999,-0.5999999999999999,72,28,14.0,0.0,1.59,1.24,1.11,0.0,1.3133333333333335,0.48,0.3500000000000001,0.48,4,1,0,3,-2.0,4.0,True,False,False,False,False,True,False,False,-2.0,0,4.0,411.0,-0.059,0.011,0.385,1.54,Hf2|Ni1|Si1,False
Hf2NiSn,4,10,4.0,0.0,22.0,-6,0.0,6.0,1.3,1.91,1.96,0.0,1.6175,-0.6099999999999999,-0.6599999999999999,72,28,50.0,0.0,1.59,1.24,0.0,0.0,0.9433333333333334,1.59,0.3500000000000001,1.59,4,1,0,3,-2.0,4.0,True,False,False,False,False,True,False,False,-2.0,0,4.0,398.0,-0.072,0.094,0.355,1.42,Hf2|Ni1|Sn1,False
Hf2TiAl,4,4,3.0,0.0,15.0,0,1.0,1.0,1.3,1.54,1.61,0.0,1.4375000000000002,-0.24,-0.31000000000000005,72,22,13.0,0.0,1.59,1.47,1.43,0.0,1.4966666666666668,0.16000000000000014,0.1200000000000001,0.16000000000000014,4,0,0,3,-9.0,-3.0,True,False,False,False,False,True,False,False,-9.0,0,4.0,243.0,-0.069,0.129,0.2225,0.89,Al1|Hf2|Ti1,False
Hf2TiGa,4,4,3.0,0.0,15.0,0,1.0,1.0,1.3,1.54,1.81,0.0,1.4875000000000003,-0.24,-0.51,72,22,31.0,0.0,1.59,1.47,1.35,0.0,1.47,0.24,0.1200000000000001,0.24,4,0,0,3,-9.0,-3.0,True,False,False,False,False,True,False,False,-9.0,0,4.0,253.0,-0.135,0.083,0.23,0.92,Ga1|Hf2|Ti1,False
Hf2TiGe,4,4,4.0,0.0,16.0,0,0.0,0.0,1.3,1.54,2.01,0.0,1.5375,-0.24,-0.7099999999999997,72,22,32.0,0.0,1.59,1.47,1.22,0.0,1.4266666666666667,0.3700000000000001,0.1200000000000001,0.3700000000000001,4,0,0,3,-8.0,-2.0,True,False,False,False,False,True,False,False,-8.0,0,4.0,305.0,-0.085,0.032,0.1675,0.67,Ge1|Hf2|Ti1,False
Hf2TiSi,4,4,4.0,0.0,16.0,0,0.0,0.0,1.3,1.54,1.9,0.0,1.5100000000000002,-0.24,-0.5999999999999999,72,22,14.0,0.0,1.59,1.47,1.11,0.0,1.39,0.48,0.1200000000000001,0.48,4,0,0,3,-8.0,-2.0,True,False,False,False,False,False,False,True,-8.0,0,4.0,395.0,-0.09,0.089,0.1875,0.75,Hf2|Si1|Ti1,False
Hf2VAl,4,5,3.0,0.0,16.0,-1,1.0,2.0,1.3,1.63,1.61,0.0,1.4600000000000002,-0.32999999999999985,-0.31000000000000005,72,23,13.0,0.0,1.59,1.34,1.43,0.0,1.4533333333333334,0.25,0.25,0.16000000000000014,4,0,0,3,-8.0,-2.0,True,False,False,False,False,True,False,False,-8.0,0,4.0,546.0,-0.108,0.123,0.4075,1.63,Al1|Hf2|V1,False
Hf2VGa,4,5,3.0,0.0,16.0,-1,1.0,2.0,1.3,1.63,1.81,0.0,1.5100000000000002,-0.32999999999999985,-0.51,72,23,31.0,0.0,1.59,1.34,1.35,0.0,1.4266666666666667,0.25,0.25,0.24,4,0,0,3,-8.0,-2.0,True,False,False,False,False,False,False,True,-8.0,0,4.0,379.0,-0.116,0.183,0.83,3.32,Ga1|Hf2|V1,False
Hf2VGe,4,5,4.0,0.0,17.0,-1,0.0,1.0,1.3,1.63,2.01,0.0,1.56,-0.32999999999999985,-0.7099999999999997,72,23,32.0,0.0,1.59,1.34,1.22,0.0,1.3833333333333335,0.3700000000000001,0.25,0.3700000000000001,4,0,0,3,-7.0,-1.0,True,False,False,False,False,True,False,False,-7.0,0,4.0,270.0,-0.105,0.046,0.2525,1.01,Ge1|Hf2|V1,True
Hf2VSi,4,5,4.0,0.0,17.0,-1,0.0,1.0,1.3,1.63,1.9,0.0,1.5325000000000002,-0.32999999999999985,-0.5999999999999999,72,23,14.0,0.0,1.59,1.34,1.11,0.0,1.3466666666666667,0.48,0.25,0.48,4,0,0,3,-7.0,-1.0,True,False,False,False,False,False,False,True,-7.0,0,4.0,281.0,-0.105,0.054,0.2125,0.85,Hf2|Si1|V1,False
Mn2FeSb,7,8,5.0,0.0,27.0,-1,2.0,3.0,1.55,1.83,2.05,0.0,1.7449999999999999,-0.28,-0.4999999999999998,25,26,51.0,0.0,1.27,1.26,1.59,0.0,1.3733333333333333,0.33000000000000007,0.010000000000000009,-0.32000000000000006,4,3,0,3,3.0,9.0,True,False,False,False,False,True,False,False,3.0,0,4.0,542.0,-0.124,0.115,0.8475,3.39,Fe1|Mn2|Sb1,False
Mn2FeSn,7,8,4.0,0.0,26.0,-1,3.0,4.0,1.55,1.83,1.96,0.0,1.7225,-0.28,-0.4099999999999999,25,26,50.0,0.0,1.27,1.26,0.0,0.0,0.8433333333333334,1.27,0.010000000000000009,1.27,4,3,0,3,2.0,8.0,True,False,False,False,False,False,False,True,2.0,0,4.0,620.0,-0.08,0.134,0.7575,3.03,Fe1|Mn2|Sn1,False
Mn2IrSi,7,9,4.0,0.0,27.0,-2,3.0,5.0,1.55,2.2,1.9,0.0,1.8000000000000003,-0.6500000000000001,-0.34999999999999987,25,77,14.0,0.0,1.27,1.35,1.11,0.0,1.2433333333333334,0.24,-0.08000000000000007,0.15999999999999992,4,2,0,3,3.0,9.0,True,False,False,False,False,True,False,False,3.0,0,4.0,329.0,-0.068,0.137,0.375,1.5,Ir1|Mn2|Si1,False
Mn2NiAs,7,10,5.0,0.0,29.0,-3,2.0,5.0,1.55,1.91,2.18,0.0,1.7974999999999999,-0.3599999999999999,-0.6300000000000001,25,28,33.0,0.0,1.27,1.24,1.19,0.0,1.2333333333333332,0.08000000000000007,0.030000000000000027,0.08000000000000007,4,3,0,3,5.0,11.0,True,False,False,False,False,True,False,False,5.0,0,4.0,324.0,-0.125,0.03,0.35,1.4,As1|Mn2|Ni1,False
Mn2NiSb,7,10,5.0,0.0,29.0,-3,2.0,5.0,1.55,1.91,2.05,0.0,1.765,-0.3599999999999999,-0.4999999999999998,25,28,51.0,0.0,1.27,1.24,1.59,0.0,1.3666666666666665,0.3500000000000001,0.030000000000000027,-0.32000000000000006,4,3,0,3,5.0,11.0,True,False,False,False,False,False,False,True,5.0,0,4.0,353.0,-0.116,0.054,0.345,1.38,Mn2|Ni1|Sb1,False
Mn2OsIn,7,8,3.0,0.0,25.0,-1,4.0,5.0,1.55,2.2,1.78,0.0,1.7700000000000002,-0.6500000000000001,-0.22999999999999998,25,76,49.0,0.0,1.27,1.35,1.67,0.0,1.43,0.3999999999999999,-0.08000000000000007,-0.3999999999999999,4,2,0,3,1.0,7.0,True,False,False,False,False,True,False,False,1.0,0,4.0,395.0,-0.102,0.069,0.395,1.58,In1|Mn2|Os1,False
Mn2OsSi,7,8,4.0,0.0,26.0,-1,3.0,4.0,1.55,2.2,1.9,0.0,1.8000000000000003,-0.6500000000000001,-0.34999999999999987,25,76,14.0,0.0,1.27,1.35,1.11,0.0,1.2433333333333334,0.24,-0.08000000000000007,0.15999999999999992,4,2,0,3,2.0,8.0,True,False,False,False,False,False,False,True,2.0,0,4.0,336.0,-0.112,0.101,0.305,1.22,Mn2|Os1|Si1,False
Mn2PdGe,7,10,4.0,0.0,28.0,-3,3.0,6.0,1.55,2.2,2.01,0.0,1.8275000000000001,-0.6500000000000001,-0.45999999999999974,25,46,32.0,0.0,1.27,1.37,1.22,0.0,1.2866666666666668,0.15000000000000013,-0.10000000000000009,0.050000000000000044,4,2,0,3,4.0,10.0,True,False,False,False,False,True,False,False,4.0,0,4.0,332.0,-0.116,0.073,0.3425,1.37,Ge1|Mn2|Pd1,False
Mn2PdSi,7,10,4.0,0.0,28.0,-3,3.0,6.0,1.55,2.2,1.9,0.0,1.8000000000000003,-0.6500000000000001,-0.34999999999999987,25,46,14.0,0.0,1.27,1.37,1.11,0.0,1.25,0.26,-0.10000000000000009,0.15999999999999992,4,2,0,3,4.0,10.0,True,False,False,False,False,True,False,False,4.0,0,4.0,364.0,-0.174,0.077,0.3825,1.53,Mn2|Pd1|Si1,False
Mn2PtIn,7,10,3.0,0.0,27.0,-3,4.0,7.0,1.55,2.28,1.78,0.0,1.79,-0.7299999999999998,-0.22999999999999998,25,78,49.0,0.0,1.27,1.39,1.67,0.0,1.4433333333333334,0.3999999999999999,-0.11999999999999988,-0.3999999999999999,4,2,0,3,3.0,9.0,True,False,False,False,False,True,False,False,3.0,0,4.0,390.0,-0.111,0.093,0.4375,1.75,In1|Mn2|Pt1,False
Mn2PtSi,7,10,4.0,0.0,28.0,-3,3.0,6.0,1.55,2.28,1.9,0.0,1.8199999999999998,-0.7299999999999998,-0.34999999999999987,25,78,14.0,0.0,1.27,1.39,1.11,0.0,1.2566666666666668,0.2799999999999998,-0.11999999999999988,0.15999999999999992,4,2,0,3,4.0,10.0,True,False,False,False,False,False,False,True,4.0,0,4.0,281.0,-0.128,0.061,0.4075,1.63,Mn2|Pt1|Si1,False
Mn2ReAl,7,7,3.0,0.0,24.0,0,4.0,4.0,1.55,1.9,1.61,0.0,1.6525,-0.34999999999999987,-0.06000000000000005,25,75,13.0,0.0,1.27,1.37,1.43,0.0,1.3566666666666667,0.15999999999999992,-0.10000000000000009,-0.15999999999999992,4,2,0,3,0.0,6.0,True,False,False,False,False,True,False,False,0.0,0,4.0,265.0,-0.131,0.174,0.31,1.24,Al1|Mn2|Re1,False
Mn2ReGa,7,7,3.0,0.0,24.0,0,4.0,4.0,1.55,1.9,1.81,0.0,1.7025000000000001,-0.34999999999999987,-0.26,25,75,31.0,0.0,1.27,1.37,1.35,0.0,1.33,0.10000000000000009,-0.10000000000000009,-0.08000000000000007,4,2,0,3,0.0,6.0,True,False,False,False,False,False,False,True,0.0,0,4.0,369.0,-0.086,0.15,0.3275,1.31,Ga1|Mn2|Re1,True
Mn2ReIn,7,7,3.0,0.0,24.0,0,4.0,4.0,1.55,1.9,1.78,0.0,1.695,-0.34999999999999987,-0.22999999999999998,25,75,49.0,0.0,1.27,1.37,1.67,0.0,1.4366666666666668,0.3999999999999999,-0.10000000000000009,-0.3999999999999999,4,2,0,3,0.0,6.0,True,False,False,False,False,True,False,False,0.0,0,4.0,289.0,-0.09,0.113,0.4275,1.71,In1|Mn2|Re1,False
Mn2ReSi,7,7,4.0,0.0,25.0,0,3.0,3.0,1.55,1.9,1.9,0.0,1.725,-0.34999999999999987,-0.34999999999999987,25,75,14.0,0.0,1.27,1.37,1.11,0.0,1.25,0.26,-0.10000000000000009,0.15999999999999992,4,2,0,3,1.0,7.0,True,False,False,False,False,True,False,False,1.0,0,4.0,330.0,-0.09,0.136,0.3975,1.59,Mn2|Re1|Si1,True
Mn2RhSi,7,9,4.0,0.0,27.0,-2,3.0,5.0,1.55,2.28,1.9,0.0,1.8199999999999998,-0.7299999999999998,-0.34999999999999987,25,45,14.0,0.0,1.27,1.34,1.11,0.0,1.2400000000000002,0.22999999999999998,-0.07000000000000006,0.15999999999999992,4,2,0,3,3.0,9.0,True,False,False,False,False,True,False,False,3.0,0,4.0,303.0,-0.091,0.07,0.3775,1.51,Mn2|Rh1|Si1,False
Mn2RuSi,7,8,4.0,0.0,26.0,-1,3.0,4.0,1.55,2.2,1.9,0.0,1.8000000000000003,-0.6500000000000001,-0.34999999999999987,25,44,14.0,0.0,1.27,1.34,1.11,0.0,1.2400000000000002,0.22999999999999998,-0.07000000000000006,0.15999999999999992,4,2,0,3,2.0,8.0,True,False,False,False,False,False,False,True,2.0,0,4.0,345.0,-0.092,0.068,0.3425,1.37,Mn2|Ru1|Si1,False
Mn2ScAl,7,3,3.0,0.0,20.0,4,4.0,0.0,1.55,1.36,1.61,0.0,1.5175,0.18999999999999995,-0.06000000000000005,25,21,13.0,0.0,1.27,1.62,1.43,0.0,1.4400000000000002,0.3500000000000001,-0.3500000000000001,-0.15999999999999992,4,2,0,3,-4.0,2.0,True,False,False,False,False,True,False,False,-4.0,0,4.0,385.0,-0.18,0.08,1.0075,4.03,Al1|Mn2|Sc1,False
Mn2TiAl,7,4,3.0,0.0,21.0,3,4.0,1.0,1.55,1.54,1.61,0.0,1.5625000000000002,0.010000000000000009,-0.06000000000000005,25,22,13.0,0.0,1.27,1.47,1.43,0.0,1.39,0.19999999999999996,-0.19999999999999996,-0.15999999999999992,4,2,0,3,-3.0,3.0,True,False,False,False,False,False,False,True,-3.0,0,4.0,253.0,-0.121,0.073,0.1625,0.65,Al1|Mn2|Ti1,True
Mn2TiGe,7,4,4.0,0.0,22.0,3,3.0,0.0,1.55,1.54,2.01,0.0,1.6625,0.010000000000000009,-0.45999999999999974,25,22,32.0,0.0,1.27,1.47,1.22,0.0,1.32,0.25,-0.19999999999999996,0.050000000000000044,4,2,0,3,-2.0,4.0,True,False,False,False,False,True,False,False,-2.0,0,4.0,318.0,-0.068,0.025,0.1275,0.51,Ge1|Mn2|Ti1,True
Mn2TiIn,7,4,3.0,0.0,21.0,3,4.0,1.0,1.55,1.54,1.78,0.0,1.6050000000000002,0.010000000000000009,-0.22999999999999998,25,22,49.0,0.0,1.27,1.47,1.67,0.0,1.47,0.3999999999999999,-0.19999999999999996,-0.3999999999999999,4,2,0,3,-3.0,3.0,True,False,False,False,False,True,False,False,-3.0,0,4.0,247.0,-0.09,0.042,0.235,0.94,In1|Mn2|Ti1,False
Mn2TiSb,7,4,5.0,0.0,23.0,3,2.0,-1.0,1.55,1.54,2.05,0.0,1.6725,0.010000000000000009,-0.4999999999999998,25,22,51.0,0.0,1.27,1.47,1.59,0.0,1.4433333333333334,0.32000000000000006,-0.19999999999999996,-0.32000000000000006,4,2,0,3,-1.0,5.0,True,False,False,False,False,True,False,False,-1.0,0,4.0,296.0,-0.073,0.12,0.235,0.94,Mn2|Sb1|Ti1,False
Mn2TiSi,7,4,4.0,0.0,22.0,3,3.0,0.0,1.55,1.54,1.9,0.0,1.6350000000000002,0.010000000000000009,-0.34999999999999987,25,22,14.0,0.0,1.27,1.47,1.11,0.0,1.2833333333333334,0.3599999999999999,-0.19999999999999996,0.15999999999999992,4,2,0,3,-2.0,4.0,True,False,False,False,False,False,False,True,-2.0,0,4.0,197.0,-0.093,0.059,0.15,0.6,Mn2|Si1|Ti1,False
Mn2TiSn,7,4,4.0,0.0,22.0,3,3.0,0.0,1.55,1.54,1.96,0.0,1.6500000000000001,0.010000000000000009,-0.4099999999999999,25,22,50.0,0.0,1.27,1.47,0.0,0.0,0.9133333333333334,1.47,-0.19999999999999996,1.27,4,2,0,3,-2.0,4.0,True,False,False,False,False,True,False,False,-2.0,0,4.0,238.0,-0.095,0.132,0.1425,0.57,Mn2|Sn1|Ti1,False
Mn2VSn,7,5,4.0,0.0,23.0,2,3.0,1.0,1.55,1.63,1.96,0.0,1.6725,-0.07999999999999985,-0.4099999999999999,25,23,50.0,0.0,1.27,1.34,0.0,0.0,0.8700000000000001,1.34,-0.07000000000000006,1.27,4,2,0,3,-1.0,5.0,True,False,False,False,False,False,False,True,-1.0,0,4.0,294.0,-0.076,0.164,0.2875,1.15,Mn2|Sn1|V1,True
Mn3Al,7,3,0.0,0.0,24.0,4,7.0,3.0,1.55,1.61,0.0,0.0,1.5650000000000002,-0.06000000000000005,1.55,25,13,0.0,0.0,1.27,1.43,0.0,0.0,1.35,0.15999999999999992,-0.15999999999999992,1.27,4,3,0,2,0.0,6.0,True,False,False,False,False,False,False,True,0.0,1,4.0,814.0,-0.245,0.0,0.8675,3.47,Al1|Mn3,True
Mo2CoAl,6,9,3.0,0.0,24.0,-3,3.0,6.0,2.16,1.88,1.61,0.0,1.9525000000000001,0.28000000000000025,0.55,42,27,13.0,0.0,1.39,1.25,1.43,0.0,1.3566666666666665,0.17999999999999994,0.1399999999999999,-0.040000000000000036,4,1,0,3,0.0,6.0,True,False,False,False,False,False,False,True,0.0,0,4.0,521.0,-0.155,0.091,0.73,2.92,Al1|Co1|Mo2,True
Mo2CoGa,6,9,3.0,0.0,24.0,-3,3.0,6.0,2.16,1.88,1.81,0.0,2.0025,0.28000000000000025,0.3500000000000001,42,27,31.0,0.0,1.39,1.25,1.35,0.0,1.3299999999999998,0.1399999999999999,0.1399999999999999,0.039999999999999813,4,1,0,3,0.0,6.0,True,False,False,False,False,True,False,False,0.0,0,4.0,488.0,-0.086,0.041,0.685,2.74,Co1|Ga1|Mo2,False
Mo2CoGe,6,9,4.0,0.0,25.0,-3,2.0,5.0,2.16,1.88,2.01,0.0,2.0525,0.28000000000000025,0.15000000000000036,42,27,32.0,0.0,1.39,1.25,1.22,0.0,1.2866666666666664,0.16999999999999993,0.1399999999999999,0.16999999999999993,4,1,0,3,1.0,7.0,True,False,False,False,False,True,False,False,1.0,0,4.0,531.0,-0.113,0.068,0.6625,2.65,Co1|Ge1|Mo2,False
Mo2CoIn,6,9,3.0,0.0,24.0,-3,3.0,6.0,2.16,1.88,1.78,0.0,1.995,0.28000000000000025,0.3800000000000001,42,27,49.0,0.0,1.39,1.25,1.67,0.0,1.4366666666666665,0.41999999999999993,0.1399999999999999,-0.28,4,1,0,3,0.0,6.0,True,False,False,False,False,False,False,True,0.0,0,4.0,511.0,-0.043,0.088,0.71,2.84,Co1|In1|Mo2,False
Mo2CoSi,6,9,4.0,0.0,25.0,-3,2.0,5.0,2.16,1.88,1.9,0.0,2.025,0.28000000000000025,0.26000000000000023,42,27,14.0,0.0,1.39,1.25,1.11,0.0,1.25,0.2799999999999998,0.1399999999999999,0.2799999999999998,4,1,0,3,1.0,7.0,True,False,False,False,False,True,False,False,1.0,0,4.0,425.0,-0.12,0.148,0.715,2.86,Co1|Mo2|Si1,True
Mo2CoSn,6,9,4.0,0.0,25.0,-3,2.0,5.0,2.16,1.88,1.96,0.0,2.04,0.28000000000000025,0.20000000000000018,42,27,50.0,0.0,1.39,1.25,0.0,0.0,0.8799999999999999,1.39,0.1399999999999999,1.39,4,1,0,3,1.0,7.0,True,False,False,False,False,True,False,False,1.0,0,4.0,458.0,-0.114,0.123,0.7375,2.95,Co1|Mo2|Sn1,False
Mo2CrAl,6,6,3.0,0.0,21.0,0,3.0,3.0,2.16,1.66,1.61,0.0,1.8975000000000002,0.5000000000000002,0.55,42,24,13.0,0.0,1.39,1.28,1.43,0.0,1.3666666666666665,0.1499999999999999,0.10999999999999988,-0.040000000000000036,4,1,0,3,-3.0,3.0,True,False,False,False,False,False,False,True,-3.0,0,4.0,436.0,-0.128,0.196,0.6275,2.51,Al1|Cr1|Mo2,False
Mo2CrGa,6,6,3.0,0.0,21.0,0,3.0,3.0,2.16,1.66,1.81,0.0,1.9475000000000002,0.5000000000000002,0.3500000000000001,42,24,31.0,0.0,1.39,1.28,1.35,0.0,1.3399999999999999,0.10999999999999988,0.10999999999999988,0.039999999999999813,4,1,0,3,-3.0,3.0,True,False,False,False,False,False,False,True,-3.0,0,4.0,410.0,-0.083,0.075,0.63,2.52,Cr1|Ga1|Mo2,False
Mo2CrGe,6,6,4.0,0.0,22.0,0,2.0,2.0,2.16,1.66,2.01,0.0,1.9975,0.5000000000000002,0.15000000000000036,42,24,32.0,0.0,1.39,1.28,1.22,0.0,1.2966666666666666,0.16999999999999993,0.10999999999999988,0.16999999999999993,4,1,0,3,-2.0,4.0,True,False,False,False,False,True,False,False,-2.0,0,4.0,519.0,-0.166,0.014,0.5775,2.31,Cr1|Ge1|Mo2,False
Mo2CrSi,6,6,4.0,0.0,22.0,0,2.0,2.0,2.16,1.66,1.9,0.0,1.9700000000000002,0.5000000000000002,0.26000000000000023,42,24,14.0,0.0,1.39,1.28,1.11,0.0,1.26,0.2799999999999998,0.10999999999999988,0.2799999999999998,4,1,0,3,-2.0,4.0,True,False,False,False,False,True,False,False,-2.0,0,4.0,448.0,-0.114,0.048,0.63,2.52,Cr1|Mo2|Si1,False
Mo2FeAl,6,8,3.0,0.0,23.0,-2,3.0,5.0,2.16,1.83,1.61,0.0,1.9400000000000002,0.33000000000000007,0.55,42,26,13.0,0.0,1.39,1.26,1.43,0.0,1.36,0.16999999999999993,0.1299999999999999,-0.040000000000000036,4,1,0,3,-1.0,5.0,True,False,False,False,False,True,False,False,-1.0,0,4.0,396.0,-0.12,0.106,0.7925,3.17,Al1|Fe1|Mo2,False
Mo2FeGa,6,8,3.0,0.0,23.0,-2,3.0,5.0,2.16,1.83,1.81,0.0,1.9900000000000002,0.33000000000000007,0.3500000000000001,42,26,31.0,0.0,1.39,1.26,1.35,0.0,1.3333333333333333,0.1299999999999999,0.1299999999999999,0.039999999999999813,4,1,0,3,-1.0,5.0,True,False,False,False,False,True,False,False,-1.0,0,4.0,528.0,-0.098,0.102,0.86,3.44,Fe1|Ga1|Mo2,False
Mo2FeGe,6,8,4.0,0.0,24.0,-2,2.0,4.0,2.16,1.83,2.01,0.0,2.04,0.33000000000000007,0.15000000000000036,42,26,32.0,0.0,1.39,1.26,1.22,0.0,1.29,0.16999999999999993,0.1299999999999999,0.16999999999999993,4,1,0,3,0.0,6.0,True,False,False,False,False,True,False,False,0.0,0,4.0,580.0,-0.11,0.012,0.7625,3.05,Fe1|Ge1|Mo2,True
Mo2FeIn,6,8,3.0,0.0,23.0,-2,3.0,5.0,2.16,1.83,1.78,0.0,1.9825000000000002,0.33000000000000007,0.3800000000000001,42,26,49.0,0.0,1.39,1.26,1.67,0.0,1.4400000000000002,0.4099999999999999,0.1299999999999999,-0.28,4,1,0,3,-1.0,5.0,True,False,False,False,False,False,False,True,-1.0,0,4.0,536.0,-0.11,0.058,0.785,3.14,Fe1|In1|Mo2,False
Mo2FeSi,6,8,4.0,0.0,24.0,-2,2.0,4.0,2.16,1.83,1.9,0.0,2.0125,0.33000000000000007,0.26000000000000023,42,26,14.0,0.0,1.39,1.26,1.11,0.0,1.2533333333333332,0.2799999999999998,0.1299999999999999,0.2799999999999998,4,1,0,3,0.0,6.0,True,False,False,False,False,True,False,False,0.0,0,4.0,547.0,-0.074,0.019,0.8125,3.25,Fe1|Mo2|Si1,True
Mo2FeSn,6,8,4.0,0.0,24.0,-2,2.0,4.0,2.16,1.83,1.96,0.0,2.0275,0.33000000000000007,0.20000000000000018,42,26,50.0,0.0,1.39,1.26,0.0,0.0,0.8833333333333333,1.39,0.1299999999999999,1.39,4,1,0,3,0.0,6.0,True,False,False,False,False,True,False,False,0.0,0,4.0,572.0,-0.121,0.009,0.8,3.2,Fe1|Mo2|Sn1,False
Mo2MnAl,6,7,3.0,0.0,22.0,-1,3.0,4.0,2.16,1.55,1.61,0.0,1.87,0.6100000000000001,0.55,42,25,13.0,0.0,1.39,1.27,1.43,0.0,1.3633333333333333,0.15999999999999992,0.11999999999999988,-0.040000000000000036,4,1,0,3,-2.0,4.0,True,False,False,False,False,True,False,False,-2.0,0,4.0,551.0,-0.081,0.103,0.9125,3.65,Al1|Mn1|Mo2,False
Mo2MnGa,6,7,3.0,0.0,22.0,-1,3.0,4.0,2.16,1.55,1.81,0.0,1.92,0.6100000000000001,0.3500000000000001,42,25,31.0,0.0,1.39,1.27,1.35,0.0,1.3366666666666667,0.11999999999999988,0.11999999999999988,0.039999999999999813,4,1,0,3,-2.0,4.0,True,False,False,False,False,False,False,True,-2.0,0,4.0,682.0,-0.06,0.122,0.9225,3.69,Ga1|Mn1|Mo2,False
Mo2MnGe,6,7,4.0,0.0,23.0,-1,2.0,3.0,2.16,1.55,2.01,0.0,1.97,0.6100000000000001,0.15000000000000036,42,25,32.0,0.0,1.39,1.27,1.22,0.0,1.2933333333333332,0.16999999999999993,0.11999999999999988,0.16999999999999993,4,1,0,3,-1.0,5.0,True,False,False,False,False,False,False,True,-1.0,0,4.0,547.0,-0.099,0.041,0.935,3.74,Ge1|Mn1|Mo2,False
Mo2MnIn,6,7,3.0,0.0,22.0,-1,3.0,4.0,2.16,1.55,1.78,0.0,1.9125,0.6100000000000001,0.3800000000000001,42,25,49.0,0.0,1.39,1.27,1.67,0.0,1.4433333333333334,0.3999999999999999,0.11999999999999988,-0.28,4,1,0,3,-2.0,4.0,True,False,False,False,False,False,False,True,-2.0,0,4.0,541.0,-0.145,0.007,0.9525,3.81,In1|Mn1|Mo2,True
Mo2MnSi,6,7,4.0,0.0,23.0,-1,2.0,3.0,2.16,1.55,1.9,0.0,1.9425,0.6100000000000001,0.26000000000000023,42,25,14.0,0.0,1.39,1.27,1.11,0.0,1.2566666666666668,0.2799999999999998,0.11999999999999988,0.2799999999999998,4,1,0,3,-1.0,5.0,True,False,False,False,False,True,False,False,-1.0,0,4.0,503.0,-0.08,0.029,0.96,3.84,Mn1|Mo2|Si1,False
Mo2MnSn,6,7,4.0,0.0,23.0,-1,2.0,3.0,2.16,1.55,1.96,0.0,1.9575,0.6100000000000001,0.20000000000000018,42,25,50.0,0.0,1.39,1.27,0.0,0.0,0.8866666666666667,1.39,0.11999999999999988,1.39,4,1,0,3,-1.0,5.0,True,False,False,False,False,True,False,False,-1.0,0,4.0,549.0,-0.081,0.13,0.98,3.92,Mn1|Mo2|Sn1,False
Mo2NiAl,6,10,3.0,0.0,25.0,-4,3.0,7.0,2.16,1.91,1.61,0.0,1.9600000000000002,0.2500000000000002,0.55,42,28,13.0,0.0,1.39,1.24,1.43,0.0,1.3533333333333333,0.18999999999999995,0.1499999999999999,-0.040000000000000036,4,1,0,3,1.0,7.0,True,False,False,False,False,False,False,True,1.0,0,4.0,370.0,-0.053,0.045,0.3275,1.31,Al1|Mo2|Ni1,True
Mo2NiGa,6,10,3.0,0.0,25.0,-4,3.0,7.0,2.16,1.91,1.81,0.0,2.0100000000000002,0.2500000000000002,0.3500000000000001,42,28,31.0,0.0,1.39,1.24,1.35,0.0,1.3266666666666667,0.1499999999999999,0.1499999999999999,0.039999999999999813,4,1,0,3,1.0,7.0,True,False,False,False,False,True,False,False,1.0,0,4.0,358.0,-0.079,0.04,0.2875,1.15,Ga1|Mo2|Ni1,False
Mo2NiGe,6,10,4.0,0.0,26.0,-4,2.0,6.0,2.16,1.91,2.01,0.0,2.06,0.2500000000000002,0.15000000000000036,42,28,32.0,0.0,1.39,1.24,1.22,0.0,1.2833333333333332,0.16999999999999993,0.1499999999999999,0.16999999999999993,4,1,0,3,2.0,8.0,True,False,False,False,False,True,False,False,2.0,0,4.0,444.0,-0.066,0.152,0.355,1.42,Ge1|Mo2|Ni1,False
Mo2NiIn,6,10,3.0,0.0,25.0,-4,3.0,7.0,2.16,1.91,1.78,0.0,2.0025,0.2500000000000002,0.3800000000000001,42,28,49.0,0.0,1.39,1.24,1.67,0.0,1.4333333333333333,0.42999999999999994,0.1499999999999999,-0.28,4,1,0,3,1.0,7.0,True,False,False,False,False,False,False,True,1.0,0,4.0,363.0,-0.128,0.19,0.38,1.52,In1|Mo2|Ni1,False
Mo2NiSi,6,10,4.0,0.0,26.0,-4,2.0,6.0,2.16,1.91,1.9,0.0,2.0325,0.2500000000000002,0.26000000000000023,42,28,14.0,0.0,1.39,1.24,1.11,0.0,1.2466666666666668,0.2799999999999998,0.1499999999999999,0.2799999999999998,4,1,0,3,2.0,8.0,True,False,False,False,False,False,False,True,2.0,0,4.0,439.0,-0.085,0.09,0.3925,1.57,Mo2|Ni1|Si1,False
Mo2NiSn,6,10,4.0,0.0,26.0,-4,2.0,6.0,2.16,1.91,1.96,0.0,2.0475000000000003,0.2500000000000002,0.20000000000000018,42,28,50.0,0.0,1.39,1.24,0.0,0.0,0.8766666666666666,1.39,0.1499999999999999,1.39,4,1,0,3,2.0,8.0,True,False,False,False,False,True,False,False,2.0,0,4.0,345.0,-0.08,0.194,0.395,1.58,Mo2|Ni1|Sn1,False
Mo2TiAl,6,4,3.0,0.0,19.0,2,3.0,1.0,2.16,1.54,1.61,0.0,1.8675000000000002,0.6200000000000001,0.55,42,22,13.0,0.0,1.39,1.47,1.43,0.0,1.43,0.08000000000000007,-0.08000000000000007,-0.040000000000000036,4,0,0,3,-5.0,1.0,True,False,False,False,False,True,False,False,-5.0,0,4.0,262.0,-0.109,0.017,0.17,0.68,Al1|Mo2|Ti1,False
Mo2TiGa,6,4,3.0,0.0,19.0,2,3.0,1.0,2.16,1.54,1.81,0.0,1.9175,0.6200000000000001,0.3500000000000001,42,22,31.0,0.0,1.39,1.47,1.35,0.0,1.4033333333333333,0.11999999999999988,-0.08000000000000007,0.039999999999999813,4,0,0,3,-5.0,1.0,True,False,False,False,False,True,False,False,-5.0,0,4.0,261.0,-0.102,0.102,0.17,0.68,Ga1|Mo2|Ti1,False
Mo2TiGe,6,4,4.0,0.0,20.0,2,2.0,0.0,2.16,1.54,2.01,0.0,1.9675,0.6200000000000001,0.15000000000000036,42,22,32.0,0.0,1.39,1.47,1.22,0.0,1.36,0.25,-0.08000000000000007,0.16999999999999993,4,0,0,3,-4.0,2.0,True,False,False,False,False,True,False,False,-4.0,0,4.0,262.0,-0.106,0.117,0.165,0.66,Ge1|Mo2|Ti1,False
Mo2TiSi,6,4,4.0,0.0,20.0,2,2.0,0.0,2.16,1.54,1.9,0.0,1.94,0.6200000000000001,0.26000000000000023,42,22,14.0,0.0,1.39,1.47,1.11,0.0,1.3233333333333333,0.3599999999999999,-0.08000000000000007,0.2799999999999998,4,0,0,3,-4.0,2.0,True,False,False,False,False,True,False,False,-4.0,0,4.0,316.0,-0.128,0.056,0.2175,0.87,Mo2|Si1|Ti1,False
Mo2VGa,6,5,3.0,0.0,20.0,1,3.0,2.0,2.16,1.63,1.81,0.0,1.94,0.5300000000000002,0.3500000000000001,42,23,31.0,0.0,1.39,1.34,1.35,0.0,1.36,0.04999999999999982,0.04999999999999982,0.039999999999999813,4,0,0,3,-4.0,2.0,True,False,False,False,False,True,False,False,-4.0,0,4.0,288.0,-0.084,0.137,0.22,0.88,Ga1|Mo2|V1,False
Mo2VGe,6,5,4.0,0.0,21.0,1,2.0,1.0,2.16,1.63,2.01,0.0,1.99,0.5300000000000002,0.15000000000000036,42,23,32.0,0.0,1.39,1.34,1.22,0.0,1.3166666666666667,0.16999999999999993,0.04999999999999982,0.16999999999999993,4,0,0,3,-3.0,3.0,True,False,False,False,False,True,False,False,-3.0,0,4.0,340.0,-0.104,0.129,0.18,0.72,Ge1|Mo2|V1,False
Mo2VSi,6,5,4.0,0.0,21.0,1,2.0,1.0,2.16,1.63,1.9,0.0,1.9625,0.5300000000000002,0.26000000000000023,42,23,14.0,0.0,1.39,1.34,1.11,0.0,1.28,0.2799999999999998,0.04999999999999982,0.2799999999999998,4,0,0,3,-3.0,3.0,True,False,False,False,False,True,False,False,-3.0,0,4.0,287.0,-0.138,0.069,0.24,0.96,Mo2|Si1|V1,False
Nb2CoAl,5,9,3.0,0.0,22.0,-4,2.0,6.0,1.6,1.88,1.61,0.0,1.6725,-0.2799999999999998,-0.010000000000000009,41,27,13.0,0.0,1.46,1.25,1.43,0.0,1.38,0.20999999999999996,0.20999999999999996,0.030000000000000027,4,1,0,3,-2.0,4.0,True,False,False,False,False,True,False,False,-2.0,0,4.0,480.0,-0.099,0.06,0.7225,2.89,Al1|Co1|Nb2,False
Nb2CoGa,5,9,3.0,0.0,22.0,-4,2.0,6.0,1.6,1.88,1.81,0.0,1.7225000000000001,-0.2799999999999998,-0.20999999999999996,41,27,31.0,0.0,1.46,1.25,1.35,0.0,1.3533333333333335,0.20999999999999996,0.20999999999999996,0.10999999999999988,4,1,0,3,-2.0,4.0,True,False,False,False,False,True,False,False,-2.0,0,4.0,411.0,-0.087,0.128,0.7575,3.03,Co1|Ga1|Nb2,False
Nb2CoGe,5,9,4.0,0.0,23.0,-4,1.0,5.0,1.6,1.88,2.01,0.0,1.7725,-0.2799999999999998,-0.4099999999999997,41,27,32.0,0.0,1.46,1.25,1.22,0.0,1.3099999999999998,0.24,0.20999999999999996,0.24,4,1,0,3,-1.0,5.0,True,False,False,False,False,False,False,True,-1.0,0,4.0,512.0,-0.066,0.037,0.725,2.9,Co1|Ge1|Nb2,False
Nb2CoIn,5,9,3.0,0.0,22.0,-4,2.0,6.0,1.6,1.88,1.78,0.0,1.715,-0.2799999999999998,-0.17999999999999994,41,27,49.0,0.0,1.46,1.25,1.67,0.0,1.46,0.41999999999999993,0.20999999999999996,-0.20999999999999996,4,1,0,3,-2.0,4.0,True,False,False,False,False,True,False,False,-2.0,0,4.0,496.0,-0.119,0.15,0.705,2.82,Co1|In1|Nb2,False
Nb2CoSi,5,9,4.0,0.0,23.0,-4,1.0,5.0,1.6,1.88,1.9,0.0,1.745,-0.2799999999999998,-0.2999999999999998,41,27,14.0,0.0,1.46,1.25,1.11,0.0,1.2733333333333334,0.34999999999999987,0.20999999999999996,0.34999999999999987,4,1,0,3,-1.0,5.0,True,False,False,False,False,True,False,False,-1.0,0,4.0,488.0,-0.071,0.126,0.705,2.82,Co1|Nb2|Si1,True
Nb2CoSn,5,9,4.0,0.0,23.0,-4,1.0,5.0,1.6,1.88,1.96,0.0,1.76,-0.2799999999999998,-0.3599999999999999,41,27,50.0,0.0,1.46,1.25,0.0,0.0,0.9033333333333333,1.46,0.20999999999999996,1.46,4,1,0,3,-1.0,5.0,True,False,False,False,False,False,False,True,-1.0,0,4.0,393.0,-0.064,0.12,0.695,2.78,Co1|Nb2|Sn1,True
Nb2CrAl,5,6,3.0,0.0,19.0,-1,2.0,3.0,1.6,1.66,1.61,0.0,1.6175000000000002,-0.05999999999999983,-0.010000000000000009,41,24,13.0,0.0,1.46,1.28,1.43,0.0,1.39,0.17999999999999994,0.17999999999999994,0.030000000000000027,4,1,0,3,-5.0,1.0,True,False,False,False,False,False,False,True,-5.0,0,4.0,443.0,-0.124,0.008,0.6325,2.53,Al1|Cr1|Nb2,False
Nb2CrGa,5,6,3.0,0.0,19.0,-1,2.0,3.0,1.6,1.66,1.81,0.0,1.6675,-0.05999999999999983,-0.20999999999999996,41,24,31.0,0.0,1.46,1.28,1.35,0.0,1.3633333333333333,0.17999999999999994,0.17999999999999994,0.10999999999999988,4,1,0,3,-5.0,1.0,True,False,False,False,False,False,False,True,-5.0,0,4.0,440.0,-0.101,0.032,0.6,2.4,Cr1|Ga1|Nb2,False
Nb2CrGe,5,6,4.0,0.0,20.0,-1,1.0,2.0,1.6,1.66,2.01,0.0,1.7175,-0.05999999999999983,-0.4099999999999997,41,24,32.0,0.0,1.46,1.28,1.22,0.0,1.32,0.24,0.17999999999999994,0.24,4,1,0,3,-4.0,2.0,True,False,False,False,False,False,False,True,-4.0,0,4.0,568.0,-0.075,0.06,0.685,2.74,Cr1|Ge1|Nb2,False
Nb2CrSi,5,6,4.0,0.0,20.0,-1,1.0,2.0,1.6,1.66,1.9,0.0,1.69,-0.05999999999999983,-0.2999999999999998,41,24,14.0,0.0,1.46,1.28,1.11,0.0,1.2833333333333334,0.34999999999999987,0.17999999999999994,0.34999999999999987,4,1,0,3,-4.0,2.0,True,False,False,False,False,False,False,True,-4.0,0,4.0,534.0,-0.078,0.08,0.68,2.72,Cr1|Nb2|Si1,False
Nb2FeAl,5,8,3.0,0.0,21.0,-3,2.0,5.0,1.6,1.83,1.61,0.0,1.6600000000000001,-0.22999999999999998,-0.010000000000000009,41,26,13.0,0.0,1.46,1.26,1.43,0.0,1.383333333333333,0.19999999999999996,0.19999999999999996,0.030000000000000027,4,1,0,3,-3.0,3.0,True,False,False,False,False,False,False,True,-3.0,0,4.0,563.0,-0.095,0.179,0.77,3.08,Al1|Fe1|Nb2,False
Nb2FeGa,5,8,3.0,0.0,21.0,-3,2.0,5.0,1.6,1.83,1.81,0.0,1.71,-0.22999999999999998,-0.20999999999999996,41,26,31.0,0.0,1.46,1.26,1.35,0.0,1.3566666666666667,0.19999999999999996,0.19999999999999996,0.10999999999999988,4,1,0,3,-3.0,3.0,True,False,False,False,False,False,False,True,-3.0,0,4.0,512.0,-0.134,0.126,0.7325,2.93,Fe1|Ga1|Nb2,False
Nb2FeGe,5,8,4.0,0.0,22.0,-3,1.0,4.0,1.6,1.83,2.01,0.0,1.76,-0.22999999999999998,-0.4099999999999997,41,26,32.0,0.0,1.46,1.26,1.22,0.0,1.3133333333333332,0.24,0.19999999999999996,0.24,4,1,0,3,-2.0,4.0,True,False,False,False,False,True,False,False,-2.0,0,4.0,578.0,-0.112,0.003,0.85,3.4,Fe1|Ge1|Nb2,False
Nb2FeIn,5,8,3.0,0.0,21.0,-3,2.0,5.0,1.6,1.83,1.78,0.0,1.7025000000000001,-0.22999999999999998,-0.17999999999999994,41,26,49.0,0.0,1.46,1.26,1.67,0.0,1.4633333333333332,0.4099999999999999,0.19999999999999996,-0.20999999999999996,4,1,0,3,-3.0,3.0,True,False,False,False,False,True,False,False,-3.0,0,4.0,537.0,-0.053,0.123,0.7775,3.11,Fe1|In1|Nb2,False
Nb2FeSi,5,8,4.0,0.0,22.0,-3,1.0,4.0,1.6,1.83,1.9,0.0,1.7325,-0.22999999999999998,-0.2999999999999998,41,26,14.0,0.0,1.46,1.26,1.11,0.0,1.2766666666666666,0.34999999999999987,0.19999999999999996,0.34999999999999987,4,1,0,3,-2.0,4.0,True,False,False,False,False,True,False,False,-2.0,0,4.0,557.0,-0.063,0.112,0.795,3.18,Fe1|Nb2|Si1,False
Nb2FeSn,5,8,4.0,0.0,22.0,-3,1.0,4.0,1.6,1.83,1.96,0.0,1.7475,-0.22999999999999998,-0.3599999999999999,41,26,50.0,0.0,1.46,1.26,0.0,0.0,0.9066666666666666,1.46,0.19999999999999996,1.46,4,1,0,3,-2.0,4.0,True,False,False,False,False,False,False,True,-2.0,0,4.0,533.0,-0.093,0.03,0.765,3.06,Fe1|Nb2|Sn1,True
Nb2MnAl,5,7,3.0,0.0,20.0,-2,2.0,4.0,1.6,1.55,1.61,0.0,1.59,0.050000000000000044,-0.010000000000000009,41,25,13.0,0.0,1.46,1.27,1.43,0.0,1.3866666666666667,0.18999999999999995,0.18999999999999995,0.030000000000000027,4,1,0,3,-4.0,2.0,True,False,False,False,False,True,False,False,-4.0,0,4.0,507.0,-0.135,0.048,0.9425,3.77,Al1|Mn1|Nb2,True
Nb2MnGa,5,7,3.0,0.0,20.0,-2,2.0,4.0,1.6,1.55,1.81,0.0,1.6400000000000001,0.050000000000000044,-0.20999999999999996,41,25,31.0,0.0,1.46,1.27,1.35,0.0,1.36,0.18999999999999995,0.18999999999999995,0.10999999999999988,4,1,0,3,-4.0,2.0,True,False,False,False,False,True,False,False,-4.0,0,4.0,478.0,-0.061,0.066,0.95,3.8,Ga1|Mn1|Nb2,True
Nb2MnGe,5,7,4.0,0.0,21.0,-2,1.0,3.0,1.6,1.55,2.01,0.0,1.69,0.050000000000000044,-0.4099999999999997,41,25,32.0,0.0,1.46,1.27,1.22,0.0,1.3166666666666667,0.24,0.18999999999999995,0.24,4,1,0,3,-3.0,3.0,True,False,False,False,False,True,False,False,-3.0,0,4.0,591.0,-0.1,0.084,0.92,3.68,Ge1|Mn1|Nb2,False
Nb2MnIn,5,7,3.0,0.0,20.0,-2,2.0,4.0,1.6,1.55,1.78,0.0,1.6325,0.050000000000000044,-0.17999999999999994,41,25,49.0,0.0,1.46,1.27,1.67,0.0,1.4666666666666668,0.3999999999999999,0.18999999999999995,-0.20999999999999996,4,1,0,3,-4.0,2.0,True,False,False,False,False,True,False,False,-4.0,0,4.0,596.0,-0.121,0.103,1.0075,4.03,In1|Mn1|Nb2,False
Nb2MnSi,5,7,4.0,0.0,21.0,-2,1.0,3.0,1.6,1.55,1.9,0.0,1.6625,0.050000000000000044,-0.2999999999999998,41,25,14.0,0.0,1.46,1.27,1.11,0.0,1.28,0.34999999999999987,0.18999999999999995,0.34999999999999987,4,1,0,3,-3.0,3.0,True,False,False,False,False,True,False,False,-3.0,0,4.0,507.0,-0.121,0.065,0.9675,3.87,Mn1|Nb2|Si1,False
Nb2MnSn,5,7,4.0,0.0,21.0,-2,1.0,3.0,1.6,1.55,1.96,0.0,1.6775,0.050000000000000044,-0.3599999999999999,41,25,50.0,0.0,1.46,1.27,0.0,0.0,0.91,1.46,0.18999999999999995,1.46,4,1,0,3,-3.0,3.0,True,False,False,False,False,True,False,False,-3.0,0,4.0,693.0,-0.09,0.061,1.02,4.08,Mn1|Nb2|Sn1,False
Nb2NiAl,5,10,3.0,0.0,23.0,-5,2.0,7.0,1.6,1.91,1.61,0.0,1.6800000000000002,-0.30999999999999983,-0.010000000000000009,41,28,13.0,0.0,1.46,1.24,1.43,0.0,1.3766666666666667,0.21999999999999997,0.21999999999999997,0.030000000000000027,4,1,0,3,-1.0,5.0,True,False,False,False,False,True,False,False,-1.0,0,4.0,425.0,-0.098,0.153,0.3225,1.29,Al1|Nb2|Ni1,False
Nb2NiGa,5,10,3.0,0.0,23.0,-5,2.0,7.0,1.6,1.91,1.81,0.0,1.73,-0.30999999999999983,-0.20999999999999996,41,28,31.0,0.0,1.46,1.24,1.35,0.0,1.3500000000000003,0.21999999999999997,0.21999999999999997,0.10999999999999988,4,1,0,3,-1.0,5.0,True,False,False,False,False,True,False,False,-1.0,0,4.0,349.0,-0.08,0.067,0.3125,1.25,Ga1|Nb2|Ni1,False
Nb2NiGe,5,10,4.0,0.0,24.0,-5,1.0,6.0,1.6,1.91,2.01,0.0,1.78,-0.30999999999999983,-0.4099999999999997,41,28,32.0,0.0,1.46,1.24,1.22,0.0,1.3066666666666666,0.24,0.21999999999999997,0.24,4,1,0,3,0.0,6.0,True,False,False,False,False,False,False,True,0.0,0,4.0,300.0,-0.087,0.056,0.345,1.38,Ge1|Nb2|Ni1,False
Nb2NiIn,5,10,3.0,0.0,23.0,-5,2.0,7.0,1.6,1.91,1.78,0.0,1.7225000000000001,-0.30999999999999983,-0.17999999999999994,41,28,49.0,0.0,1.46,1.24,1.67,0.0,1.4566666666666668,0.42999999999999994,0.21999999999999997,-0.20999999999999996,4,1,0,3,-1.0,5.0,True,False,False,False,False,False,False,True,-1.0,0,4.0,246.0,-0.102,0.021,0.4,1.6,In1|Nb2|Ni1,False
Nb2NiSi,5,10,4.0,0.0,24.0,-5,1.0,6.0,1.6,1.91,1.9,0.0,1.7525,-0.30999999999999983,-0.2999999999999998,41,28,14.0,0.0,1.46,1.24,1.11,0.0,1.2700000000000002,0.34999999999999987,0.21999999999999997,0.34999999999999987,4,1,0,3,0.0,6.0,True,False,False,False,False,True,False,False,0.0,0,4.0,294.0,-0.088,0.114,0.365,1.46,Nb2|Ni1|Si1,False
Nb2NiSn,5,10,4.0,0.0,24.0,-5,1.0,6.0,1.6,1.91,1.96,0.0,1.7675,-0.30999999999999983,-0.3599999999999999,41,28,50.0,0.0,1.46,1.24,0.0,0.0,0.9,1.46,0.21999999999999997,1.46,4,1,0,3,0.0,6.0,True,False,False,False,False,True,False,False,0.0,0,4.0,278.0,-0.105,0.083,0.29,1.16,Nb2|Ni1|Sn1,False
Nb2TiAl,5,4,3.0,0.0,17.0,1,2.0,1.0,1.6,1.54,1.61,0.0,1.5875000000000001,0.06000000000000005,-0.010000000000000009,41,22,13.0,0.0,1.46,1.47,1.43,0.0,1.4533333333333331,0.040000000000000036,-0.010000000000000009,0.030000000000000027,4,0,0,3,-7.0,-1.0,True,False,False,False,False,True,False,False,-7.0,0,4.0,236.0,-0.135,0.122,0.2725,1.09,Al1|Nb2|Ti1,False
Nb2TiGa,5,4,3.0,0.0,17.0,1,2.0,1.0,1.6,1.54,1.81,0.0,1.6375000000000002,0.06000000000000005,-0.20999999999999996,41,22,31.0,0.0,1.46,1.47,1.35,0.0,1.4266666666666665,0.11999999999999988,-0.010000000000000009,0.10999999999999988,4,0,0,3,-7.0,-1.0,True,False,False,False,False,False,False,True,-7.0,0,4.0,281.0,-0.097,0.064,0.19,0.76,Ga1|Nb2|Ti1,False
Nb2TiGe,5,4,4.0,0.0,18.0,1,1.0,0.0,1.6,1.54,2.01,0.0,1.6875,0.06000000000000005,-0.4099999999999997,41,22,32.0,0.0,1.46,1.47,1.22,0.0,1.383333333333333,0.25,-0.010000000000000009,0.24,4,0,0,3,-6.0,0.0,True,False,False,False,False,True,False,False,-6.0,0,4.0,154.0,-0.083,0.098,0.1975,0.79,Ge1|Nb2|Ti1,False
Nb2TiSi,5,4,4.0,0.0,18.0,1,1.0,0.0,1.6,1.54,1.9,0.0,1.6600000000000001,0.06000000000000005,-0.2999999999999998,41,22,14.0,0.0,1.46,1.47,1.11,0.0,1.3466666666666667,0.3599999999999999,-0.010000000000000009,0.34999999999999987,4,0,0,3,-6.0,0.0,True,False,False,False,False,False,False,True,-6.0,0,4.0,247.0,-0.112,0.053,0.1675,0.67,Nb2|Si1|Ti1,False
Ni2CoAs,10,9,5.0,0.0,34.0,1,5.0,4.0,1.91,1.88,2.18,0.0,1.9699999999999998,0.030000000000000027,-0.27000000000000024,28,27,33.0,0.0,1.24,1.25,1.19,0.0,1.2266666666666668,0.06000000000000005,-0.010000000000000009,0.050000000000000044,4,3,0,3,10.0,16.0,True,False,False,False,False,True,False,False,10.0,0,4.0,475.0,-0.082,0.04,0.735,2.94,As1|Co1|Ni2,True
Ni2CoSb,10,9,5.0,0.0,34.0,1,5.0,4.0,1.91,1.88,2.05,0.0,1.9374999999999998,0.030000000000000027,-0.1399999999999999,28,27,51.0,0.0,1.24,1.25,1.59,0.0,1.36,0.3500000000000001,-0.010000000000000009,-0.3500000000000001,4,3,0,3,10.0,16.0,True,False,False,False,False,False,False,True,10.0,0,4.0,544.0,-0.112,0.068,0.6875,2.75,Co1|Ni2|Sb1,False
Ni2CoSn,10,9,4.0,0.0,33.0,1,6.0,5.0,1.91,1.88,1.96,0.0,1.9149999999999998,0.030000000000000027,-0.050000000000000044,28,27,50.0,0.0,1.24,1.25,0.0,0.0,0.8300000000000001,1.25,-0.010000000000000009,1.24,4,3,0,3,9.0,15.0,True,False,False,False,False,True,False,False,9.0,0,4.0,457.0,-0.093,0.144,0.63,2.52,Co1|Ni2|Sn1,False
Ni2CrAs,10,6,5.0,0.0,31.0,4,5.0,1.0,1.91,1.66,2.18,0.0,1.915,0.25,-0.27000000000000024,28,24,33.0,0.0,1.24,1.28,1.19,0.0,1.2366666666666666,0.09000000000000008,-0.040000000000000036,0.050000000000000044,4,3,0,3,7.0,13.0,True,False,False,False,False,False,False,True,7.0,0,4.0,437.0,-0.108,0.064,0.62,2.48,As1|Cr1|Ni2,False
Ni2CrSb,10,6,5.0,0.0,31.0,4,5.0,1.0,1.91,1.66,2.05,0.0,1.8824999999999998,0.25,-0.1399999999999999,28,24,51.0,0.0,1.24,1.28,1.59,0.0,1.37,0.3500000000000001,-0.040000000000000036,-0.3500000000000001,4,3,0,3,7.0,13.0,True,False,False,False,False,True,False,False,7.0,0,4.0,448.0,-0.057,0.039,0.5975,2.39,Cr1|Ni2|Sb1,False
Ni2CrSn,10,6,4.0,0.0,30.0,4,6.0,2.0,1.91,1.66,1.96,0.0,1.8599999999999999,0.25,-0.050000000000000044,28,24,50.0,0.0,1.24,1.28,0.0,0.0,0.84,1.28,-0.040000000000000036,1.24,4,3,0,3,6.0,12.0,True,False,False,False,False,True,False,False,6.0,0,4.0,457.0,-0.123,0.062,0.6125,2.45,Cr1|Ni2|Sn1,False
Ni2FeAs,10,8,5.0,0.0,33.0,2,5.0,3.0,1.91,1.83,2.18,0.0,1.9575,0.07999999999999985,-0.27000000000000024,28,26,33.0,0.0,1.24,1.26,1.19,0.0,1.23,0.07000000000000006,-0.020000000000000018,0.050000000000000044,4,3,0,3,9.0,15.0,True,False,False,False,False,False,False,True,9.0,0,4.0,609.0,-0.088,0.091,0.7375,2.95,As1|Fe1|Ni2,False
Ni2FeSb,10,8,5.0,0.0,33.0,2,5.0,3.0,1.91,1.83,2.05,0.0,1.925,0.07999999999999985,-0.1399999999999999,28,26,51.0,0.0,1.24,1.26,1.59,0.0,1.3633333333333333,0.3500000000000001,-0.020000000000000018,-0.3500000000000001,4,3,0,3,9.0,15.0,True,False,False,False,False,True,False,False,9.0,0,4.0,518.0,-0.084,0.081,0.8175,3.27,Fe1|Ni2|Sb1,False
Ni2FeSn,10,8,4.0,0.0,32.0,2,6.0,4.0,1.91,1.83,1.96,0.0,1.9025,0.07999999999999985,-0.050000000000000044,28,26,50.0,0.0,1.24,1.26,0.0,0.0,0.8333333333333334,1.26,-0.020000000000000018,1.24,4,3,0,3,8.0,14.0,True,False,False,False,False,True,False,False,8.0,0,4.0,566.0,-0.114,0.118,0.785,3.14,Fe1|Ni2|Sn1,False
Ni2IrAl,10,9,3.0,0.0,32.0,1,7.0,6.0,1.91,2.2,1.61,0.0,1.9075,-0.29000000000000026,0.2999999999999998,28,77,13.0,0.0,1.24,1.35,1.43,0.0,1.3399999999999999,0.18999999999999995,-0.1100000000000001,-0.18999999999999995,4,2,0,3,8.0,14.0,True,False,False,False,False,False,False,True,8.0,0,4.0,322.0,-0.082,0.031,0.375,1.5,Al1|Ir1|Ni2,False
Ni2IrGa,10,9,3.0,0.0,32.0,1,7.0,6.0,1.91,2.2,1.81,0.0,1.9575,-0.29000000000000026,0.09999999999999987,28,77,31.0,0.0,1.24,1.35,1.35,0.0,1.3133333333333332,0.1100000000000001,-0.1100000000000001,-0.1100000000000001,4,2,0,3,8.0,14.0,True,False,False,False,False,True,False,False,8.0,0,4.0,302.0,-0.091,0.147,0.3975,1.59,Ga1|Ir1|Ni2,False
Ni2IrIn,10,9,3.0,0.0,32.0,1,7.0,6.0,1.91,2.2,1.78,0.0,1.95,-0.29000000000000026,0.1299999999999999,28,77,49.0,0.0,1.24,1.35,1.67,0.0,1.42,0.42999999999999994,-0.1100000000000001,-0.42999999999999994,4,2,0,3,8.0,14.0,True,False,False,False,False,True,False,False,8.0,0,4.0,414.0,-0.093,0.1,0.36,1.44,In1|Ir1|Ni2,False
Ni2IrSi,10,9,4.0,0.0,33.0,1,6.0,5.0,1.91,2.2,1.9,0.0,1.98,-0.29000000000000026,0.010000000000000009,28,77,14.0,0.0,1.24,1.35,1.11,0.0,1.2333333333333334,0.24,-0.1100000000000001,0.1299999999999999,4,2,0,3,9.0,15.0,True,False,False,False,False,False,False,True,9.0,0,4.0,325.0,-0.11,0.097,0.41,1.64,Ir1|Ni2|Si1,True
Ni2MnAs,10,7,5.0,0.0,32.0,3,5.0,2.0,1.91,1.55,2.18,0.0,1.8875000000000002,0.3599999999999999,-0.27000000000000024,28,25,33.0,0.0,1.24,1.27,1.19,0.0,1.2333333333333332,0.08000000000000007,-0.030000000000000027,0.050000000000000044,4,3,0,3,8.0,14.0,True,False,False,False,False,True,False,False,8.0,0,4.0,492.0,-0.116,0.064,0.9425,3.77,As1|Mn1|Ni2,False
Ni2MnSb,10,7,5.0,0.0,32.0,3,5.0,2.0,1.91,1.55,2.05,0.0,1.855,0.3599999999999999,-0.1399999999999999,28,25,51.0,0.0,1.24,1.27,1.59,0.0,1.3666666666666665,0.3500000000000001,-0.030000000000000027,-0.3500000000000001,4,3,0,3,8.0,14.0,True,False,False,False,False,True,False,False,8.0,0,4.0,488.0,-0.13,0.091,0.9325,3.73,Mn1|Ni2|Sb1,False
Ni2MnSn,10,7,4.0,0.0,31.0,3,6.0,3.0,1.91,1.55,1.96,0.0,1.8325,0.3599999999999999,-0.050000000000000044,28,25,50.0,0.0,1.24,1.27,0.0,0.0,0.8366666666666666,1.27,-0.030000000000000027,1.24,4,3,0,3,7.0,13.0,True,False,False,False,False,False,False,True,7.0,0,4.0,622.0,-0.091,0.045,0.8625,3.45,Mn1|Ni2|Sn1,True
Ni2MnTi,10,7,4.0,0.0,31.0,3,6.0,3.0,1.91,1.55,1.54,0.0,1.7275,0.3599999999999999,0.3699999999999999,28,25,22.0,0.0,1.24,1.27,1.47,0.0,1.3266666666666664,0.22999999999999998,-0.030000000000000027,-0.22999999999999998,4,3,0,3,7.0,13.0,True,False,False,False,False,False,False,True,7.0,0,4.0,652.0,-0.187,0.117,0.995,3.98,Mn1|Ni2|Ti1,True
Ni2PdAl,10,10,3.0,0.0,33.0,0,7.0,7.0,1.91,2.2,1.61,0.0,1.9075,-0.29000000000000026,0.2999999999999998,28,46,13.0,0.0,1.24,1.37,1.43,0.0,1.3466666666666667,0.18999999999999995,-0.13000000000000012,-0.18999999999999995,4,2,0,3,9.0,15.0,True,False,False,False,False,True,False,False,9.0,0,4.0,312.0,-0.067,0.151,0.3625,1.45,Al1|Ni2|Pd1,True
Ni2PdGa,10,10,3.0,0.0,33.0,0,7.0,7.0,1.91,2.2,1.81,0.0,1.9575,-0.29000000000000026,0.09999999999999987,28,46,31.0,0.0,1.24,1.37,1.35,0.0,1.32,0.13000000000000012,-0.13000000000000012,-0.1100000000000001,4,2,0,3,9.0,15.0,True,False,False,False,False,True,False,False,9.0,0,4.0,446.0,-0.09,0.091,0.3725,1.49,Ga1|Ni2|Pd1,False
Ni2PdGe,10,10,4.0,0.0,34.0,0,6.0,6.0,1.91,2.2,2.01,0.0,2.0075,-0.29000000000000026,-0.09999999999999987,28,46,32.0,0.0,1.24,1.37,1.22,0.0,1.2766666666666666,0.15000000000000013,-0.13000000000000012,0.020000000000000018,4,2,0,3,10.0,16.0,True,False,False,False,False,True,False,False,10.0,0,4.0,273.0,-0.079,0.151,0.365,1.46,Ge1|Ni2|Pd1,False
Ni2PdIn,10,10,3.0,0.0,33.0,0,7.0,7.0,1.91,2.2,1.78,0.0,1.95,-0.29000000000000026,0.1299999999999999,28,46,49.0,0.0,1.24,1.37,1.67,0.0,1.4266666666666667,0.42999999999999994,-0.13000000000000012,-0.42999999999999994,4,2,0,3,9.0,15.0,True,False,False,False,False,False,False,True,9.0,0,4.0,322.0,-0.114,0.059,0.4075,1.63,In1|Ni2|Pd1,False
Ni2PdSi,10,10,4.0,0.0,34.0,0,6.0,6.0,1.91,2.2,1.9,0.0,1.98,-0.29000000000000026,0.010000000000000009,28,46,14.0,0.0,1.24,1.37,1.11,0.0,1.2400000000000002,0.26,-0.13000000000000012,0.1299999999999999,4,2,0,3,10.0,16.0,True,False,False,False,False,True,False,False,10.0,0,4.0,410.0,-0.08,0.087,0.39,1.56,Ni2|Pd1|Si1,False
Ni2PtAl,10,10,3.0,0.0,33.0,0,7.0,7.0,1.91,2.28,1.61,0.0,1.9275,-0.3699999999999999,0.2999999999999998,28,78,13.0,0.0,1.24,1.39,1.43,0.0,1.3533333333333333,0.18999999999999995,-0.1499999999999999,-0.18999999999999995,4,2,0,3,9.0,15.0,True,False,False,False,False,True,False,False,9.0,0,4.0,412.0,-0.125,0.14,0.3525,1.41,Al1|Ni2|Pt1,False
Ni2PtGa,10,10,3.0,0.0,33.0,0,7.0,7.0,1.91,2.28,1.81,0.0,1.9775,-0.3699999999999999,0.09999999999999987,28,78,31.0,0.0,1.24,1.39,1.35,0.0,1.3266666666666667,0.1499999999999999,-0.1499999999999999,-0.1100000000000001,4,2,0,3,9.0,15.0,True,False,False,False,False,True,False,False,9.0,0,4.0,307.0,-0.09,0.084,0.34,1.36,Ga1|Ni2|Pt1,False
Ni2PtIn,10,10,3.0,0.0,33.0,0,7.0,7.0,1.91,2.28,1.78,0.0,1.97,-0.3699999999999999,0.1299999999999999,28,78,49.0,0.0,1.24,1.39,1.67,0.0,1.4333333333333333,0.42999999999999994,-0.1499999999999999,-0.42999999999999994,4,2,0,3,9.0,15.0,True,False,False,False,False,False,False,True,9.0,0,4.0,391.0,-0.1,0.068,0.365,1.46,In1|Ni2|Pt1,False
Ni2PtSi,10,10,4.0,0.0,34.0,0,6.0,6.0,1.91,2.28,1.9,0.0,2.0,-0.3699999999999999,0.010000000000000009,28,78,14.0,0.0,1.24,1.39,1.11,0.0,1.2466666666666668,0.2799999999999998,-0.1499999999999999,0.1299999999999999,4,2,0,3,10.0,16.0,True,False,False,False,False,True,False,False,10.0,0,4.0,342.0,-0.085,0.058,0.3475,1.39,Ni2|Pt1|Si1,False
Ni2RhAl,10,9,3.0,0.0,32.0,1,7.0,6.0,1.91,2.28,1.61,0.0,1.9275,-0.3699999999999999,0.2999999999999998,28,45,13.0,0.0,1.24,1.34,1.43,0.0,1.3366666666666667,0.18999999999999995,-0.10000000000000009,-0.18999999999999995,4,2,0,3,8.0,14.0,True,False,False,False,False,True,False,False,8.0,0,4.0,466.0,-0.104,0.088,0.415,1.66,Al1|Ni2|Rh1,False
Ni2RhGa,10,9,3.0,0.0,32.0,1,7.0,6.0,1.91,2.28,1.81,0.0,1.9775,-0.3699999999999999,0.09999999999999987,28,45,31.0,0.0,1.24,1.34,1.35,0.0,1.31,0.1100000000000001,-0.10000000000000009,-0.1100000000000001,4,2,0,3,8.0,14.0,True,False,False,False,False,False,False,True,8.0,0,4.0,375.0,-0.117,0.149,0.395,1.58,Ga1|Ni2|Rh1,False
Ni2RhGe,10,9,4.0,0.0,33.0,1,6.0,5.0,1.91,2.28,2.01,0.0,2.0275,-0.3699999999999999,-0.09999999999999987,28,45,32.0,0.0,1.24,1.34,1.22,0.0,1.2666666666666666,0.1200000000000001,-0.10000000000000009,0.020000000000000018,4,2,0,3,9.0,15.0,True,False,False,False,False,False,False,True,9.0,0,4.0,392.0,-0.087,0.141,0.4225,1.69,Ge1|Ni2|Rh1,False
Ni2RhIn,10,9,3.0,0.0,32.0,1,7.0,6.0,1.91,2.28,1.78,0.0,1.97,-0.3699999999999999,0.1299999999999999,28,45,49.0,0.0,1.24,1.34,1.67,0.0,1.4166666666666667,0.42999999999999994,-0.10000000000000009,-0.42999999999999994,4,2,0,3,8.0,14.0,True,False,False,False,False,True,False,False,8.0,0,4.0,389.0,-0.12,0.062,0.355,1.42,In1|Ni2|Rh1,False
Ni2RhSi,10,9,4.0,0.0,33.0,1,6.0,5.0,1.91,2.28,1.9,0.0,2.0,-0.3699999999999999,0.010000000000000009,28,45,14.0,0.0,1.24,1.34,1.11,0.0,1.2300000000000002,0.22999999999999998,-0.10000000000000009,0.1299999999999999,4,2,0,3,9.0,15.0,True,False,False,False,False,True,False,False,9.0,0,4.0,332.0,-0.083,0.19,0.395,1.58,Ni2|Rh1|Si1,True
Ni2RuAl,10,8,3.0,0.0,31.0,2,7.0,5.0,1.91,2.2,1.61,0.0,1.9075,-0.29000000000000026,0.2999999999999998,28,44,13.0,0.0,1.24,1.34,1.43,0.0,1.3366666666666667,0.18999999999999995,-0.10000000000000009,-0.18999999999999995,4,2,0,3,7.0,13.0,True,False,False,False,False,False,False,True,7.0,0,4.0,379.0,-0.082,0.081,0.385,1.54,Al1|Ni2|Ru1,False
Ni2RuGa,10,8,3.0,0.0,31.0,2,7.0,5.0,1.91,2.2,1.81,0.0,1.9575,-0.29000000000000026,0.09999999999999987,28,44,31.0,0.0,1.24,1.34,1.35,0.0,1.31,0.1100000000000001,-0.10000000000000009,-0.1100000000000001,4,2,0,3,7.0,13.0,True,False,False,False,False,True,False,False,7.0,0,4.0,356.0,-0.112,0.026,0.3325,1.33,Ga1|Ni2|Ru1,False
Ni2RuGe,10,8,4.0,0.0,32.0,2,6.0,4.0,1.91,2.2,2.01,0.0,2.0075,-0.29000000000000026,-0.09999999999999987,28,44,32.0,0.0,1.24,1.34,1.22,0.0,1.2666666666666666,0.1200000000000001,-0.10000000000000009,0.020000000000000018,4,2,0,3,8.0,14.0,True,False,False,False,False,True,False,False,8.0,0,4.0,385.0,-0.09,0.062,0.4475,1.79,Ge1|Ni2|Ru1,False
Ni2RuIn,10,8,3.0,0.0,31.0,2,7.0,5.0,1.91,2.2,1.78,0.0,1.95,-0.29000000000000026,0.1299999999999999,28,44,49.0,0.0,1.24,1.34,1.67,0.0,1.4166666666666667,0.42999999999999994,-0.10000000000000009,-0.42999999999999994,4,2,0,3,7.0,13.0,True,False,False,False,False,True,False,False,7.0,0,4.0,391.0,-0.138,0.072,0.355,1.42,In1|Ni2|Ru1,False
Ni2RuSi,10,8,4.0,0.0,32.0,2,6.0,4.0,1.91,2.2,1.9,0.0,1.98,-0.29000000000000026,0.010000000000000009,28,44,14.0,0.0,1.24,1.34,1.11,0.0,1.2300000000000002,0.22999999999999998,-0.10000000000000009,0.1299999999999999,4,2,0,3,8.0,14.0,True,False,False,False,False,False,False,True,8.0,0,4.0,418.0,-0.104,0.098,0.355,1.42,Ni2|Ru1|Si1,True
Ni2TiAl,10,4,3.0,0.0,27.0,6,7.0,1.0,1.91,1.54,1.61,0.0,1.7425,0.3699999999999999,0.2999999999999998,28,22,13.0,0.0,1.24,1.47,1.43,0.0,1.38,0.22999999999999998,-0.22999999999999998,-0.18999999999999995,4,2,0,3,3.0,9.0,True,False,False,False,False,True,False,False,3.0,0,4.0,257.0,-0.143,0.158,0.175,0.7,Al1|Ni2|Ti1,False
Ni2TiAs,10,4,5.0,0.0,29.0,6,5.0,-1.0,1.91,1.54,2.18,0.0,1.8849999999999998,0.3699999999999999,-0.27000000000000024,28,22,33.0,0.0,1.24,1.47,1.19,0.0,1.3,0.28,-0.22999999999999998,0.050000000000000044,4,2,0,3,5.0,11.0,True,False,False,False,False,True,False,False,5.0,0,4.0,375.0,-0.081,0.016,0.195,0.78,As1|Ni2|Ti1,False
Ni2TiGa,10,4,3.0,0.0,27.0,6,7.0,1.0,1.91,1.54,1.81,0.0,1.7925,0.3699999999999999,0.09999999999999987,28,22,31.0,0.0,1.24,1.47,1.35,0.0,1.3533333333333335,0.22999999999999998,-0.22999999999999998,-0.1100000000000001,4,2,0,3,3.0,9.0,True,False,False,False,False,False,False,True,3.0,0,4.0,368.0,-0.129,0.123,0.2,0.8,Ga1|Ni2|Ti1,False
Ni2TiGe,10,4,4.0,0.0,28.0,6,6.0,0.0,1.91,1.54,2.01,0.0,1.8424999999999998,0.3699999999999999,-0.09999999999999987,28,22,32.0,0.0,1.24,1.47,1.22,0.0,1.3099999999999998,0.25,-0.22999999999999998,0.020000000000000018,4,2,0,3,4.0,10.0,True,False,False,False,False,False,False,True,4.0,0,4.0,283.0,-0.087,0.063,0.2025,0.81,Ge1|Ni2|Ti1,False
Ni2TiIn,10,4,3.0,0.0,27.0,6,7.0,1.0,1.91,1.54,1.78,0.0,1.785,0.3699999999999999,0.1299999999999999,28,22,49.0,0.0,1.24,1.47,1.67,0.0,1.46,0.42999999999999994,-0.22999999999999998,-0.42999999999999994,4,2,0,3,3.0,9.0,True,False,False,False,False,True,False,False,3.0,0,4.0,241.0,-0.092,0.043,0.2425,0.97,In1|Ni2|Ti1,False
Ni2TiSb,10,4,5.0,0.0,29.0,6,5.0,-1.0,1.91,1.54,2.05,0.0,1.8524999999999998,0.3699999999999999,-0.1399999999999999,28,22,51.0,0.0,1.24,1.47,1.59,0.0,1.4333333333333333,0.3500000000000001,-0.22999999999999998,-0.3500000000000001,4,2,0,3,5.0,11.0,True,False,False,False,False,False,False,True,5.0,0,4.0,246.0,-0.066,0.016,0.125,0.5,Ni2|Sb1|Ti1,False
Ni2TiSi,10,4,4.0,0.0,28.0,6,6.0,0.0,1.91,1.54,1.9,0.0,1.815,0.3699999999999999,0.010000000000000009,28,22,14.0,0.0,1.24,1.47,1.11,0.0,1.2733333333333334,0.3599999999999999,-0.22999999999999998,0.1299999999999999,4,2,0,3,4.0,10.0,True,False,False,False,False,True,False,False,4.0,0,4.0,343.0,-0.127,0.113,0.2225,0.89,Ni2|Si1|Ti1,False
Ni2TiSn,10,4,4.0,0.0,28.0,6,6.0,0.0,1.91,1.54,1.96,0.0,1.8299999999999998,0.3699999999999999,-0.050000000000000044,28,22,50.0,0.0,1.24,1.47,0.0,0.0,0.9033333333333333,1.47,-0.22999999999999998,1.24,4,2,0,3,4.0,10.0,True,False,False,False,False,True,False,False,4.0,0,4.0,312.0,-0.126,0.096,0.2225,0.89,Ni2|Sn1|Ti1,False
Ni2VAs,10,5,5.0,0.0,30.0,5,5.0,0.0,1.91,1.63,2.18,0.0,1.9074999999999998,0.28,-0.27000000000000024,28,23,33.0,0.0,1.24,1.34,1.19,0.0,1.2566666666666666,0.15000000000000013,-0.10000000000000009,0.050000000000000044,4,2,0,3,6.0,12.0,True,False,False,False,False,True,False,False,6.0,0,4.0,321.0,-0.069,0.122,0.2475,0.99,As1|Ni2|V1,False
Ni2VSb,10,5,5.0,0.0,30.0,5,5.0,0.0,1.91,1.63,2.05,0.0,1.8749999999999998,0.28,-0.1399999999999999,28,23,51.0,0.0,1.24,1.34,1.59,0.0,1.39,0.3500000000000001,-0.10000000000000009,-0.3500000000000001,4,2,0,3,6.0,12.0,True,False,False,False,False,True,False,False,6.0,0,4.0,345.0,-0.107,0.101,0.2325,0.93,Ni2|Sb1|V1,False
Ni2VSn,10,5,4.0,0.0,29.0,5,6.0,1.0,1.91,1.63,1.96,0.0,1.8524999999999998,0.28,-0.050000000000000044,28,23,50.0,0.0,1.24,1.34,0.0,0.0,0.86,1.34,-0.10000000000000009,1.24,4,2,0,3,5.0,11.0,True,False,False,False,False,False,False,True,5.0,0,4.0,307.0,-0.093,0.124,0.205,0.82,Ni2|Sn1|V1,False
Pd2CoAl,10,9,3.0,0.0,32.0,1,7.0,6.0,2.2,1.88,1.61,0.0,1.9725000000000001,0.3200000000000003,0.5900000000000001,46,27,13.0,0.0,1.37,1.25,1.43,0.0,1.3499999999999999,0.17999999999999994,0.1200000000000001,-0.05999999999999983,4,1,0,3,8.0,14.0,True,False,False,False,False,True,False,False,8.0,0,4.0,422.0,-0.119,0.145,0.675,2.7,Al1|Co1|Pd2,False
Pd2CoGa,10,9,3.0,0.0,32.0,1,7.0,6.0,2.2,1.88,1.81,0.0,2.0225,0.3200000000000003,0.3900000000000001,46,27,31.0,0.0,1.37,1.25,1.35,0.0,1.3233333333333335,0.1200000000000001,0.1200000000000001,0.020000000000000018,4,1,0,3,8.0,14.0,True,False,False,False,False,True,False,False,8.0,0,4.0,429.0,-0.084,0.048,0.705,2.82,Co1|Ga1|Pd2,False
Pd2CoIn,10,9,3.0,0.0,32.0,1,7.0,6.0,2.2,1.88,1.78,0.0,2.015,0.3200000000000003,0.42000000000000015,46,27,49.0,0.0,1.37,1.25,1.67,0.0,1.43,0.41999999999999993,0.1200000000000001,-0.2999999999999998,4,1,0,3,8.0,14.0,True,False,False,False,False,False,False,True,8.0,0,4.0,401.0,-0.145,0.088,0.725,2.9,Co1|In1|Pd2,False
Pd2FeGa,10,8,3.0,0.0,31.0,2,7.0,5.0,2.2,1.83,1.81,0.0,2.0100000000000002,0.3700000000000001,0.3900000000000001,46,26,31.0,0.0,1.37,1.26,1.35,0.0,1.3266666666666667,0.1100000000000001,0.1100000000000001,0.020000000000000018,4,1,0,3,7.0,13.0,True,False,False,False,False,True,False,False,7.0,0,4.0,419.0,-0.126,0.053,0.785,3.14,Fe1|Ga1|Pd2,False
Pd2FeIn,10,8,3.0,0.0,31.0,2,7.0,5.0,2.2,1.83,1.78,0.0,2.0025,0.3700000000000001,0.42000000000000015,46,26,49.0,0.0,1.37,1.26,1.67,0.0,1.4333333333333333,0.4099999999999999,0.1100000000000001,-0.2999999999999998,4,1,0,3,7.0,13.0,True,False,False,False,False,False,False,True,7.0,0,4.0,443.0,-0.098,0.068,0.8275,3.31,Fe1|In1|Pd2,False
Pd2MnAl,10,7,3.0,0.0,30.0,3,7.0,4.0,2.2,1.55,1.61,0.0,1.8900000000000001,0.6500000000000001,0.5900000000000001,46,25,13.0,0.0,1.37,1.27,1.43,0.0,1.3566666666666667,0.15999999999999992,0.10000000000000009,-0.05999999999999983,4,1,0,3,6.0,12.0,True,False,False,False,False,True,False,False,6.0,0,4.0,594.0,-0.092,0.126,0.9525,3.81,Al1|Mn1|Pd2,True
Pd2MnGa,10,7,3.0,0.0,30.0,3,7.0,4.0,2.2,1.55,1.81,0.0,1.94,0.6500000000000001,0.3900000000000001,46,25,31.0,0.0,1.37,1.27,1.35,0.0,1.33,0.10000000000000009,0.10000000000000009,0.020000000000000018,4,1,0,3,6.0,12.0,True,False,False,False,False,True,False,False,6.0,0,4.0,568.0,-0.057,0.116,0.9775,3.91,Ga1|Mn1|Pd2,False
Pd2MnIn,10,7,3.0,0.0,30.0,3,7.0,4.0,2.2,1.55,1.78,0.0,1.9325,0.6500000000000001,0.42000000000000015,46,25,49.0,0.0,1.37,1.27,1.67,0.0,1.4366666666666668,0.3999999999999999,0.10000000000000009,-0.2999999999999998,4,1,0,3,6.0,12.0,True,False,False,False,False,False,False,True,6.0,0,4.0,632.0,-0.156,0.123,0.9,3.6,In1|Mn1|Pd2,True
Pt2CoIn,10,9,3.0,0.0,32.0,1,7.0,6.0,2.28,1.88,1.78,0.0,2.0549999999999997,0.3999999999999999,0.4999999999999998,78,27,49.0,0.0,1.39,1.25,1.67,0.0,1.4366666666666665,0.41999999999999993,0.1399999999999999,-0.28,4,1,0,3,8.0,14.0,True,False,False,False,False,False,False,True,8.0,0,4.0,469.0,-0.079,0.094,0.6925,2.77,Co1|In1|Pt2,False
Pt2FeAl,10,8,3.0,0.0,31.0,2,7.0,5.0,2.28,1.83,1.61,0.0,2.0,0.44999999999999973,0.6699999999999997,78,26,13.0,0.0,1.39,1.26,1.43,0.0,1.36,0.16999999999999993,0.1299999999999999,-0.040000000000000036,4,1,0,3,7.0,13.0,True,False,False,False,False,True,False,False,7.0,0,4.0,577.0,-0.111,0.162,0.7125,2.85,Al1|Fe1|Pt2,False
Pt2FeGa,10,8,3.0,0.0,31.0,2,7.0,5.0,2.28,1.83,1.81,0.0,2.05,0.44999999999999973,0.46999999999999975,78,26,31.0,0.0,1.39,1.26,1.35,0.0,1.3333333333333333,0.1299999999999999,0.1299999999999999,0.039999999999999813,4,1,0,3,7.0,13.0,True,False,False,False,False,True,False,False,7.0,0,4.0,489.0,-0.099,0.162,0.9025,3.61,Fe1|Ga1|Pt2,False
Pt2FeIn,10,8,3.0,0.0,31.0,2,7.0,5.0,2.28,1.83,1.78,0.0,2.0425,0.44999999999999973,0.4999999999999998,78,26,49.0,0.0,1.39,1.26,1.67,0.0,1.4400000000000002,0.4099999999999999,0.1299999999999999,-0.28,4,1,0,3,7.0,13.0,True,False,False,False,False,False,False,True,7.0,0,4.0,563.0,-0.108,0.077,0.77,3.08,Fe1|In1|Pt2,False
Pt2MnAl,10,7,3.0,0.0,30.0,3,7.0,4.0,2.28,1.55,1.61,0.0,1.93,0.7299999999999998,0.6699999999999997,78,25,13.0,0.0,1.39,1.27,1.43,0.0,1.3633333333333333,0.15999999999999992,0.11999999999999988,-0.040000000000000036,4,1,0,3,6.0,12.0,True,False,False,False,False,True,False,False,6.0,0,4.0,585.0,-0.102,0.005,0.8725,3.49,Al1|Mn1|Pt2,False
Pt2MnGa,10,7,3.0,0.0,30.0,3,7.0,4.0,2.28,1.55,1.81,0.0,1.98,0.7299999999999998,0.46999999999999975,78,25,31.0,0.0,1.39,1.27,1.35,0.0,1.3366666666666667,0.11999999999999988,0.11999999999999988,0.039999999999999813,4,1,0,3,6.0,12.0,True,False,False,False,False,True,False,False,6.0,0,4.0,583.0,-0.098,0.072,1.0275,4.11,Ga1|Mn1|Pt2,False
Pt2MnIn,10,7,3.0,0.0,30.0,3,7.0,4.0,2.28,1.55,1.78,0.0,1.9725,0.7299999999999998,0.4999999999999998,78,25,49.0,0.0,1.39,1.27,1.67,0.0,1.4433333333333334,0.3999999999999999,0.11999999999999988,-0.28,4,1,0,3,6.0,12.0,True,False,False,False,False,False,False,True,6.0,0,4.0,542.0,-0.103,0.133,0.955,3.82,In1|Mn1|Pt2,False
Rh2CoAl,9,9,3.0,0.0,30.0,0,6.0,6.0,2.28,1.88,1.61,0.0,2.0124999999999997,0.3999999999999999,0.6699999999999997,45,27,13.0,0.0,1.34,1.25,1.43,0.0,1.3399999999999999,0.17999999999999994,0.09000000000000008,-0.08999999999999986,4,1,0,3,6.0,12.0,True,False,False,False,False,True,False,False,6.0,0,4.0,518.0,-0.098,0.014,0.73,2.92,Al1|Co1|Rh2,False
Rh2CoGa,9,9,3.0,0.0,30.0,0,6.0,6.0,2.28,1.88,1.81,0.0,2.0625,0.3999999999999999,0.46999999999999975,45,27,31.0,0.0,1.34,1.25,1.35,0.0,1.3133333333333332,0.10000000000000009,0.09000000000000008,-0.010000000000000009,4,1,0,3,6.0,12.0,True,False,False,False,False,True,False,False,6.0,0,4.0,500.0,-0.101,0.058,0.72,2.88,Co1|Ga1|Rh2,False
Rh2CoGe,9,9,4.0,0.0,31.0,0,5.0,5.0,2.28,1.88,2.01,0.0,2.1125,0.3999999999999999,0.27,45,27,32.0,0.0,1.34,1.25,1.22,0.0,1.2699999999999998,0.1200000000000001,0.09000000000000008,0.1200000000000001,4,1,0,3,7.0,13.0,True,False,False,False,False,True,False,False,7.0,0,4.0,455.0,-0.061,0.025,0.645,2.58,Co1|Ge1|Rh2,False
Rh2CoIn,9,9,3.0,0.0,30.0,0,6.0,6.0,2.28,1.88,1.78,0.0,2.0549999999999997,0.3999999999999999,0.4999999999999998,45,27,49.0,0.0,1.34,1.25,1.67,0.0,1.42,0.41999999999999993,0.09000000000000008,-0.32999999999999985,4,1,0,3,6.0,12.0,True,False,False,False,False,False,False,True,6.0,0,4.0,488.0,-0.113,0.045,0.7025,2.81,Co1|In1|Rh2,True
Rh2CoSi,9,9,4.0,0.0,31.0,0,5.0,5.0,2.28,1.88,1.9,0.0,2.085,0.3999999999999999,0.3799999999999999,45,27,14.0,0.0,1.34,1.25,1.11,0.0,1.2333333333333334,0.22999999999999998,0.09000000000000008,0.22999999999999998,4,1,0,3,7.0,13.0,True,False,False,False,False,True,False,False,7.0,0,4.0,454.0,-0.095,0.129,0.695,2.78,Co1|Rh2|Si1,False
Rh2CoSn,9,9,4.0,0.0,31.0,0,5.0,5.0,2.28,1.88,1.96,0.0,2.0999999999999996,0.3999999999999999,0.31999999999999984,45,27,50.0,0.0,1.34,1.25,0.0,0.0,0.8633333333333333,1.34,0.09000000000000008,1.34,4,1,0,3,7.0,13.0,True,False,False,False,False,True,False,False,7.0,0,4.0,401.0,-0.05,0.075,0.7675,3.07,Co1|Rh2|Sn1,False
Rh2CrGe,9,6,4.0,0.0,28.0,3,5.0,2.0,2.28,1.66,2.01,0.0,2.0575,0.6199999999999999,0.27,45,24,32.0,0.0,1.34,1.28,1.22,0.0,1.28,0.1200000000000001,0.06000000000000005,0.1200000000000001,4,1,0,3,4.0,10.0,True,False,False,False,False,False,False,True,4.0,0,4.0,344.0,-0.027,0.041,0.64,2.56,Cr1|Ge1|Rh2,False
Rh2CrSi,9,6,4.0,0.0,28.0,3,5.0,2.0,2.28,1.66,1.9,0.0,2.03,0.6199999999999999,0.3799999999999999,45,24,14.0,0.0,1.34,1.28,1.11,0.0,1.2433333333333334,0.22999999999999998,0.06000000000000005,0.22999999999999998,4,1,0,3,4.0,10.0,True,False,False,False,False,True,False,False,4.0,0,4.0,453.0,-0.15,0.121,0.6375,2.55,Cr1|Rh2|Si1,False
Rh2FeAl,9,8,3.0,0.0,29.0,1,6.0,5.0,2.28,1.83,1.61,0.0,2.0,0.44999999999999973,0.6699999999999997,45,26,13.0,0.0,1.34,1.26,1.43,0.0,1.3433333333333335,0.16999999999999993,0.08000000000000007,-0.08999999999999986,4,1,0,3,5.0,11.0,True,False,False,False,False,True,False,False,5.0,0,4.0,552.0,-0.119,0.051,0.8075,3.23,Al1|Fe1|Rh2,True
Rh2FeGa,9,8,3.0,0.0,29.0,1,6.0,5.0,2.28,1.83,1.81,0.0,2.05,0.44999999999999973,0.46999999999999975,45,26,31.0,0.0,1.34,1.26,1.35,0.0,1.3166666666666667,0.09000000000000008,0.08000000000000007,-0.010000000000000009,4,1,0,3,5.0,11.0,True,False,False,False,False,True,False,False,5.0,0,4.0,488.0,-0.081,0.12,0.785,3.14,Fe1|Ga1|Rh2,False
Rh2FeGe,9,8,4.0,0.0,30.0,1,5.0,4.0,2.28,1.83,2.01,0.0,2.0999999999999996,0.44999999999999973,0.27,45,26,32.0,0.0,1.34,1.26,1.22,0.0,1.2733333333333334,0.1200000000000001,0.08000000000000007,0.1200000000000001,4,1,0,3,6.0,12.0,True,False,False,False,False,True,False,False,6.0,0,4.0,468.0,-0.113,0.108,0.8425,3.37,Fe1|Ge1|Rh2,False
Rh2FeIn,9,8,3.0,0.0,29.0,1,6.0,5.0,2.28,1.83,1.78,0.0,2.0425,0.44999999999999973,0.4999999999999998,45,26,49.0,0.0,1.34,1.26,1.67,0.0,1.4233333333333331,0.4099999999999999,0.08000000000000007,-0.32999999999999985,4,1,0,3,5.0,11.0,True,False,False,False,False,False,False,True,5.0,0,4.0,532.0,-0.077,0.057,0.7975,3.19,Fe1|In1|Rh2,False
Rh2FeSi,9,8,4.0,0.0,30.0,1,5.0,4.0,2.28,1.83,1.9,0.0,2.0725,0.44999999999999973,0.3799999999999999,45,26,14.0,0.0,1.34,1.26,1.11,0.0,1.2366666666666666,0.22999999999999998,0.08000000000000007,0.22999999999999998,4,1,0,3,6.0,12.0,True,False,False,False,False,False,False,True,6.0,0,4.0,623.0,-0.117,0.158,0.8075,3.23,Fe1|Rh2|Si1,True
Rh2FeSn,9,8,4.0,0.0,30.0,1,5.0,4.0,2.28,1.83,1.96,0.0,2.0875,0.44999999999999973,0.31999999999999984,45,26,50.0,0.0,1.34,1.26,0.0,0.0,0.8666666666666667,1.34,0.08000000000000007,1.34,4,1,0,3,6.0,12.0,True,False,False,False,False,False,False,True,6.0,0,4.0,606.0,-0.089,0.082,0.805,3.22,Fe1|Rh2|Sn1,False
Rh2MnGe,9,7,4.0,0.0,29.0,2,5.0,3.0,2.28,1.55,2.01,0.0,2.03,0.7299999999999998,0.27,45,25,32.0,0.0,1.34,1.27,1.22,0.0,1.2766666666666666,0.1200000000000001,0.07000000000000006,0.1200000000000001,4,1,0,3,5.0,11.0,True,False,False,False,False,True,False,False,5.0,0,4.0,582.0,-0.116,0.111,0.965,3.86,Ge1|Mn1|Rh2,False
Rh2MnSi,9,7,4.0,0.0,29.0,2,5.0,3.0,2.28,1.55,1.9,0.0,2.0025,0.7299999999999998,0.3799999999999999,45,25,14.0,0.0,1.34,1.27,1.11,0.0,1.2400000000000002,0.22999999999999998,0.07000000000000006,0.22999999999999998,4,1,0,3,5.0,11.0,True,False,False,False,False,True,False,False,5.0,0,4.0,555.0,-0.111,0.092,0.92,3.68,Mn1|Rh2|Si1,False
Rh2MnSn,9,7,4.0,0.0,29.0,2,5.0,3.0,2.28,1.55,1.96,0.0,2.0175,0.7299999999999998,0.31999999999999984,45,25,50.0,0.0,1.34,1.27,0.0,0.0,0.8700000000000001,1.34,0.07000000000000006,1.34,4,1,0,3,5.0,11.0,True,False,False,False,False,True,False,False,5.0,0,4.0,551.0,-0.073,0.085,0.985,3.94,Mn1|Rh2|Sn1,False
Rh2NiAl,9,10,3.0,0.0,31.0,-1,6.0,7.0,2.28,1.91,1.61,0.0,2.02,0.3699999999999999,0.6699999999999997,45,28,13.0,0.0,1.34,1.24,1.43,0.0,1.3366666666666667,0.18999999999999995,0.10000000000000009,-0.08999999999999986,4,1,0,3,7.0,13.0,True,False,False,False,False,True,False,False,7.0,0,4.0,341.0,-0.078,0.109,0.315,1.26,Al1|Ni1|Rh2,True
Rh2NiGa,9,10,3.0,0.0,31.0,-1,6.0,7.0,2.28,1.91,1.81,0.0,2.07,0.3699999999999999,0.46999999999999975,45,28,31.0,0.0,1.34,1.24,1.35,0.0,1.31,0.1100000000000001,0.10000000000000009,-0.010000000000000009,4,1,0,3,7.0,13.0,True,False,False,False,False,False,False,True,7.0,0,4.0,376.0,-0.131,0.142,0.405,1.62,Ga1|Ni1|Rh2,False
Rh2NiGe,9,10,4.0,0.0,32.0,-1,5.0,6.0,2.28,1.91,2.01,0.0,2.12,0.3699999999999999,0.27,45,28,32.0,0.0,1.34,1.24,1.22,0.0,1.2666666666666666,0.1200000000000001,0.10000000000000009,0.1200000000000001,4,1,0,3,8.0,14.0,True,False,False,False,False,False,False,True,8.0,0,4.0,388.0,-0.171,0.132,0.31,1.24,Ge1|Ni1|Rh2,False
Rh2NiIn,9,10,3.0,0.0,31.0,-1,6.0,7.0,2.28,1.91,1.78,0.0,2.0625,0.3699999999999999,0.4999999999999998,45,28,49.0,0.0,1.34,1.24,1.67,0.0,1.4166666666666667,0.42999999999999994,0.10000000000000009,-0.32999999999999985,4,1,0,3,7.0,13.0,True,False,False,False,False,True,False,False,7.0,0,4.0,374.0,-0.093,0.055,0.35,1.4,In1|Ni1|Rh2,False
Rh2NiSi,9,10,4.0,0.0,32.0,-1,5.0,6.0,2.28,1.91,1.9,0.0,2.0925,0.3699999999999999,0.3799999999999999,45,28,14.0,0.0,1.34,1.24,1.11,0.0,1.2300000000000002,0.22999999999999998,0.10000000000000009,0.22999999999999998,4,1,0,3,8.0,14.0,True,False,False,False,False,True,False,False,8.0,0,4.0,366.0,-0.107,0.006,0.3725,1.49,Ni1|Rh2|Si1,False
Rh2NiSn,9,10,4.0,0.0,32.0,-1,5.0,6.0,2.28,1.91,1.96,0.0,2.1075,0.3699999999999999,0.31999999999999984,45,28,50.0,0.0,1.34,1.24,0.0,0.0,0.86,1.34,0.10000000000000009,1.34,4,1,0,3,8.0,14.0,True,False,False,False,False,False,False,True,8.0,0,4.0,368.0,-0.102,0.116,0.3275,1.31,Ni1|Rh2|Sn1,False
Rh2TiAl,9,4,3.0,0.0,25.0,5,6.0,1.0,2.28,1.54,1.61,0.0,1.9275,0.7399999999999998,0.6699999999999997,45,22,13.0,0.0,1.34,1.47,1.43,0.0,1.4133333333333333,0.1299999999999999,-0.1299999999999999,-0.08999999999999986,4,0,0,3,1.0,7.0,True,False,False,False,False,True,False,False,1.0,0,4.0,335.0,-0.126,0.108,0.16,0.64,Al1|Rh2|Ti1,False
Rh2TiGa,9,4,3.0,0.0,25.0,5,6.0,1.0,2.28,1.54,1.81,0.0,1.9775,0.7399999999999998,0.46999999999999975,45,22,31.0,0.0,1.34,1.47,1.35,0.0,1.3866666666666667,0.1299999999999999,-0.1299999999999999,-0.010000000000000009,4,0,0,3,1.0,7.0,True,False,False,False,False,False,False,True,1.0,0,4.0,293.0,-0.116,0.128,0.195,0.78,Ga1|Rh2|Ti1,False
Rh2TiGe,9,4,4.0,0.0,26.0,5,5.0,0.0,2.28,1.54,2.01,0.0,2.0275,0.7399999999999998,0.27,45,22,32.0,0.0,1.34,1.47,1.22,0.0,1.3433333333333335,0.25,-0.1299999999999999,0.1200000000000001,4,0,0,3,2.0,8.0,True,False,False,False,False,True,False,False,2.0,0,4.0,328.0,-0.092,0.06,0.2025,0.81,Ge1|Rh2|Ti1,False
Rh2TiSi,9,4,4.0,0.0,26.0,5,5.0,0.0,2.28,1.54,1.9,0.0,2.0,0.7399999999999998,0.3799999999999999,45,22,14.0,0.0,1.34,1.47,1.11,0.0,1.3066666666666666,0.3599999999999999,-0.1299999999999999,0.22999999999999998,4,0,0,3,2.0,8.0,True,False,False,False,False,True,False,False,2.0,0,4.0,323.0,-0.088,0.087,0.2125,0.85,Rh2|Si1|Ti1,True
Rh2VAl,9,5,3.0,0.0,26.0,4,6.0,2.0,2.28,1.63,1.61,0.0,1.95,0.6499999999999999,0.6699999999999997,45,23,13.0,0.0,1.34,1.34,1.43,0.0,1.37,0.08999999999999986,0.0,-0.08999999999999986,4,0,0,3,2.0,8.0,True,False,False,False,False,False,False,True,2.0,0,4.0,276.0,-0.091,0.078,0.2675,1.07,Al1|Rh2|V1,False
Rh2VGa,9,5,3.0,0.0,26.0,4,6.0,2.0,2.28,1.63,1.81,0.0,2.0,0.6499999999999999,0.46999999999999975,45,23,31.0,0.0,1.34,1.34,1.35,0.0,1.3433333333333335,0.010000000000000009,0.0,-0.010000000000000009,4,0,0,3,2.0,8.0,True,False,False,False,False,False,False,True,2.0,0,4.0,195.0,-0.094,0.068,0.2975,1.19,Ga1|Rh2|V1,False
Rh2VGe,9,5,4.0,0.0,27.0,4,5.0,1.0,2.28,1.63,2.01,0.0,2.05,0.6499999999999999,0.27,45,23,32.0,0.0,1.34,1.34,1.22,0.0,1.3,0.1200000000000001,0.0,0.1200000000000001,4,0,0,3,3.0,9.0,True,False,False,False,False,True,False,False,3.0,0,4.0,342.0,-0.069,0.135,0.2475,0.99,Ge1|Rh2|V1,False
Rh2VSi,9,5,4.0,0.0,27.0,4,5.0,1.0,2.28,1.63,1.9,0.0,2.0225,0.6499999999999999,0.3799999999999999,45,23,14.0,0.0,1.34,1.34,1.11,0.0,1.2633333333333334,0.22999999999999998,0.0,0.22999999999999998,4,0,0,3,3.0,9.0,True,False,False,False,False,False,False,True,3.0,0,4.0,375.0,-0.079,0.064,0.2375,0.95,Rh2|Si1|V1,False
Ru2CoAl,8,9,3.0,0.0,28.0,-1,5.0,6.0,2.2,1.88,1.61,0.0,1.9725000000000001,0.3200000000000003,0.5900000000000001,44,27,13.0,0.0,1.34,1.25,1.43,0.0,1.3399999999999999,0.17999999999999994,0.09000000000000008,-0.08999999999999986,4,1,0,3,4.0,10.0,True,False,False,False,False,True,False,False,4.0,0,4.0,472.0,-0.15,0.008,0.74,2.96,Al1|Co1|Ru2,True
Ru2CoGa,8,9,3.0,0.0,28.0,-1,5.0,6.0,2.2,1.88,1.81,0.0,2.0225,0.3200000000000003,0.3900000000000001,44,27,31.0,0.0,1.34,1.25,1.35,0.0,1.3133333333333332,0.10000000000000009,0.09000000000000008,-0.010000000000000009,4,1,0,3,4.0,10.0,True,False,False,False,False,True,False,False,4.0,0,4.0,455.0,-0.131,0.031,0.6625,2.65,Co1|Ga1|Ru2,False
Ru2CoGe,8,9,4.0,0.0,29.0,-1,4.0,5.0,2.2,1.88,2.01,0.0,2.0725,0.3200000000000003,0.1900000000000004,44,27,32.0,0.0,1.34,1.25,1.22,0.0,1.2699999999999998,0.1200000000000001,0.09000000000000008,0.1200000000000001,4,1,0,3,5.0,11.0,True,False,False,False,False,True,False,False,5.0,0,4.0,554.0,-0.095,0.092,0.685,2.74,Co1|Ge1|Ru2,False
Ru2CoIn,8,9,3.0,0.0,28.0,-1,5.0,6.0,2.2,1.88,1.78,0.0,2.015,0.3200000000000003,0.42000000000000015,44,27,49.0,0.0,1.34,1.25,1.67,0.0,1.42,0.41999999999999993,0.09000000000000008,-0.32999999999999985,4,1,0,3,4.0,10.0,True,False,False,False,False,False,False,True,4.0,0,4.0,532.0,-0.068,0.045,0.72,2.88,Co1|In1|Ru2,True
Ru2CoSi,8,9,4.0,0.0,29.0,-1,4.0,5.0,2.2,1.88,1.9,0.0,2.045,0.3200000000000003,0.30000000000000027,44,27,14.0,0.0,1.34,1.25,1.11,0.0,1.2333333333333334,0.22999999999999998,0.09000000000000008,0.22999999999999998,4,1,0,3,5.0,11.0,True,False,False,False,False,True,False,False,5.0,0,4.0,489.0,-0.099,0.019,0.7275,2.91,Co1|Ru2|Si1,False
Ru2CoSn,8,9,4.0,0.0,29.0,-1,4.0,5.0,2.2,1.88,1.96,0.0,2.06,0.3200000000000003,0.2400000000000002,44,27,50.0,0.0,1.34,1.25,0.0,0.0,0.8633333333333333,1.34,0.09000000000000008,1.34,4,1,0,3,5.0,11.0,True,False,False,False,False,False,False,True,5.0,0,4.0,475.0,-0.093,0.107,0.7075,2.83,Co1|Ru2|Sn1,False
Ru2CrAl,8,6,3.0,0.0,25.0,2,5.0,3.0,2.2,1.66,1.61,0.0,1.9175000000000002,0.5400000000000003,0.5900000000000001,44,24,13.0,0.0,1.34,1.28,1.43,0.0,1.3499999999999999,0.1499999999999999,0.06000000000000005,-0.08999999999999986,4,1,0,3,1.0,7.0,True,False,False,False,False,True,False,False,1.0,0,4.0,398.0,-0.101,0.097,0.5975,2.39,Al1|Cr1|Ru2,False
Ru2CrGe,8,6,4.0,0.0,26.0,2,4.0,2.0,2.2,1.66,2.01,0.0,2.0175,0.5400000000000003,0.1900000000000004,44,24,32.0,0.0,1.34,1.28,1.22,0.0,1.28,0.1200000000000001,0.06000000000000005,0.1200000000000001,4,1,0,3,2.0,8.0,True,False,False,False,False,True,False,False,2.0,0,4.0,427.0,-0.161,0.009,0.6525,2.61,Cr1|Ge1|Ru2,True
Ru2CrSi,8,6,4.0,0.0,26.0,2,4.0,2.0,2.2,1.66,1.9,0.0,1.9900000000000002,0.5400000000000003,0.30000000000000027,44,24,14.0,0.0,1.34,1.28,1.11,0.0,1.2433333333333334,0.22999999999999998,0.06000000000000005,0.22999999999999998,4,1,0,3,2.0,8.0,True,False,False,False,False,False,False,True,2.0,0,4.0,418.0,-0.075,0.068,0.625,2.5,Cr1|Ru2|Si1,False
Ru2FeAl,8,8,3.0,0.0,27.0,0,5.0,5.0,2.2,1.83,1.61,0.0,1.9600000000000002,0.3700000000000001,0.5900000000000001,44,26,13.0,0.0,1.34,1.26,1.43,0.0,1.3433333333333335,0.16999999999999993,0.08000000000000007,-0.08999999999999986,4,1,0,3,3.0,9.0,True,False,False,False,False,True,False,False,3.0,0,4.0,507.0,-0.126,0.073,0.7525,3.01,Al1|Fe1|Ru2,True
Ru2FeGa,8,8,3.0,0.0,27.0,0,5.0,5.0,2.2,1.83,1.81,0.0,2.0100000000000002,0.3700000000000001,0.3900000000000001,44,26,31.0,0.0,1.34,1.26,1.35,0.0,1.3166666666666667,0.09000000000000008,0.08000000000000007,-0.010000000000000009,4,1,0,3,3.0,9.0,True,False,False,False,False,True,False,False,3.0,0,4.0,466.0,-0.108,0.079,0.81,3.24,Fe1|Ga1|Ru2,True
Ru2FeGe,8,8,4.0,0.0,28.0,0,4.0,4.0,2.2,1.83,2.01,0.0,2.06,0.3700000000000001,0.1900000000000004,44,26,32.0,0.0,1.34,1.26,1.22,0.0,1.2733333333333334,0.1200000000000001,0.08000000000000007,0.1200000000000001,4,1,0,3,4.0,10.0,True,False,False,False,False,False,False,True,4.0,0,4.0,589.0,-0.084,0.072,0.805,3.22,Fe1|Ge1|Ru2,False
Ru2FeIn,8,8,3.0,0.0,27.0,0,5.0,5.0,2.2,1.83,1.78,0.0,2.0025,0.3700000000000001,0.42000000000000015,44,26,49.0,0.0,1.34,1.26,1.67,0.0,1.4233333333333331,0.4099999999999999,0.08000000000000007,-0.32999999999999985,4,1,0,3,3.0,9.0,True,False,False,False,False,False,False,True,3.0,0,4.0,585.0,-0.093,0.02,0.8425,3.37,Fe1|In1|Ru2,False
Ru2FeSi,8,8,4.0,0.0,28.0,0,4.0,4.0,2.2,1.83,1.9,0.0,2.0325,0.3700000000000001,0.30000000000000027,44,26,14.0,0.0,1.34,1.26,1.11,0.0,1.2366666666666666,0.22999999999999998,0.08000000000000007,0.22999999999999998,4,1,0,3,4.0,10.0,True,False,False,False,False,True,False,False,4.0,0,4.0,540.0,-0.082,0.103,0.8325,3.33,Fe1|Ru2|Si1,False
Ru2FeSn,8,8,4.0,0.0,28.0,0,4.0,4.0,2.2,1.83,1.96,0.0,2.0475000000000003,0.3700000000000001,0.2400000000000002,44,26,50.0,0.0,1.34,1.26,0.0,0.0,0.8666666666666667,1.34,0.08000000000000007,1.34,4,1,0,3,4.0,10.0,True,False,False,False,False,True,False,False,4.0,0,4.0,485.0,-0.088,0.099,0.815,3.26,Fe1|Ru2|Sn1,False
Ru2MnIn,8,7,3.0,0.0,26.0,1,5.0,4.0,2.2,1.55,1.78,0.0,1.9325,0.6500000000000001,0.42000000000000015,44,25,49.0,0.0,1.34,1.27,1.67,0.0,1.4266666666666667,0.3999999999999999,0.07000000000000006,-0.32999999999999985,4,1,0,3,2.0,8.0,True,False,False,False,False,False,False,True,2.0,0,4.0,609.0,-0.109,0.073,0.975,3.9,In1|Mn1|Ru2,False
Ru2MnSn,8,7,4.0,0.0,27.0,1,4.0,3.0,2.2,1.55,1.96,0.0,1.9775,0.6500000000000001,0.2400000000000002,44,25,50.0,0.0,1.34,1.27,0.0,0.0,0.8700000000000001,1.34,0.07000000000000006,1.34,4,1,0,3,3.0,9.0,True,False,False,False,False,True,False,False,3.0,0,4.0,609.0,-0.109,0.107,0.9925,3.97,Mn1|Ru2|Sn1,False
Ru2NiAl,8,10,3.0,0.0,29.0,-2,5.0,7.0,2.2,1.91,1.61,0.0,1.9800000000000002,0.29000000000000026,0.5900000000000001,44,28,13.0,0.0,1.34,1.24,1.43,0.0,1.3366666666666667,0.18999999999999995,0.10000000000000009,-0.08999999999999986,4,1,0,3,5.0,11.0,True,False,False,False,False,True,False,False,5.0,0,4.0,358.0,-0.09,0.072,0.36,1.44,Al1|Ni1|Ru2,False
Ru2NiGa,8,10,3.0,0.0,29.0,-2,5.0,7.0,2.2,1.91,1.81,0.0,2.0300000000000002,0.29000000000000026,0.3900000000000001,44,28,31.0,0.0,1.34,1.24,1.35,0.0,1.31,0.1100000000000001,0.10000000000000009,-0.010000000000000009,4,1,0,3,5.0,11.0,True,False,False,False,False,False,False,True,5.0,0,4.0,356.0,-0.118,0.134,0.3175,1.27,Ga1|Ni1|Ru2,True
Ru2NiGe,8,10,4.0,0.0,30.0,-2,4.0,6.0,2.2,1.91,2.01,0.0,2.08,0.29000000000000026,0.1900000000000004,44,28,32.0,0.0,1.34,1.24,1.22,0.0,1.2666666666666666,0.1200000000000001,0.10000000000000009,0.1200000000000001,4,1,0,3,6.0,12.0,True,False,False,False,False,False,False,True,6.0,0,4.0,382.0,-0.075,0.13,0.425,1.7,Ge1|Ni1|Ru2,False
Ru2NiIn,8,10,3.0,0.0,29.0,-2,5.0,7.0,2.2,1.91,1.78,0.0,2.0225,0.29000000000000026,0.42000000000000015,44,28,49.0,0.0,1.34,1.24,1.67,0.0,1.4166666666666667,0.42999999999999994,0.10000000000000009,-0.32999999999999985,4,1,0,3,5.0,11.0,True,False,False,False,False,True,False,False,5.0,0,4.0,368.0,-0.113,0.074,0.2975,1.19,In1|Ni1|Ru2,False
Ru2NiSi,8,10,4.0,0.0,30.0,-2,4.0,6.0,2.2,1.91,1.9,0.0,2.0525,0.29000000000000026,0.30000000000000027,44,28,14.0,0.0,1.34,1.24,1.11,0.0,1.2300000000000002,0.22999999999999998,0.10000000000000009,0.22999999999999998,4,1,0,3,6.0,12.0,True,False,False,False,False,False,False,True,6.0,0,4.0,322.0,-0.053,0.015,0.2925,1.17,Ni1|Ru2|Si1,False
Ru2NiSn,8,10,4.0,0.0,30.0,-2,4.0,6.0,2.2,1.91,1.96,0.0,2.0675,0.29000000000000026,0.2400000000000002,44,28,50.0,0.0,1.34,1.24,0.0,0.0,0.86,1.34,0.10000000000000009,1.34,4,1,0,3,6.0,12.0,True,False,False,False,False,True,False,False,6.0,0,4.0,382.0,-0.102,0.163,0.335,1.34,Ni1|Ru2|Sn1,True
Ru2TiAl,8,4,3.0,0.0,23.0,4,5.0,1.0,2.2,1.54,1.61,0.0,1.8875000000000002,0.6600000000000001,0.5900000000000001,44,22,13.0,0.0,1.34,1.47,1.43,0.0,1.4133333333333333,0.1299999999999999,-0.1299999999999999,-0.08999999999999986,4,0,0,3,-1.0,5.0,True,False,False,False,False,False,False,True,-1.0,0,4.0,298.0,-0.088,0.079,0.1775,0.71,Al1|Ru2|Ti1,False
Ru2TiGa,8,4,3.0,0.0,23.0,4,5.0,1.0,2.2,1.54,1.81,0.0,1.9375,0.6600000000000001,0.3900000000000001,44,22,31.0,0.0,1.34,1.47,1.35,0.0,1.3866666666666667,0.1299999999999999,-0.1299999999999999,-0.010000000000000009,4,0,0,3,-1.0,5.0,True,False,False,False,False,True,False,False,-1.0,0,4.0,279.0,-0.129,0.148,0.2325,0.93,Ga1|Ru2|Ti1,False
Ru2TiGe,8,4,4.0,0.0,24.0,4,4.0,0.0,2.2,1.54,2.01,0.0,1.9875,0.6600000000000001,0.1900000000000004,44,22,32.0,0.0,1.34,1.47,1.22,0.0,1.3433333333333335,0.25,-0.1299999999999999,0.1200000000000001,4,0,0,3,0.0,6.0,True,False,False,False,False,True,False,False,0.0,0,4.0,229.0,-0.107,0.161,0.225,0.9,Ge1|Ru2|Ti1,False
Ru2TiSi,8,4,4.0,0.0,24.0,4,4.0,0.0,2.2,1.54,1.9,0.0,1.96,0.6600000000000001,0.30000000000000027,44,22,14.0,0.0,1.34,1.47,1.11,0.0,1.3066666666666666,0.3599999999999999,-0.1299999999999999,0.22999999999999998,4,0,0,3,0.0,6.0,True,False,False,False,False,False,False,True,0.0,0,4.0,236.0,-0.099,0.068,0.1975,0.79,Ru2|Si1|Ti1,False
Ru2VAl,8,5,3.0,0.0,24.0,3,5.0,2.0,2.2,1.63,1.61,0.0,1.9100000000000001,0.5700000000000003,0.5900000000000001,44,23,13.0,0.0,1.34,1.34,1.43,0.0,1.37,0.08999999999999986,0.0,-0.08999999999999986,4,0,0,3,0.0,6.0,True,False,False,False,False,False,False,True,0.0,0,4.0,344.0,-0.105,0.048,0.225,0.9,Al1|Ru2|V1,False
Ru2VGa,8,5,3.0,0.0,24.0,3,5.0,2.0,2.2,1.63,1.81,0.0,1.96,0.5700000000000003,0.3900000000000001,44,23,31.0,0.0,1.34,1.34,1.35,0.0,1.3433333333333335,0.010000000000000009,0.0,-0.010000000000000009,4,0,0,3,0.0,6.0,True,False,False,False,False,True,False,False,0.0,0,4.0,237.0,-0.064,0.076,0.2925,1.17,Ga1|Ru2|V1,False
Ru2VGe,8,5,4.0,0.0,25.0,3,4.0,1.0,2.2,1.63,2.01,0.0,2.01,0.5700000000000003,0.1900000000000004,44,23,32.0,0.0,1.34,1.34,1.22,0.0,1.3,0.1200000000000001,0.0,0.1200000000000001,4,0,0,3,1.0,7.0,True,False,False,False,False,True,False,False,1.0,0,4.0,332.0,-0.067,0.089,0.2775,1.11,Ge1|Ru2|V1,False
Ru2VSi,8,5,4.0,0.0,25.0,3,4.0,1.0,2.2,1.63,1.9,0.0,1.9825,0.5700000000000003,0.30000000000000027,44,23,14.0,0.0,1.34,1.34,1.11,0.0,1.2633333333333334,0.22999999999999998,0.0,0.22999999999999998,4,0,0,3,1.0,7.0,True,False,False,False,False,True,False,False,1.0,0,4.0,313.0,-0.106,0.112,0.2775,1.11,Ru2|Si1|V1,False
Sc2MnBi,3,7,5.0,0.0,18.0,-4,-2.0,2.0,1.36,1.55,2.02,0.0,1.5725000000000002,-0.18999999999999995,-0.6599999999999999,21,25,83.0,0.0,1.62,1.27,1.7,0.0,1.53,0.42999999999999994,0.3500000000000001,-0.07999999999999985,4,1,0,3,-6.0,0.0,True,False,False,False,False,False,False,True,-6.0,0,4.0,740.0,-0.212,0.235,1.295,5.18,Bi1|Mn1|Sc2,True
Sc2VSn,3,5,4.0,0.0,15.0,-2,-1.0,1.0,1.36,1.63,1.96,0.0,1.5775,-0.2699999999999998,-0.5999999999999999,21,23,50.0,0.0,1.62,1.34,0.0,0.0,0.9866666666666667,1.62,0.28,1.62,4,0,0,3,-9.0,-3.0,True,False,False,False,False,False,False,True,-9.0,0,4.0,605.0,-0.187,0.293,1.4975,5.99,Sc2|Sn1|V1,False
Ta2CoAl,5,9,3.0,0.0,22.0,-4,2.0,6.0,1.5,1.88,1.61,0.0,1.6225,-0.3799999999999999,-0.1100000000000001,73,27,13.0,0.0,1.46,1.25,1.43,0.0,1.38,0.20999999999999996,0.20999999999999996,0.030000000000000027,4,1,0,3,-2.0,4.0,True,False,False,False,False,True,False,False,-2.0,0,4.0,352.0,-0.077,0.018,0.6925,2.77,Al1|Co1|Ta2,False
Ta2CoGa,5,9,3.0,0.0,22.0,-4,2.0,6.0,1.5,1.88,1.81,0.0,1.6724999999999999,-0.3799999999999999,-0.31000000000000005,73,27,31.0,0.0,1.46,1.25,1.35,0.0,1.3533333333333335,0.20999999999999996,0.20999999999999996,0.10999999999999988,4,1,0,3,-2.0,4.0,True,False,False,False,False,False,False,True,-2.0,0,4.0,540.0,-0.108,0.12,0.7275,2.91,Co1|Ga1|Ta2,False
Ta2CoGe,5,9,4.0,0.0,23.0,-4,1.0,5.0,1.5,1.88,2.01,0.0,1.7225,-0.3799999999999999,-0.5099999999999998,73,27,32.0,0.0,1.46,1.25,1.22,0.0,1.3099999999999998,0.24,0.20999999999999996,0.24,4,1,0,3,-1.0,5.0,True,False,False,False,False,True,False,False,-1.0,0,4.0,478.0,-0.123,0.06,0.6675,2.67,Co1|Ge1|Ta2,False
Ta2CoIn,5,9,3.0,0.0,22.0,-4,2.0,6.0,1.5,1.88,1.78,0.0,1.665,-0.3799999999999999,-0.28,73,27,49.0,0.0,1.46,1.25,1.67,0.0,1.46,0.41999999999999993,0.20999999999999996,-0.20999999999999996,4,1,0,3,-2.0,4.0,True,False,False,False,False,True,False,False,-2.0,0,4.0,451.0,-0.165,0.055,0.715,2.86,Co1|In1|Ta2,False
Ta2CoSi,5,9,4.0,0.0,23.0,-4,1.0,5.0,1.5,1.88,1.9,0.0,1.6949999999999998,-0.3799999999999999,-0.3999999999999999,73,27,14.0,0.0,1.46,1.25,1.11,0.0,1.2733333333333334,0.34999999999999987,0.20999999999999996,0.34999999999999987,4,1,0,3,-1.0,5.0,True,False,False,False,False,True,False,False,-1.0,0,4.0,430.0,-0.101,0.008,0.7775,3.11,Co1|Si1|Ta2,False
Ta2CoSn,5,9,4.0,0.0,23.0,-4,1.0,5.0,1.5,1.88,1.96,0.0,1.71,-0.3799999999999999,-0.45999999999999996,73,27,50.0,0.0,1.46,1.25,0.0,0.0,0.9033333333333333,1.46,0.20999999999999996,1.46,4,1,0,3,-1.0,5.0,True,False,False,False,False,True,False,False,-1.0,0,4.0,364.0,-0.111,0.041,0.615,2.46,Co1|Sn1|Ta2,False
Ta2CrAl,5,6,3.0,0.0,19.0,-1,2.0,3.0,1.5,1.66,1.61,0.0,1.5675000000000001,-0.15999999999999992,-0.1100000000000001,73,24,13.0,0.0,1.46,1.28,1.43,0.0,1.39,0.17999999999999994,0.17999999999999994,0.030000000000000027,4,1,0,3,-5.0,1.0,True,False,False,False,False,True,False,False,-5.0,0,4.0,431.0,-0.121,0.033,0.5525,2.21,Al1|Cr1|Ta2,False
Ta2CrGa,5,6,3.0,0.0,19.0,-1,2.0,3.0,1.5,1.66,1.81,0.0,1.6175000000000002,-0.15999999999999992,-0.31000000000000005,73,24,31.0,0.0,1.46,1.28,1.35,0.0,1.3633333333333333,0.17999999999999994,0.17999999999999994,0.10999999999999988,4,1,0,3,-5.0,1.0,True,False,False,False,False,False,False,True,-5.0,0,4.0,478.0,-0.096,0.058,0.6125,2.45,Cr1|Ga1|Ta2,False
Ta2CrGe,5,6,4.0,0.0,20.0,-1,1.0,2.0,1.5,1.66,2.01,0.0,1.6675,-0.15999999999999992,-0.5099999999999998,73,24,32.0,0.0,1.46,1.28,1.22,0.0,1.32,0.24,0.17999999999999994,0.24,4,1,0,3,-4.0,2.0,True,False,False,False,False,True,False,False,-4.0,0,4.0,491.0,-0.12,0.135,0.62,2.48,Cr1|Ge1|Ta2,False
Ta2CrSi,5,6,4.0,0.0,20.0,-1,1.0,2.0,1.5,1.66,1.9,0.0,1.6400000000000001,-0.15999999999999992,-0.3999999999999999,73,24,14.0,0.0,1.46,1.28,1.11,0.0,1.2833333333333334,0.34999999999999987,0.17999999999999994,0.34999999999999987,4,1,0,3,-4.0,2.0,True,False,False,False,False,True,False,False,-4.0,0,4.0,465.0,-0.08,0.119,0.6025,2.41,Cr1|Si1|Ta2,True
Ta2FeAl,5,8,3.0,0.0,21.0,-3,2.0,5.0,1.5,1.83,1.61,0.0,1.61,-0.33000000000000007,-0.1100000000000001,73,26,13.0,0.0,1.46,1.26,1.43,0.0,1.383333333333333,0.19999999999999996,0.19999999999999996,0.030000000000000027,4,1,0,3,-3.0,3.0,True,False,False,False,False,True,False,False,-3.0,0,4.0,520.0,-0.133,0.032,0.7875,3.15,Al1|Fe1|Ta2,False
Ta2FeGa,5,8,3.0,0.0,21.0,-3,2.0,5.0,1.5,1.83,1.81,0.0,1.6600000000000001,-0.33000000000000007,-0.31000000000000005,73,26,31.0,0.0,1.46,1.26,1.35,0.0,1.3566666666666667,0.19999999999999996,0.19999999999999996,0.10999999999999988,4,1,0,3,-3.0,3.0,True,False,False,False,False,True,False,False,-3.0,0,4.0,545.0,-0.099,0.001,0.775,3.1,Fe1|Ga1|Ta2,False
Ta2FeGe,5,8,4.0,0.0,22.0,-3,1.0,4.0,1.5,1.83,2.01,0.0,1.71,-0.33000000000000007,-0.5099999999999998,73,26,32.0,0.0,1.46,1.26,1.22,0.0,1.3133333333333332,0.24,0.19999999999999996,0.24,4,1,0,3,-2.0,4.0,True,False,False,False,False,True,False,False,-2.0,0,4.0,527.0,-0.108,0.052,0.7875,3.15,Fe1|Ge1|Ta2,True
Ta2FeIn,5,8,3.0,0.0,21.0,-3,2.0,5.0,1.5,1.83,1.78,0.0,1.6525,-0.33000000000000007,-0.28,73,26,49.0,0.0,1.46,1.26,1.67,0.0,1.4633333333333332,0.4099999999999999,0.19999999999999996,-0.20999999999999996,4,1,0,3,-3.0,3.0,True,False,False,False,False,True,False,False,-3.0,0,4.0,473.0,-0.104,0.026,0.8225,3.29,Fe1|In1|Ta2,False
Ta2FeSi,5,8,4.0,0.0,22.0,-3,1.0,4.0,1.5,1.83,1.9,0.0,1.6825,-0.33000000000000007,-0.3999999999999999,73,26,14.0,0.0,1.46,1.26,1.11,0.0,1.2766666666666666,0.34999999999999987,0.19999999999999996,0.34999999999999987,4,1,0,3,-2.0,4.0,True,False,False,False,False,True,False,False,-2.0,0,4.0,471.0,-0.09,0.049,0.7975,3.19,Fe1|Si1|Ta2,False
Ta2FeSn,5,8,4.0,0.0,22.0,-3,1.0,4.0,1.5,1.83,1.96,0.0,1.6975,-0.33000000000000007,-0.45999999999999996,73,26,50.0,0.0,1.46,1.26,0.0,0.0,0.9066666666666666,1.46,0.19999999999999996,1.46,4,1,0,3,-2.0,4.0,True,False,False,False,False,True,False,False,-2.0,0,4.0,520.0,-0.118,0.011,0.835,3.34,Fe1|Sn1|Ta2,False
Ta2MnAl,5,7,3.0,0.0,20.0,-2,2.0,4.0,1.5,1.55,1.61,0.0,1.54,-0.050000000000000044,-0.1100000000000001,73,25,13.0,0.0,1.46,1.27,1.43,0.0,1.3866666666666667,0.18999999999999995,0.18999999999999995,0.030000000000000027,4,1,0,3,-4.0,2.0,True,False,False,False,False,True,False,False,-4.0,0,4.0,488.0,-0.087,0.03,0.87,3.48,Al1|Mn1|Ta2,True
Ta2MnGa,5,7,3.0,0.0,20.0,-2,2.0,4.0,1.5,1.55,1.81,0.0,1.5899999999999999,-0.050000000000000044,-0.31000000000000005,73,25,31.0,0.0,1.46,1.27,1.35,0.0,1.36,0.18999999999999995,0.18999999999999995,0.10999999999999988,4,1,0,3,-4.0,2.0,True,False,False,False,False,True,False,False,-4.0,0,4.0,621.0,-0.099,0.091,0.95,3.8,Ga1|Mn1|Ta2,False
Ta2MnGe,5,7,4.0,0.0,21.0,-2,1.0,3.0,1.5,1.55,2.01,0.0,1.64,-0.050000000000000044,-0.5099999999999998,73,25,32.0,0.0,1.46,1.27,1.22,0.0,1.3166666666666667,0.24,0.18999999999999995,0.24,4,1,0,3,-3.0,3.0,True,False,False,False,False,True,False,False,-3.0,0,4.0,606.0,-0.122,0.081,0.95,3.8,Ge1|Mn1|Ta2,False
Ta2MnIn,5,7,3.0,0.0,20.0,-2,2.0,4.0,1.5,1.55,1.78,0.0,1.5825,-0.050000000000000044,-0.28,73,25,49.0,0.0,1.46,1.27,1.67,0.0,1.4666666666666668,0.3999999999999999,0.18999999999999995,-0.20999999999999996,4,1,0,3,-4.0,2.0,True,False,False,False,False,True,False,False,-4.0,0,4.0,584.0,-0.102,0.121,0.94,3.76,In1|Mn1|Ta2,False
Ta2MnSi,5,7,4.0,0.0,21.0,-2,1.0,3.0,1.5,1.55,1.9,0.0,1.6124999999999998,-0.050000000000000044,-0.3999999999999999,73,25,14.0,0.0,1.46,1.27,1.11,0.0,1.28,0.34999999999999987,0.18999999999999995,0.34999999999999987,4,1,0,3,-3.0,3.0,True,False,False,False,False,True,False,False,-3.0,0,4.0,608.0,-0.085,0.057,0.94,3.76,Mn1|Si1|Ta2,True
Ta2MnSn,5,7,4.0,0.0,21.0,-2,1.0,3.0,1.5,1.55,1.96,0.0,1.6275,-0.050000000000000044,-0.45999999999999996,73,25,50.0,0.0,1.46,1.27,0.0,0.0,0.91,1.46,0.18999999999999995,1.46,4,1,0,3,-3.0,3.0,True,False,False,False,False,True,False,False,-3.0,0,4.0,568.0,-0.095,0.191,0.9375,3.75,Mn1|Sn1|Ta2,False
Ta2NiAl,5,10,3.0,0.0,23.0,-5,2.0,7.0,1.5,1.91,1.61,0.0,1.6300000000000001,-0.4099999999999999,-0.1100000000000001,73,28,13.0,0.0,1.46,1.24,1.43,0.0,1.3766666666666667,0.21999999999999997,0.21999999999999997,0.030000000000000027,4,1,0,3,-1.0,5.0,True,False,False,False,False,False,False,True,-1.0,0,4.0,316.0,-0.074,0.053,0.4425,1.77,Al1|Ni1|Ta2,False
Ta2NiGa,5,10,3.0,0.0,23.0,-5,2.0,7.0,1.5,1.91,1.81,0.0,1.6800000000000002,-0.4099999999999999,-0.31000000000000005,73,28,31.0,0.0,1.46,1.24,1.35,0.0,1.3500000000000003,0.21999999999999997,0.21999999999999997,0.10999999999999988,4,1,0,3,-1.0,5.0,True,False,False,False,False,True,False,False,-1.0,0,4.0,345.0,-0.077,0.143,0.42,1.68,Ga1|Ni1|Ta2,False
Ta2NiGe,5,10,4.0,0.0,24.0,-5,1.0,6.0,1.5,1.91,2.01,0.0,1.73,-0.4099999999999999,-0.5099999999999998,73,28,32.0,0.0,1.46,1.24,1.22,0.0,1.3066666666666666,0.24,0.21999999999999997,0.24,4,1,0,3,0.0,6.0,True,False,False,False,False,False,False,True,0.0,0,4.0,331.0,-0.095,0.019,0.3375,1.35,Ge1|Ni1|Ta2,False
Ta2NiIn,5,10,3.0,0.0,23.0,-5,2.0,7.0,1.5,1.91,1.78,0.0,1.6725,-0.4099999999999999,-0.28,73,28,49.0,0.0,1.46,1.24,1.67,0.0,1.4566666666666668,0.42999999999999994,0.21999999999999997,-0.20999999999999996,4,1,0,3,-1.0,5.0,True,False,False,False,False,False,False,True,-1.0,0,4.0,415.0,-0.061,0.081,0.3475,1.39,In1|Ni1|Ta2,False
Ta2NiSi,5,10,4.0,0.0,24.0,-5,1.0,6.0,1.5,1.91,1.9,0.0,1.7025000000000001,-0.4099999999999999,-0.3999999999999999,73,28,14.0,0.0,1.46,1.24,1.11,0.0,1.2700000000000002,0.34999999999999987,0.21999999999999997,0.34999999999999987,4,1,0,3,0.0,6.0,True,False,False,False,False,False,False,True,0.0,0,4.0,354.0,-0.057,0.07,0.3775,1.51,Ni1|Si1|Ta2,False
Ta2NiSn,5,10,4.0,0.0,24.0,-5,1.0,6.0,1.5,1.91,1.96,0.0,1.7175,-0.4099999999999999,-0.45999999999999996,73,28,50.0,0.0,1.46,1.24,0.0,0.0,0.9,1.46,0.21999999999999997,1.46,4,1,0,3,0.0,6.0,True,False,False,False,False,False,False,True,0.0,0,4.0,384.0,-0.071,0.06,0.3575,1.43,Ni1|Sn1|Ta2,False
Ta2TiAl,5,4,3.0,0.0,17.0,1,2.0,1.0,1.5,1.54,1.61,0.0,1.5375,-0.040000000000000036,-0.1100000000000001,73,22,13.0,0.0,1.46,1.47,1.43,0.0,1.4533333333333331,0.040000000000000036,-0.010000000000000009,0.030000000000000027,4,0,0,3,-7.0,-1.0,True,False,False,False,False,True,False,False,-7.0,0,4.0,313.0,-0.071,0.088,0.1525,0.61,Al1|Ta2|Ti1,False
Ta2TiGa,5,4,3.0,0.0,17.0,1,2.0,1.0,1.5,1.54,1.81,0.0,1.5875,-0.040000000000000036,-0.31000000000000005,73,22,31.0,0.0,1.46,1.47,1.35,0.0,1.4266666666666665,0.11999999999999988,-0.010000000000000009,0.10999999999999988,4,0,0,3,-7.0,-1.0,True,False,False,False,False,False,False,True,-7.0,0,4.0,275.0,-0.102,0.117,0.2225,0.89,Ga1|Ta2|Ti1,False
Ta2TiGe,5,4,4.0,0.0,18.0,1,1.0,0.0,1.5,1.54,2.01,0.0,1.6375,-0.040000000000000036,-0.5099999999999998,73,22,32.0,0.0,1.46,1.47,1.22,0.0,1.383333333333333,0.25,-0.010000000000000009,0.24,4,0,0,3,-6.0,0.0,True,False,False,False,False,True,False,False,-6.0,0,4.0,185.0,-0.098,0.162,0.2225,0.89,Ge1|Ta2|Ti1,False
Ta2TiSi,5,4,4.0,0.0,18.0,1,1.0,0.0,1.5,1.54,1.9,0.0,1.6099999999999999,-0.040000000000000036,-0.3999999999999999,73,22,14.0,0.0,1.46,1.47,1.11,0.0,1.3466666666666667,0.3599999999999999,-0.010000000000000009,0.34999999999999987,4,0,0,3,-6.0,0.0,True,False,False,False,False,True,False,False,-6.0,0,4.0,341.0,-0.099,0.094,0.265,1.06,Si1|Ta2|Ti1,False
Ta2VAl,5,5,3.0,0.0,18.0,0,2.0,2.0,1.5,1.63,1.61,0.0,1.56,-0.1299999999999999,-0.1100000000000001,73,23,13.0,0.0,1.46,1.34,1.43,0.0,1.41,0.11999999999999988,0.11999999999999988,0.030000000000000027,4,0,0,3,-6.0,0.0,True,False,False,False,False,True,False,False,-6.0,0,4.0,359.0,-0.082,0.125,0.2225,0.89,Al1|Ta2|V1,False
Ta2VGa,5,5,3.0,0.0,18.0,0,2.0,2.0,1.5,1.63,1.81,0.0,1.6099999999999999,-0.1299999999999999,-0.31000000000000005,73,23,31.0,0.0,1.46,1.34,1.35,0.0,1.3833333333333335,0.11999999999999988,0.11999999999999988,0.10999999999999988,4,0,0,3,-6.0,0.0,True,False,False,False,False,True,False,False,-6.0,0,4.0,237.0,-0.113,0.093,0.215,0.86,Ga1|Ta2|V1,False
Ta2VGe,5,5,4.0,0.0,19.0,0,1.0,1.0,1.5,1.63,2.01,0.0,1.66,-0.1299999999999999,-0.5099999999999998,73,23,32.0,0.0,1.46,1.34,1.22,0.0,1.3399999999999999,0.24,0.11999999999999988,0.24,4,0,0,3,-5.0,1.0,True,False,False,False,False,True,False,False,-5.0,0,4.0,372.0,-0.055,0.114,0.2725,1.09,Ge1|Ta2|V1,False
Ta2VSi,5,5,4.0,0.0,19.0,0,1.0,1.0,1.5,1.63,1.9,0.0,1.6324999999999998,-0.1299999999999999,-0.3999999999999999,73,23,14.0,0.0,1.46,1.34,1.11,0.0,1.3033333333333335,0.34999999999999987,0.11999999999999988,0.34999999999999987,4,0,0,3,-5.0,1.0,True,False,False,False,False,True,False,False,-5.0,0,4.0,322.0,-0.046,0.051,0.285,1.14,Si1|Ta2|V1,False
Tc2CoAl,7,9,3.0,0.0,26.0,-2,4.0,6.0,1.9,1.88,1.61,0.0,1.8225,0.020000000000000018,0.2899999999999998,43,27,13.0,0.0,1.36,1.25,1.43,0.0,1.3466666666666667,0.17999999999999994,0.1100000000000001,-0.06999999999999984,4,1,0,3,2.0,8.0,True,False,False,False,False,False,False,True,2.0,0,4.0,451.0,-0.097,0.195,0.6975,2.79,Al1|Co1|Tc2,False
Tc2CoGa,7,9,3.0,0.0,26.0,-2,4.0,6.0,1.9,1.88,1.81,0.0,1.8725,0.020000000000000018,0.08999999999999986,43,27,31.0,0.0,1.36,1.25,1.35,0.0,1.32,0.1100000000000001,0.1100000000000001,0.010000000000000009,4,1,0,3,2.0,8.0,True,False,False,False,False,True,False,False,2.0,0,4.0,462.0,-0.094,0.088,0.6875,2.75,Co1|Ga1|Tc2,False
Tc2CoGe,7,9,4.0,0.0,27.0,-2,3.0,5.0,1.9,1.88,2.01,0.0,1.9224999999999999,0.020000000000000018,-0.10999999999999988,43,27,32.0,0.0,1.36,1.25,1.22,0.0,1.2766666666666666,0.14000000000000012,0.1100000000000001,0.14000000000000012,4,1,0,3,3.0,9.0,True,False,False,False,False,True,False,False,3.0,0,4.0,476.0,-0.084,0.088,0.65,2.6,Co1|Ge1|Tc2,False
Tc2CoIn,7,9,3.0,0.0,26.0,-2,4.0,6.0,1.9,1.88,1.78,0.0,1.865,0.020000000000000018,0.11999999999999988,43,27,49.0,0.0,1.36,1.25,1.67,0.0,1.4266666666666667,0.41999999999999993,0.1100000000000001,-0.30999999999999983,4,1,0,3,2.0,8.0,True,False,False,False,False,True,False,False,2.0,0,4.0,448.0,-0.055,0.112,0.68,2.72,Co1|In1|Tc2,False
Tc2CoSi,7,9,4.0,0.0,27.0,-2,3.0,5.0,1.9,1.88,1.9,0.0,1.895,0.020000000000000018,0.0,43,27,14.0,0.0,1.36,1.25,1.11,0.0,1.2400000000000002,0.25,0.1100000000000001,0.25,4,1,0,3,3.0,9.0,True,False,False,False,False,False,False,True,3.0,0,4.0,425.0,-0.077,0.001,0.7425,2.97,Co1|Si1|Tc2,False
Tc2CoSn,7,9,4.0,0.0,27.0,-2,3.0,5.0,1.9,1.88,1.96,0.0,1.91,0.020000000000000018,-0.06000000000000005,43,27,50.0,0.0,1.36,1.25,0.0,0.0,0.8700000000000001,1.36,0.1100000000000001,1.36,4,1,0,3,3.0,9.0,True,False,False,False,False,True,False,False,3.0,0,4.0,520.0,-0.085,0.138,0.74,2.96,Co1|Sn1|Tc2,True
Tc2CrAl,7,6,3.0,0.0,23.0,1,4.0,3.0,1.9,1.66,1.61,0.0,1.7675,0.24,0.2899999999999998,43,24,13.0,0.0,1.36,1.28,1.43,0.0,1.3566666666666667,0.1499999999999999,0.08000000000000007,-0.06999999999999984,4,1,0,3,-1.0,5.0,True,False,False,False,False,True,False,False,-1.0,0,4.0,499.0,-0.105,0.078,0.65,2.6,Al1|Cr1|Tc2,False
Tc2CrGa,7,6,3.0,0.0,23.0,1,4.0,3.0,1.9,1.66,1.81,0.0,1.8175,0.24,0.08999999999999986,43,24,31.0,0.0,1.36,1.28,1.35,0.0,1.33,0.08000000000000007,0.08000000000000007,0.010000000000000009,4,1,0,3,-1.0,5.0,True,False,False,False,False,False,False,True,-1.0,0,4.0,508.0,-0.059,0.009,0.6275,2.51,Cr1|Ga1|Tc2,False
Tc2CrGe,7,6,4.0,0.0,24.0,1,3.0,2.0,1.9,1.66,2.01,0.0,1.8675,0.24,-0.10999999999999988,43,24,32.0,0.0,1.36,1.28,1.22,0.0,1.2866666666666668,0.14000000000000012,0.08000000000000007,0.14000000000000012,4,1,0,3,0.0,6.0,True,False,False,False,False,False,False,True,0.0,0,4.0,431.0,-0.129,0.116,0.665,2.66,Cr1|Ge1|Tc2,True
Tc2CrSi,7,6,4.0,0.0,24.0,1,3.0,2.0,1.9,1.66,1.9,0.0,1.8399999999999999,0.24,0.0,43,24,14.0,0.0,1.36,1.28,1.11,0.0,1.25,0.25,0.08000000000000007,0.25,4,1,0,3,0.0,6.0,True,False,False,False,False,False,False,True,0.0,0,4.0,418.0,-0.114,0.051,0.67,2.68,Cr1|Si1|Tc2,False
Tc2FeAl,7,8,3.0,0.0,25.0,-1,4.0,5.0,1.9,1.83,1.61,0.0,1.81,0.06999999999999984,0.2899999999999998,43,26,13.0,0.0,1.36,1.26,1.43,0.0,1.3499999999999999,0.16999999999999993,0.10000000000000009,-0.06999999999999984,4,1,0,3,1.0,7.0,True,False,False,False,False,True,False,False,1.0,0,4.0,529.0,-0.124,0.098,0.735,2.94,Al1|Fe1|Tc2,False
Tc2FeGa,7,8,3.0,0.0,25.0,-1,4.0,5.0,1.9,1.83,1.81,0.0,1.8599999999999999,0.06999999999999984,0.08999999999999986,43,26,31.0,0.0,1.36,1.26,1.35,0.0,1.3233333333333335,0.10000000000000009,0.10000000000000009,0.010000000000000009,4,1,0,3,1.0,7.0,True,False,False,False,False,True,False,False,1.0,0,4.0,496.0,-0.087,0.153,0.86,3.44,Fe1|Ga1|Tc2,False
Tc2FeGe,7,8,4.0,0.0,26.0,-1,3.0,4.0,1.9,1.83,2.01,0.0,1.91,0.06999999999999984,-0.10999999999999988,43,26,32.0,0.0,1.36,1.26,1.22,0.0,1.28,0.14000000000000012,0.10000000000000009,0.14000000000000012,4,1,0,3,2.0,8.0,True,False,False,False,False,True,False,False,2.0,0,4.0,473.0,-0.134,0.036,0.84,3.36,Fe1|Ge1|Tc2,False
Tc2FeIn,7,8,3.0,0.0,25.0,-1,4.0,5.0,1.9,1.83,1.78,0.0,1.8525,0.06999999999999984,0.11999999999999988,43,26,49.0,0.0,1.36,1.26,1.67,0.0,1.43,0.4099999999999999,0.10000000000000009,-0.30999999999999983,4,1,0,3,1.0,7.0,True,False,False,False,False,False,False,True,1.0,0,4.0,427.0,-0.132,0.052,0.8,3.2,Fe1|In1|Tc2,False
Tc2FeSi,7,8,4.0,0.0,26.0,-1,3.0,4.0,1.9,1.83,1.9,0.0,1.8824999999999998,0.06999999999999984,0.0,43,26,14.0,0.0,1.36,1.26,1.11,0.0,1.2433333333333334,0.25,0.10000000000000009,0.25,4,1,0,3,2.0,8.0,True,False,False,False,False,True,False,False,2.0,0,4.0,502.0,-0.095,0.015,0.8225,3.29,Fe1|Si1|Tc2,False
Tc2FeSn,7,8,4.0,0.0,26.0,-1,3.0,4.0,1.9,1.83,1.96,0.0,1.8975,0.06999999999999984,-0.06000000000000005,43,26,50.0,0.0,1.36,1.26,0.0,0.0,0.8733333333333334,1.36,0.10000000000000009,1.36,4,1,0,3,2.0,8.0,True,False,False,False,False,False,False,True,2.0,0,4.0,624.0,-0.108,0.084,0.8075,3.23,Fe1|Sn1|Tc2,False
Tc2MnAl,7,7,3.0,0.0,24.0,0,4.0,4.0,1.9,1.55,1.61,0.0,1.74,0.34999999999999987,0.2899999999999998,43,25,13.0,0.0,1.36,1.27,1.43,0.0,1.3533333333333333,0.15999999999999992,0.09000000000000008,-0.06999999999999984,4,1,0,3,0.0,6.0,True,False,False,False,False,False,False,True,0.0,0,4.0,561.0,-0.071,0.031,0.9725,3.89,Al1|Mn1|Tc2,False
Tc2MnGa,7,7,3.0,0.0,24.0,0,4.0,4.0,1.9,1.55,1.81,0.0,1.79,0.34999999999999987,0.08999999999999986,43,25,31.0,0.0,1.36,1.27,1.35,0.0,1.3266666666666667,0.09000000000000008,0.09000000000000008,0.010000000000000009,4,1,0,3,0.0,6.0,True,False,False,False,False,True,False,False,0.0,0,4.0,496.0,-0.056,0.024,0.92,3.68,Ga1|Mn1|Tc2,False
Tc2MnGe,7,7,4.0,0.0,25.0,0,3.0,3.0,1.9,1.55,2.01,0.0,1.8399999999999999,0.34999999999999987,-0.10999999999999988,43,25,32.0,0.0,1.36,1.27,1.22,0.0,1.2833333333333332,0.14000000000000012,0.09000000000000008,0.14000000000000012,4,1,0,3,1.0,7.0,True,False,False,False,False,True,False,False,1.0,0,4.0,561.0,-0.101,0.094,0.885,3.54,Ge1|Mn1|Tc2,False
Tc2MnIn,7,7,3.0,0.0,24.0,0,4.0,4.0,1.9,1.55,1.78,0.0,1.7825,0.34999999999999987,0.11999999999999988,43,25,49.0,0.0,1.36,1.27,1.67,0.0,1.4333333333333333,0.3999999999999999,0.09000000000000008,-0.30999999999999983,4,1,0,3,0.0,6.0,True,False,False,False,False,True,False,False,0.0,0,4.0,502.0,-0.085,0.022,1.015,4.06,In1|Mn1|Tc2,False
Tc2MnSi,7,7,4.0,0.0,25.0,0,3.0,3.0,1.9,1.55,1.9,0.0,1.8125,0.34999999999999987,0.0,43,25,14.0,0.0,1.36,1.27,1.11,0.0,1.2466666666666668,0.25,0.09000000000000008,0.25,4,1,0,3,1.0,7.0,True,False,False,False,False,True,False,False,1.0,0,4.0,492.0,-0.114,0.124,0.95,3.8,Mn1|Si1|Tc2,False
Tc2MnSn,7,7,4.0,0.0,25.0,0,3.0,3.0,1.9,1.55,1.96,0.0,1.8275,0.34999999999999987,-0.06000000000000005,43,25,50.0,0.0,1.36,1.27,0.0,0.0,0.8766666666666666,1.36,0.09000000000000008,1.36,4,1,0,3,1.0,7.0,True,False,False,False,False,False,False,True,1.0,0,4.0,548.0,-0.11,0.022,0.955,3.82,Mn1|Sn1|Tc2,False
Tc2NiAl,7,10,3.0,0.0,27.0,-3,4.0,7.0,1.9,1.91,1.61,0.0,1.83,-0.010000000000000009,0.2899999999999998,43,28,13.0,0.0,1.36,1.24,1.43,0.0,1.3433333333333335,0.18999999999999995,0.1200000000000001,-0.06999999999999984,4,1,0,3,3.0,9.0,True,False,False,False,False,False,False,True,3.0,0,4.0,346.0,-0.142,0.099,0.3825,1.53,Al1|Ni1|Tc2,False
Tc2NiGa,7,10,3.0,0.0,27.0,-3,4.0,7.0,1.9,1.91,1.81,0.0,1.88,-0.010000000000000009,0.08999999999999986,43,28,31.0,0.0,1.36,1.24,1.35,0.0,1.3166666666666667,0.1200000000000001,0.1200000000000001,0.010000000000000009,4,1,0,3,3.0,9.0,True,False,False,False,False,True,False,False,3.0,0,4.0,390.0,-0.097,0.1,0.3675,1.47,Ga1|Ni1|Tc2,True
Tc2NiGe,7,10,4.0,0.0,28.0,-3,3.0,6.0,1.9,1.91,2.01,0.0,1.93,-0.010000000000000009,-0.10999999999999988,43,28,32.0,0.0,1.36,1.24,1.22,0.0,1.2733333333333334,0.14000000000000012,0.1200000000000001,0.14000000000000012,4,1,0,3,4.0,10.0,True,False,False,False,False,False,False,True,4.0,0,4.0,340.0,-0.111,0.145,0.3825,1.53,Ge1|Ni1|Tc2,True
Tc2NiIn,7,10,3.0,0.0,27.0,-3,4.0,7.0,1.9,1.91,1.78,0.0,1.8725,-0.010000000000000009,0.11999999999999988,43,28,49.0,0.0,1.36,1.24,1.67,0.0,1.4233333333333331,0.42999999999999994,0.1200000000000001,-0.30999999999999983,4,1,0,3,3.0,9.0,True,False,False,False,False,False,False,True,3.0,0,4.0,348.0,-0.083,0.081,0.375,1.5,In1|Ni1|Tc2,False
Tc2NiSi,7,10,4.0,0.0,28.0,-3,3.0,6.0,1.9,1.91,1.9,0.0,1.9024999999999999,-0.010000000000000009,0.0,43,28,14.0,0.0,1.36,1.24,1.11,0.0,1.2366666666666666,0.25,0.1200000000000001,0.25,4,1,0,3,4.0,10.0,True,False,False,False,False,True,False,False,4.0,0,4.0,279.0,-0.087,0.033,0.4225,1.69,Ni1|Si1|Tc2,False
Tc2NiSn,7,10,4.0,0.0,28.0,-3,3.0,6.0,1.9,1.91,1.96,0.0,1.9175,-0.010000000000000009,-0.06000000000000005,43,28,50.0,0.0,1.36,1.24,0.0,0.0,0.8666666666666667,1.36,0.1200000000000001,1.36,4,1,0,3,4.0,10.0,True,False,False,False,False,False,False,True,4.0,0,4.0,393.0,-0.093,0.019,0.3975,1.59,Ni1|Sn1|Tc2,False
Tc2TiAl,7,4,3.0,0.0,21.0,3,4.0,1.0,1.9,1.54,1.61,0.0,1.7375,0.3599999999999999,0.2899999999999998,43,22,13.0,0.0,1.36,1.47,1.43,0.0,1.42,0.10999999999999988,-0.10999999999999988,-0.06999999999999984,4,0,0,3,-3.0,3.0,True,False,False,False,False,True,False,False,-3.0,0,4.0,252.0,-0.084,0.089,0.1425,0.57,Al1|Tc2|Ti1,False
Tc2TiGa,7,4,3.0,0.0,21.0,3,4.0,1.0,1.9,1.54,1.81,0.0,1.7875,0.3599999999999999,0.08999999999999986,43,22,31.0,0.0,1.36,1.47,1.35,0.0,1.3933333333333333,0.11999999999999988,-0.10999999999999988,0.010000000000000009,4,0,0,3,-3.0,3.0,True,False,False,False,False,False,False,True,-3.0,0,4.0,237.0,-0.096,0.064,0.2225,0.89,Ga1|Tc2|Ti1,False
Tc2TiGe,7,4,4.0,0.0,22.0,3,3.0,0.0,1.9,1.54,2.01,0.0,1.8375,0.3599999999999999,-0.10999999999999988,43,22,32.0,0.0,1.36,1.47,1.22,0.0,1.3499999999999999,0.25,-0.10999999999999988,0.14000000000000012,4,0,0,3,-2.0,4.0,True,False,False,False,False,True,False,False,-2.0,0,4.0,192.0,-0.131,0.12,0.165,0.66,Ge1|Tc2|Ti1,False
Tc2TiSi,7,4,4.0,0.0,22.0,3,3.0,0.0,1.9,1.54,1.9,0.0,1.81,0.3599999999999999,0.0,43,22,14.0,0.0,1.36,1.47,1.11,0.0,1.3133333333333335,0.3599999999999999,-0.10999999999999988,0.25,4,0,0,3,-2.0,4.0,True,False,False,False,False,False,False,True,-2.0,0,4.0,294.0,-0.092,0.11,0.275,1.1,Si1|Tc2|Ti1,False
Tc2VAl,7,5,3.0,0.0,22.0,2,4.0,2.0,1.9,1.63,1.61,0.0,1.76,0.27,0.2899999999999998,43,23,13.0,0.0,1.36,1.34,1.43,0.0,1.3766666666666667,0.08999999999999986,0.020000000000000018,-0.06999999999999984,4,0,0,3,-2.0,4.0,True,False,False,False,False,True,False,False,-2.0,0,4.0,304.0,-0.073,0.057,0.3025,1.21,Al1|Tc2|V1,False
Tc2VGa,7,5,3.0,0.0,22.0,2,4.0,2.0,1.9,1.63,1.81,0.0,1.81,0.27,0.08999999999999986,43,23,31.0,0.0,1.36,1.34,1.35,0.0,1.3500000000000003,0.020000000000000018,0.020000000000000018,0.010000000000000009,4,0,0,3,-2.0,4.0,True,False,False,False,False,True,False,False,-2.0,0,4.0,345.0,-0.092,0.004,0.185,0.74,Ga1|Tc2|V1,False
Tc2VGe,7,5,4.0,0.0,23.0,2,3.0,1.0,1.9,1.63,2.01,0.0,1.8599999999999999,0.27,-0.10999999999999988,43,23,32.0,0.0,1.36,1.34,1.22,0.0,1.3066666666666666,0.14000000000000012,0.020000000000000018,0.14000000000000012,4,0,0,3,-1.0,5.0,True,False,False,False,False,True,False,False,-1.0,0,4.0,203.0,-0.13,0.032,0.275,1.1,Ge1|Tc2|V1,False
Tc2VSi,7,5,4.0,0.0,23.0,2,3.0,1.0,1.9,1.63,1.9,0.0,1.8325,0.27,0.0,43,23,14.0,0.0,1.36,1.34,1.11,0.0,1.2700000000000002,0.25,0.020000000000000018,0.25,4,0,0,3,-1.0,5.0,True,False,False,False,False,False,False,True,-1.0,0,4.0,278.0,-0.107,0.019,0.215,0.86,Si1|Tc2|V1,False
V2CoAs,5,9,5.0,0.0,24.0,-4,0.0,4.0,1.63,1.88,2.18,0.0,1.83,-0.25,-0.5500000000000003,23,27,33.0,0.0,1.34,1.25,1.19,0.0,1.26,0.15000000000000013,0.09000000000000008,0.15000000000000013,4,1,0,3,0.0,6.0,True,False,False,False,False,True,False,False,0.0,0,4.0,578.0,-0.09,0.068,0.6975,2.79,As1|Co1|V2,False
V2CoSb,5,9,5.0,0.0,24.0,-4,0.0,4.0,1.63,1.88,2.05,0.0,1.7974999999999999,-0.25,-0.41999999999999993,23,27,51.0,0.0,1.34,1.25,1.59,0.0,1.3933333333333333,0.3400000000000001,0.09000000000000008,-0.25,4,1,0,3,0.0,6.0,True,False,False,False,False,True,False,False,0.0,0,4.0,467.0,-0.102,0.122,0.705,2.82,Co1|Sb1|V2,False
V2CoSn,5,9,4.0,0.0,23.0,-4,1.0,5.0,1.63,1.88,1.96,0.0,1.775,-0.25,-0.33000000000000007,23,27,50.0,0.0,1.34,1.25,0.0,0.0,0.8633333333333333,1.34,0.09000000000000008,1.34,4,1,0,3,-1.0,5.0,True,False,False,False,False,False,False,True,-1.0,0,4.0,472.0,-0.149,0.039,0.72,2.88,Co1|Sn1|V2,False
V2CrAs,5,6,5.0,0.0,21.0,-1,0.0,1.0,1.63,1.66,2.18,0.0,1.775,-0.030000000000000027,-0.5500000000000003,23,24,33.0,0.0,1.34,1.28,1.19,0.0,1.27,0.15000000000000013,0.06000000000000005,0.15000000000000013,4,1,0,3,-3.0,3.0,True,False,False,False,False,True,False,False,-3.0,0,4.0,545.0,-0.103,0.107,0.635,2.54,As1|Cr1|V2,False
V2CrSb,5,6,5.0,0.0,21.0,-1,0.0,1.0,1.63,1.66,2.05,0.0,1.7425,-0.030000000000000027,-0.41999999999999993,23,24,51.0,0.0,1.34,1.28,1.59,0.0,1.4033333333333333,0.31000000000000005,0.06000000000000005,-0.25,4,1,0,3,-3.0,3.0,True,False,False,False,False,False,False,True,-3.0,0,4.0,460.0,-0.103,0.055,0.6575,2.63,Cr1|Sb1|V2,False
V2CrSn,5,6,4.0,0.0,20.0,-1,1.0,2.0,1.63,1.66,1.96,0.0,1.72,-0.030000000000000027,-0.33000000000000007,23,24,50.0,0.0,1.34,1.28,0.0,0.0,0.8733333333333334,1.34,0.06000000000000005,1.34,4,1,0,3,-4.0,2.0,True,False,False,False,False,True,False,False,-4.0,0,4.0,454.0,-0.099,0.105,0.6125,2.45,Cr1|Sn1|V2,False
V2FeAs,5,8,5.0,0.0,23.0,-3,0.0,3.0,1.63,1.83,2.18,0.0,1.8175,-0.20000000000000018,-0.5500000000000003,23,26,33.0,0.0,1.34,1.26,1.19,0.0,1.2633333333333334,0.15000000000000013,0.08000000000000007,0.15000000000000013,4,1,0,3,-1.0,5.0,True,False,False,False,False,True,False,False,-1.0,0,4.0,548.0,-0.114,0.066,0.81,3.24,As1|Fe1|V2,False
V2FeSb,5,8,5.0,0.0,23.0,-3,0.0,3.0,1.63,1.83,2.05,0.0,1.785,-0.20000000000000018,-0.41999999999999993,23,26,51.0,0.0,1.34,1.26,1.59,0.0,1.3966666666666667,0.33000000000000007,0.08000000000000007,-0.25,4,1,0,3,-1.0,5.0,True,False,False,False,False,False,False,True,-1.0,0,4.0,458.0,-0.152,0.003,0.7875,3.15,Fe1|Sb1|V2,False
V2FeSn,5,8,4.0,0.0,22.0,-3,1.0,4.0,1.63,1.83,1.96,0.0,1.7625,-0.20000000000000018,-0.33000000000000007,23,26,50.0,0.0,1.34,1.26,0.0,0.0,0.8666666666666667,1.34,0.08000000000000007,1.34,4,1,0,3,-2.0,4.0,True,False,False,False,False,True,False,False,-2.0,0,4.0,477.0,-0.098,0.124,0.7825,3.13,Fe1|Sn1|V2,True
V2MnAs,5,7,5.0,0.0,22.0,-2,0.0,2.0,1.63,1.55,2.18,0.0,1.7475,0.07999999999999985,-0.5500000000000003,23,25,33.0,0.0,1.34,1.27,1.19,0.0,1.2666666666666668,0.15000000000000013,0.07000000000000006,0.15000000000000013,4,1,0,3,-2.0,4.0,True,False,False,False,False,False,False,True,-2.0,0,4.0,571.0,-0.136,0.143,0.98,3.92,As1|Mn1|V2,False
V2NbSb,5,5,5.0,0.0,20.0,0,0.0,0.0,1.63,1.6,2.05,0.0,1.7274999999999998,0.029999999999999805,-0.41999999999999993,23,41,51.0,0.0,1.34,1.46,1.59,0.0,1.4633333333333332,0.25,-0.11999999999999988,-0.25,4,0,0,3,-4.0,2.0,True,False,False,False,False,True,False,False,-4.0,0,4.0,373.0,-0.029,0.209,0.5575,2.23,Nb1|Sb1|V2,False
W2CoAl,6,9,3.0,0.0,24.0,-3,3.0,6.0,2.36,1.88,1.61,0.0,2.0524999999999998,0.48,0.7499999999999998,74,27,13.0,0.0,1.39,1.25,1.43,0.0,1.3566666666666665,0.17999999999999994,0.1399999999999999,-0.040000000000000036,4,1,0,3,0.0,6.0,True,False,False,False,False,True,False,False,0.0,0,4.0,541.0,-0.085,0.07,0.665,2.66,Al1|Co1|W2,False
W2CoGa,6,9,3.0,0.0,24.0,-3,3.0,6.0,2.36,1.88,1.81,0.0,2.1025,0.48,0.5499999999999998,74,27,31.0,0.0,1.39,1.25,1.35,0.0,1.3299999999999998,0.1399999999999999,0.1399999999999999,0.039999999999999813,4,1,0,3,0.0,6.0,True,False,False,False,False,True,False,False,0.0,0,4.0,539.0,-0.148,0.024,0.7125,2.85,Co1|Ga1|W2,False
W2CoGe,6,9,4.0,0.0,25.0,-3,2.0,5.0,2.36,1.88,2.01,0.0,2.1525,0.48,0.3500000000000001,74,27,32.0,0.0,1.39,1.25,1.22,0.0,1.2866666666666664,0.16999999999999993,0.1399999999999999,0.16999999999999993,4,1,0,3,1.0,7.0,True,False,False,False,False,True,False,False,1.0,0,4.0,421.0,-0.172,0.079,0.7675,3.07,Co1|Ge1|W2,True
W2CoIn,6,9,3.0,0.0,24.0,-3,3.0,6.0,2.36,1.88,1.78,0.0,2.0949999999999998,0.48,0.5799999999999998,74,27,49.0,0.0,1.39,1.25,1.67,0.0,1.4366666666666665,0.41999999999999993,0.1399999999999999,-0.28,4,1,0,3,0.0,6.0,True,False,False,False,False,False,False,True,0.0,0,4.0,487.0,-0.144,0.095,0.695,2.78,Co1|In1|W2,False
W2CoSi,6,9,4.0,0.0,25.0,-3,2.0,5.0,2.36,1.88,1.9,0.0,2.125,0.48,0.45999999999999996,74,27,14.0,0.0,1.39,1.25,1.11,0.0,1.25,0.2799999999999998,0.1399999999999999,0.2799999999999998,4,1,0,3,1.0,7.0,True,False,False,False,False,True,False,False,1.0,0,4.0,531.0,-0.105,0.063,0.715,2.86,Co1|Si1|W2,False
W2CoSn,6,9,4.0,0.0,25.0,-3,2.0,5.0,2.36,1.88,1.96,0.0,2.1399999999999997,0.48,0.3999999999999999,74,27,50.0,0.0,1.39,1.25,0.0,0.0,0.8799999999999999,1.39,0.1399999999999999,1.39,4,1,0,3,1.0,7.0,True,False,False,False,False,False,False,True,1.0,0,4.0,525.0,-0.081,0.096,0.66,2.64,Co1|Sn1|W2,False
W2CrAl,6,6,3.0,0.0,21.0,0,3.0,3.0,2.36,1.66,1.61,0.0,1.9975,0.7,0.7499999999999998,74,24,13.0,0.0,1.39,1.28,1.43,0.0,1.3666666666666665,0.1499999999999999,0.10999999999999988,-0.040000000000000036,4,1,0,3,-3.0,3.0,True,False,False,False,False,False,False,True,-3.0,0,4.0,451.0,-0.118,0.072,0.6775,2.71,Al1|Cr1|W2,False
W2CrGa,6,6,3.0,0.0,21.0,0,3.0,3.0,2.36,1.66,1.81,0.0,2.0475,0.7,0.5499999999999998,74,24,31.0,0.0,1.39,1.28,1.35,0.0,1.3399999999999999,0.10999999999999988,0.10999999999999988,0.039999999999999813,4,1,0,3,-3.0,3.0,True,False,False,False,False,False,False,True,-3.0,0,4.0,418.0,-0.085,0.048,0.605,2.42,Cr1|Ga1|W2,False
W2CrGe,6,6,4.0,0.0,22.0,0,2.0,2.0,2.36,1.66,2.01,0.0,2.0975,0.7,0.3500000000000001,74,24,32.0,0.0,1.39,1.28,1.22,0.0,1.2966666666666666,0.16999999999999993,0.10999999999999988,0.16999999999999993,4,1,0,3,-2.0,4.0,True,False,False,False,False,True,False,False,-2.0,0,4.0,431.0,-0.087,0.094,0.625,2.5,Cr1|Ge1|W2,False
W2CrSi,6,6,4.0,0.0,22.0,0,2.0,2.0,2.36,1.66,1.9,0.0,2.07,0.7,0.45999999999999996,74,24,14.0,0.0,1.39,1.28,1.11,0.0,1.26,0.2799999999999998,0.10999999999999988,0.2799999999999998,4,1,0,3,-2.0,4.0,True,False,False,False,False,True,False,False,-2.0,0,4.0,456.0,-0.059,0.095,0.615,2.46,Cr1|Si1|W2,False
W2FeAl,6,8,3.0,0.0,23.0,-2,3.0,5.0,2.36,1.83,1.61,0.0,2.04,0.5299999999999998,0.7499999999999998,74,26,13.0,0.0,1.39,1.26,1.43,0.0,1.36,0.16999999999999993,0.1299999999999999,-0.040000000000000036,4,1,0,3,-1.0,5.0,True,False,False,False,False,True,False,False,-1.0,0,4.0,443.0,-0.068,0.055,0.895,3.58,Al1|Fe1|W2,True
W2FeGa,6,8,3.0,0.0,23.0,-2,3.0,5.0,2.36,1.83,1.81,0.0,2.09,0.5299999999999998,0.5499999999999998,74,26,31.0,0.0,1.39,1.26,1.35,0.0,1.3333333333333333,0.1299999999999999,0.1299999999999999,0.039999999999999813,4,1,0,3,-1.0,5.0,True,False,False,False,False,True,False,False,-1.0,0,4.0,526.0,-0.117,0.164,0.87,3.48,Fe1|Ga1|W2,False
W2FeGe,6,8,4.0,0.0,24.0,-2,2.0,4.0,2.36,1.83,2.01,0.0,2.1399999999999997,0.5299999999999998,0.3500000000000001,74,26,32.0,0.0,1.39,1.26,1.22,0.0,1.29,0.16999999999999993,0.1299999999999999,0.16999999999999993,4,1,0,3,0.0,6.0,True,False,False,False,False,False,False,True,0.0,0,4.0,462.0,-0.105,0.048,0.73,2.92,Fe1|Ge1|W2,False
W2FeIn,6,8,3.0,0.0,23.0,-2,3.0,5.0,2.36,1.83,1.78,0.0,2.0825,0.5299999999999998,0.5799999999999998,74,26,49.0,0.0,1.39,1.26,1.67,0.0,1.4400000000000002,0.4099999999999999,0.1299999999999999,-0.28,4,1,0,3,-1.0,5.0,True,False,False,False,False,True,False,False,-1.0,0,4.0,571.0,-0.085,0.115,0.78,3.12,Fe1|In1|W2,False
W2FeSi,6,8,4.0,0.0,24.0,-2,2.0,4.0,2.36,1.83,1.9,0.0,2.1125,0.5299999999999998,0.45999999999999996,74,26,14.0,0.0,1.39,1.26,1.11,0.0,1.2533333333333332,0.2799999999999998,0.1299999999999999,0.2799999999999998,4,1,0,3,0.0,6.0,True,False,False,False,False,True,False,False,0.0,0,4.0,575.0,-0.116,0.123,0.825,3.3,Fe1|Si1|W2,False
W2FeSn,6,8,4.0,0.0,24.0,-2,2.0,4.0,2.36,1.83,1.96,0.0,2.1275,0.5299999999999998,0.3999999999999999,74,26,50.0,0.0,1.39,1.26,0.0,0.0,0.8833333333333333,1.39,0.1299999999999999,1.39,4,1,0,3,0.0,6.0,True,False,False,False,False,True,False,False,0.0,0,4.0,544.0,-0.134,0.089,0.8225,3.29,Fe1|Sn1|W2,False
W2MnAl,6,7,3.0,0.0,22.0,-1,3.0,4.0,2.36,1.55,1.61,0.0,1.97,0.8099999999999998,0.7499999999999998,74,25,13.0,0.0,1.39,1.27,1.43,0.0,1.3633333333333333,0.15999999999999992,0.11999999999999988,-0.040000000000000036,4,1,0,3,-2.0,4.0,True,False,False,False,False,False,False,True,-2.0,0,4.0,644.0,-0.083,0.074,0.905,3.62,Al1|Mn1|W2,False
W2MnGa,6,7,3.0,0.0,22.0,-1,3.0,4.0,2.36,1.55,1.81,0.0,2.02,0.8099999999999998,0.5499999999999998,74,25,31.0,0.0,1.39,1.27,1.35,0.0,1.3366666666666667,0.11999999999999988,0.11999999999999988,0.039999999999999813,4,1,0,3,-2.0,4.0,True,False,False,False,False,False,False,True,-2.0,0,4.0,621.0,-0.123,0.138,0.935,3.74,Ga1|Mn1|W2,True
W2MnGe,6,7,4.0,0.0,23.0,-1,2.0,3.0,2.36,1.55,2.01,0.0,2.07,0.8099999999999998,0.3500000000000001,74,25,32.0,0.0,1.39,1.27,1.22,0.0,1.2933333333333332,0.16999999999999993,0.11999999999999988,0.16999999999999993,4,1,0,3,-1.0,5.0,True,False,False,False,False,True,False,False,-1.0,0,4.0,616.0,-0.109,0.158,0.935,3.74,Ge1|Mn1|W2,False
W2MnIn,6,7,3.0,0.0,22.0,-1,3.0,4.0,2.36,1.55,1.78,0.0,2.0124999999999997,0.8099999999999998,0.5799999999999998,74,25,49.0,0.0,1.39,1.27,1.67,0.0,1.4433333333333334,0.3999999999999999,0.11999999999999988,-0.28,4,1,0,3,-2.0,4.0,True,False,False,False,False,True,False,False,-2.0,0,4.0,663.0,-0.09,0.026,0.9675,3.87,In1|Mn1|W2,False
W2MnSi,6,7,4.0,0.0,23.0,-1,2.0,3.0,2.36,1.55,1.9,0.0,2.0425,0.8099999999999998,0.45999999999999996,74,25,14.0,0.0,1.39,1.27,1.11,0.0,1.2566666666666668,0.2799999999999998,0.11999999999999988,0.2799999999999998,4,1,0,3,-1.0,5.0,True,False,False,False,False,False,False,True,-1.0,0,4.0,593.0,-0.064,0.015,0.9075,3.63,Mn1|Si1|W2,False
W2MnSn,6,7,4.0,0.0,23.0,-1,2.0,3.0,2.36,1.55,1.96,0.0,2.0575,0.8099999999999998,0.3999999999999999,74,25,50.0,0.0,1.39,1.27,0.0,0.0,0.8866666666666667,1.39,0.11999999999999988,1.39,4,1,0,3,-1.0,5.0,True,False,False,False,False,False,False,True,-1.0,0,4.0,495.0,-0.064,0.156,0.9225,3.69,Mn1|Sn1|W2,False
W2NiAl,6,10,3.0,0.0,25.0,-4,3.0,7.0,2.36,1.91,1.61,0.0,2.06,0.44999999999999996,0.7499999999999998,74,28,13.0,0.0,1.39,1.24,1.43,0.0,1.3533333333333333,0.18999999999999995,0.1499999999999999,-0.040000000000000036,4,1,0,3,1.0,7.0,True,False,False,False,False,False,False,True,1.0,0,4.0,388.0,-0.069,0.075,0.3675,1.47,Al1|Ni1|W2,False
W2NiGa,6,10,3.0,0.0,25.0,-4,3.0,7.0,2.36,1.91,1.81,0.0,2.11,0.44999999999999996,0.5499999999999998,74,28,31.0,0.0,1.39,1.24,1.35,0.0,1.3266666666666667,0.1499999999999999,0.1499999999999999,0.039999999999999813,4,1,0,3,1.0,7.0,True,False,False,False,False,True,False,False,1.0,0,4.0,367.0,-0.106,0.042,0.34,1.36,Ga1|Ni1|W2,False
W2NiGe,6,10,4.0,0.0,26.0,-4,2.0,6.0,2.36,1.91,2.01,0.0,2.16,0.44999999999999996,0.3500000000000001,74,28,32.0,0.0,1.39,1.24,1.22,0.0,1.2833333333333332,0.16999999999999993,0.1499999999999999,0.16999999999999993,4,1,0,3,2.0,8.0,True,False,False,False,False,True,False,False,2.0,0,4.0,353.0,-0.087,0.01,0.355,1.42,Ge1|Ni1|W2,True
W2NiIn,6,10,3.0,0.0,25.0,-4,3.0,7.0,2.36,1.91,1.78,0.0,2.1025,0.44999999999999996,0.5799999999999998,74,28,49.0,0.0,1.39,1.24,1.67,0.0,1.4333333333333333,0.42999999999999994,0.1499999999999999,-0.28,4,1,0,3,1.0,7.0,True,False,False,False,False,False,False,True,1.0,0,4.0,424.0,-0.107,0.079,0.3475,1.39,In1|Ni1|W2,False
W2NiSi,6,10,4.0,0.0,26.0,-4,2.0,6.0,2.36,1.91,1.9,0.0,2.1325,0.44999999999999996,0.45999999999999996,74,28,14.0,0.0,1.39,1.24,1.11,0.0,1.2466666666666668,0.2799999999999998,0.1499999999999999,0.2799999999999998,4,1,0,3,2.0,8.0,True,False,False,False,False,True,False,False,2.0,0,4.0,355.0,-0.128,0.001,0.3375,1.35,Ni1|Si1|W2,False
W2NiSn,6,10,4.0,0.0,26.0,-4,2.0,6.0,2.36,1.91,1.96,0.0,2.1475,0.44999999999999996,0.3999999999999999,74,28,50.0,0.0,1.39,1.24,0.0,0.0,0.8766666666666666,1.39,0.1499999999999999,1.39,4,1,0,3,2.0,8.0,True,False,False,False,False,True,False,False,2.0,0,4.0,294.0,-0.086,0.02,0.465,1.86,Ni1|Sn1|W2,False
W2TiAl,6,4,3.0,0.0,19.0,2,3.0,1.0,2.36,1.54,1.61,0.0,1.9675,0.8199999999999998,0.7499999999999998,74,22,13.0,0.0,1.39,1.47,1.43,0.0,1.43,0.08000000000000007,-0.08000000000000007,-0.040000000000000036,4,0,0,3,-5.0,1.0,True,False,False,False,False,False,False,True,-5.0,0,4.0,324.0,-0.102,0.072,0.32,1.28,Al1|Ti1|W2,False
W2TiGa,6,4,3.0,0.0,19.0,2,3.0,1.0,2.36,1.54,1.81,0.0,2.0175,0.8199999999999998,0.5499999999999998,74,22,31.0,0.0,1.39,1.47,1.35,0.0,1.4033333333333333,0.11999999999999988,-0.08000000000000007,0.039999999999999813,4,0,0,3,-5.0,1.0,True,False,False,False,False,True,False,False,-5.0,0,4.0,331.0,-0.087,0.139,0.1775,0.71,Ga1|Ti1|W2,False
W2TiGe,6,4,4.0,0.0,20.0,2,2.0,0.0,2.36,1.54,2.01,0.0,2.0675,0.8199999999999998,0.3500000000000001,74,22,32.0,0.0,1.39,1.47,1.22,0.0,1.36,0.25,-0.08000000000000007,0.16999999999999993,4,0,0,3,-4.0,2.0,True,False,False,False,False,True,False,False,-4.0,0,4.0,339.0,-0.087,0.114,0.1925,0.77,Ge1|Ti1|W2,False
W2TiSi,6,4,4.0,0.0,20.0,2,2.0,0.0,2.36,1.54,1.9,0.0,2.04,0.8199999999999998,0.45999999999999996,74,22,14.0,0.0,1.39,1.47,1.11,0.0,1.3233333333333333,0.3599999999999999,-0.08000000000000007,0.2799999999999998,4,0,0,3,-4.0,2.0,True,False,False,False,False,True,False,False,-4.0,0,4.0,285.0,-0.136,0.121,0.175,0.7,Si1|Ti1|W2,False
W2VAl,6,5,3.0,0.0,20.0,1,3.0,2.0,2.36,1.63,1.61,0.0,1.99,0.73,0.7499999999999998,74,23,13.0,0.0,1.39,1.34,1.43,0.0,1.3866666666666667,0.08999999999999986,0.04999999999999982,-0.040000000000000036,4,0,0,3,-4.0,2.0,True,False,False,False,False,True,False,False,-4.0,0,4.0,219.0,-0.071,0.047,0.22,0.88,Al1|V1|W2,False
W2VGa,6,5,3.0,0.0,20.0,1,3.0,2.0,2.36,1.63,1.81,0.0,2.04,0.73,0.5499999999999998,74,23,31.0,0.0,1.39,1.34,1.35,0.0,1.36,0.04999999999999982,0.04999999999999982,0.039999999999999813,4,0,0,3,-4.0,2.0,True,False,False,False,False,True,False,False,-4.0,0,4.0,350.0,-0.033,0.067,0.255,1.02,Ga1|V1|W2,False
W2VGe,6,5,4.0,0.0,21.0,1,2.0,1.0,2.36,1.63,2.01,0.0,2.09,0.73,0.3500000000000001,74,23,32.0,0.0,1.39,1.34,1.22,0.0,1.3166666666666667,0.16999999999999993,0.04999999999999982,0.16999999999999993,4,0,0,3,-3.0,3.0,True,False,False,False,False,True,False,False,-3.0,0,4.0,277.0,-0.05,0.16,0.21,0.84,Ge1|V1|W2,False
W2VSi,6,5,4.0,0.0,21.0,1,2.0,1.0,2.36,1.63,1.9,0.0,2.0625,0.73,0.45999999999999996,74,23,14.0,0.0,1.39,1.34,1.11,0.0,1.28,0.2799999999999998,0.04999999999999982,0.2799999999999998,4,0,0,3,-3.0,3.0,True,False,False,False,False,False,False,True,-3.0,0,4.0,258.0,-0.098,0.032,0.14,0.56,Si1|V1|W2,True
Y2CoAl,3,9,3.0,0.0,18.0,-6,0.0,6.0,1.22,1.88,1.61,0.0,1.4825000000000002,-0.6599999999999999,-0.3900000000000001,39,27,13.0,0.0,1.8,1.25,1.43,0.0,1.4933333333333332,0.55,0.55,0.3700000000000001,4,1,0,3,-6.0,0.0,True,False,False,False,False,True,False,False,-6.0,0,4.0,424.0,-0.13,0.117,0.75,3.0,Al1|Co1|Y2,False
Y2CoGa,3,9,3.0,0.0,18.0,-6,0.0,6.0,1.22,1.88,1.81,0.0,1.5325000000000002,-0.6599999999999999,-0.5900000000000001,39,27,31.0,0.0,1.8,1.25,1.35,0.0,1.4666666666666668,0.55,0.55,0.44999999999999996,4,1,0,3,-6.0,0.0,True,False,False,False,False,True,False,False,-6.0,0,4.0,428.0,-0.102,0.124,0.73,2.92,Co1|Ga1|Y2,False
Y2CoGe,3,9,4.0,0.0,19.0,-6,-1.0,5.0,1.22,1.88,2.01,0.0,1.5825,-0.6599999999999999,-0.7899999999999998,39,27,32.0,0.0,1.8,1.25,1.22,0.0,1.4233333333333331,0.5800000000000001,0.55,0.5800000000000001,4,1,0,3,-5.0,1.0,True,False,False,False,False,True,False,False,-5.0,0,4.0,553.0,-0.113,0.044,0.68,2.72,Co1|Ge1|Y2,False
Y2CoIn,3,9,3.0,0.0,18.0,-6,0.0,6.0,1.22,1.88,1.78,0.0,1.5250000000000001,-0.6599999999999999,-0.56,39,27,49.0,0.0,1.8,1.25,1.67,0.0,1.5733333333333333,0.55,0.55,0.13000000000000012,4,1,0,3,-6.0,0.0,True,False,False,False,False,False,False,True,-6.0,0,4.0,478.0,-0.061,0.038,0.73,2.92,Co1|In1|Y2,False
Y2CoSi,3,9,4.0,0.0,19.0,-6,-1.0,5.0,1.22,1.88,1.9,0.0,1.5550000000000002,-0.6599999999999999,-0.6799999999999999,39,27,14.0,0.0,1.8,1.25,1.11,0.0,1.3866666666666667,0.69,0.55,0.69,4,1,0,3,-5.0,1.0,True,False,False,False,False,False,False,True,-5.0,0,4.0,409.0,-0.074,0.121,0.7,2.8,Co1|Si1|Y2,False
Y2CoSn,3,9,4.0,0.0,19.0,-6,-1.0,5.0,1.22,1.88,1.96,0.0,1.57,-0.6599999999999999,-0.74,39,27,50.0,0.0,1.8,1.25,0.0,0.0,1.0166666666666666,1.8,0.55,1.8,4,1,0,3,-5.0,1.0,True,False,False,False,False,False,False,True,-5.0,0,4.0,505.0,-0.071,0.092,0.7125,2.85,Co1|Sn1|Y2,False
Y2CrAl,3,6,3.0,0.0,15.0,-3,0.0,3.0,1.22,1.66,1.61,0.0,1.4275,-0.43999999999999995,-0.3900000000000001,39,24,13.0,0.0,1.8,1.28,1.43,0.0,1.5033333333333332,0.52,0.52,0.3700000000000001,4,1,0,3,-9.0,-3.0,True,False,False,False,False,True,False,False,-9.0,0,4.0,410.0,-0.108,0.117,0.58,2.32,Al1|Cr1|Y2,False
Y2CrGa,3,6,3.0,0.0,15.0,-3,0.0,3.0,1.22,1.66,1.81,0.0,1.4775,-0.43999999999999995,-0.5900000000000001,39,24,31.0,0.0,1.8,1.28,1.35,0.0,1.4766666666666666,0.52,0.52,0.44999999999999996,4,1,0,3,-9.0,-3.0,True,False,False,False,False,True,False,False,-9.0,0,4.0,518.0,-0.037,0.065,0.6175,2.47,Cr1|Ga1|Y2,False
Y2CrGe,3,6,4.0,0.0,16.0,-3,-1.0,2.0,1.22,1.66,2.01,0.0,1.5274999999999999,-0.43999999999999995,-0.7899999999999998,39,24,32.0,0.0,1.8,1.28,1.22,0.0,1.4333333333333333,0.5800000000000001,0.52,0.5800000000000001,4,1,0,3,-8.0,-2.0,True,False,False,False,False,False,False,True,-8.0,0,4.0,480.0,-0.07,0.09,0.6575,2.63,Cr1|Ge1|Y2,False
Y2CrSi,3,6,4.0,0.0,16.0,-3,-1.0,2.0,1.22,1.66,1.9,0.0,1.5,-0.43999999999999995,-0.6799999999999999,39,24,14.0,0.0,1.8,1.28,1.11,0.0,1.3966666666666667,0.69,0.52,0.69,4,1,0,3,-8.0,-2.0,True,False,False,False,False,True,False,False,-8.0,0,4.0,462.0,-0.08,0.024,0.575,2.3,Cr1|Si1|Y2,False
Y2FeAl,3,8,3.0,0.0,17.0,-5,0.0,5.0,1.22,1.83,1.61,0.0,1.47,-0.6100000000000001,-0.3900000000000001,39,26,13.0,0.0,1.8,1.26,1.43,0.0,1.4966666666666668,0.54,0.54,0.3700000000000001,4,1,0,3,-7.0,-1.0,True,False,False,False,False,False,False,True,-7.0,0,4.0,519.0,-0.126,0.117,0.755,3.02,Al1|Fe1|Y2,False
Y2FeGa,3,8,3.0,0.0,17.0,-5,0.0,5.0,1.22,1.83,1.81,0.0,1.52,-0.6100000000000001,-0.5900000000000001,39,26,31.0,0.0,1.8,1.26,1.35,0.0,1.47,0.54,0.54,0.44999999999999996,4,1,0,3,-7.0,-1.0,True,False,False,False,False,True,False,False,-7.0,0,4.0,658.0,-0.07,0.09,0.8325,3.33,Fe1|Ga1|Y2,False
Y2FeGe,3,8,4.0,0.0,18.0,-5,-1.0,4.0,1.22,1.83,2.01,0.0,1.5699999999999998,-0.6100000000000001,-0.7899999999999998,39,26,32.0,0.0,1.8,1.26,1.22,0.0,1.4266666666666667,0.5800000000000001,0.54,0.5800000000000001,4,1,0,3,-6.0,0.0,True,False,False,False,False,True,False,False,-6.0,0,4.0,486.0,-0.085,0.126,0.835,3.34,Fe1|Ge1|Y2,False
Y2FeIn,3,8,3.0,0.0,17.0,-5,0.0,5.0,1.22,1.83,1.78,0.0,1.5125,-0.6100000000000001,-0.56,39,26,49.0,0.0,1.8,1.26,1.67,0.0,1.5766666666666669,0.54,0.54,0.13000000000000012,4,1,0,3,-7.0,-1.0,True,False,False,False,False,True,False,False,-7.0,0,4.0,514.0,-0.108,0.013,0.7725,3.09,Fe1|In1|Y2,False
Y2FeSi,3,8,4.0,0.0,18.0,-5,-1.0,4.0,1.22,1.83,1.9,0.0,1.5425,-0.6100000000000001,-0.6799999999999999,39,26,14.0,0.0,1.8,1.26,1.11,0.0,1.39,0.69,0.54,0.69,4,1,0,3,-6.0,0.0,True,False,False,False,False,True,False,False,-6.0,0,4.0,452.0,-0.122,0.029,0.805,3.22,Fe1|Si1|Y2,False
Y2FeSn,3,8,4.0,0.0,18.0,-5,-1.0,4.0,1.22,1.83,1.96,0.0,1.5574999999999999,-0.6100000000000001,-0.74,39,26,50.0,0.0,1.8,1.26,0.0,0.0,1.02,1.8,0.54,1.8,4,1,0,3,-6.0,0.0,True,False,False,False,False,False,False,True,-6.0,0,4.0,509.0,-0.116,0.012,0.84,3.36,Fe1|Sn1|Y2,False
Y2MnAl,3,7,3.0,0.0,16.0,-4,0.0,4.0,1.22,1.55,1.61,0.0,1.4000000000000001,-0.33000000000000007,-0.3900000000000001,39,25,13.0,0.0,1.8,1.27,1.43,0.0,1.5,0.53,0.53,0.3700000000000001,4,1,0,3,-8.0,-2.0,True,False,False,False,False,False,False,True,-8.0,0,4.0,604.0,-0.103,0.109,1.0075,4.03,Al1|Mn1|Y2,False
Y2MnGa,3,7,3.0,0.0,16.0,-4,0.0,4.0,1.22,1.55,1.81,0.0,1.4500000000000002,-0.33000000000000007,-0.5900000000000001,39,25,31.0,0.0,1.8,1.27,1.35,0.0,1.4733333333333334,0.53,0.53,0.44999999999999996,4,1,0,3,-8.0,-2.0,True,False,False,False,False,False,False,True,-8.0,0,4.0,593.0,-0.075,0.054,0.93,3.72,Ga1|Mn1|Y2,False
Y2MnGe,3,7,4.0,0.0,17.0,-4,-1.0,3.0,1.22,1.55,2.01,0.0,1.5,-0.33000000000000007,-0.7899999999999998,39,25,32.0,0.0,1.8,1.27,1.22,0.0,1.43,0.5800000000000001,0.53,0.5800000000000001,4,1,0,3,-7.0,-1.0,True,False,False,False,False,True,False,False,-7.0,0,4.0,583.0,-0.136,0.056,0.955,3.82,Ge1|Mn1|Y2,False
Y2MnIn,3,7,3.0,0.0,16.0,-4,0.0,4.0,1.22,1.55,1.78,0.0,1.4425000000000001,-0.33000000000000007,-0.56,39,25,49.0,0.0,1.8,1.27,1.67,0.0,1.58,0.53,0.53,0.13000000000000012,4,1,0,3,-8.0,-2.0,True,False,False,False,False,True,False,False,-8.0,0,4.0,592.0,-0.148,0.002,0.93,3.72,In1|Mn1|Y2,False
Y2MnSi,3,7,4.0,0.0,17.0,-4,-1.0,3.0,1.22,1.55,1.9,0.0,1.4725000000000001,-0.33000000000000007,-0.6799999999999999,39,25,14.0,0.0,1.8,1.27,1.11,0.0,1.3933333333333335,0.69,0.53,0.69,4,1,0,3,-7.0,-1.0,True,False,False,False,False,True,False,False,-7.0,0,4.0,558.0,-0.119,0.048,0.87,3.48,Mn1|Si1|Y2,False
Y2MnSn,3,7,4.0,0.0,17.0,-4,-1.0,3.0,1.22,1.55,1.96,0.0,1.4875,-0.33000000000000007,-0.74,39,25,50.0,0.0,1.8,1.27,0.0,0.0,1.0233333333333334,1.8,0.53,1.8,4,1,0,3,-7.0,-1.0,True,False,False,False,False,True,False,False,-7.0,0,4.0,549.0,-0.076,0.093,0.925,3.7,Mn1|Sn1|Y2,False
Y2NiAl,3,10,3.0,0.0,19.0,-7,0.0,7.0,1.22,1.91,1.61,0.0,1.49,-0.69,-0.3900000000000001,39,28,13.0,0.0,1.8,1.24,1.43,0.0,1.49,0.56,0.56,0.3700000000000001,4,1,0,3,-5.0,1.0,True,False,False,False,False,False,False,True,-5.0,0,4.0,354.0,-0.076,0.048,0.3625,1.45,Al1|Ni1|Y2,True
Y2NiGa,3,10,3.0,0.0,19.0,-7,0.0,7.0,1.22,1.91,1.81,0.0,1.54,-0.69,-0.5900000000000001,39,28,31.0,0.0,1.8,1.24,1.35,0.0,1.4633333333333336,0.56,0.56,0.44999999999999996,4,1,0,3,-5.0,1.0,True,False,False,False,False,False,False,True,-5.0,0,4.0,413.0,-0.107,0.039,0.3875,1.55,Ga1|Ni1|Y2,False
Y2NiGe,3,10,4.0,0.0,20.0,-7,-1.0,6.0,1.22,1.91,2.01,0.0,1.5899999999999999,-0.69,-0.7899999999999998,39,28,32.0,0.0,1.8,1.24,1.22,0.0,1.42,0.5800000000000001,0.56,0.5800000000000001,4,1,0,3,-4.0,2.0,True,False,False,False,False,False,False,True,-4.0,0,4.0,353.0,-0.038,0.071,0.3875,1.55,Ge1|Ni1|Y2,False
Y2NiIn,3,10,3.0,0.0,19.0,-7,0.0,7.0,1.22,1.91,1.78,0.0,1.5325,-0.69,-0.56,39,28,49.0,0.0,1.8,1.24,1.67,0.0,1.57,0.56,0.56,0.13000000000000012,4,1,0,3,-5.0,1.0,True,False,False,False,False,True,False,False,-5.0,0,4.0,332.0,-0.12,0.073,0.39,1.56,In1|Ni1|Y2,False
Y2NiSi,3,10,4.0,0.0,20.0,-7,-1.0,6.0,1.22,1.91,1.9,0.0,1.5625,-0.69,-0.6799999999999999,39,28,14.0,0.0,1.8,1.24,1.11,0.0,1.3833333333333335,0.69,0.56,0.69,4,1,0,3,-4.0,2.0,True,False,False,False,False,False,False,True,-4.0,0,4.0,302.0,-0.065,0.079,0.3125,1.25,Ni1|Si1|Y2,False
Y2NiSn,3,10,4.0,0.0,20.0,-7,-1.0,6.0,1.22,1.91,1.96,0.0,1.5775,-0.69,-0.74,39,28,50.0,0.0,1.8,1.24,0.0,0.0,1.0133333333333334,1.8,0.56,1.8,4,1,0,3,-4.0,2.0,True,False,False,False,False,True,False,False,-4.0,0,4.0,366.0,-0.1,0.115,0.3325,1.33,Ni1|Sn1|Y2,False
Y2TiAl,3,4,3.0,0.0,13.0,-1,0.0,1.0,1.22,1.54,1.61,0.0,1.3975,-0.32000000000000006,-0.3900000000000001,39,22,13.0,0.0,1.8,1.47,1.43,0.0,1.5666666666666667,0.3700000000000001,0.33000000000000007,0.3700000000000001,4,0,0,3,-11.0,-5.0,True,False,False,False,False,True,False,False,-11.0,0,4.0,294.0,-0.118,0.164,0.2175,0.87,Al1|Ti1|Y2,False
Y2TiGa,3,4,3.0,0.0,13.0,-1,0.0,1.0,1.22,1.54,1.81,0.0,1.4475,-0.32000000000000006,-0.5900000000000001,39,22,31.0,0.0,1.8,1.47,1.35,0.0,1.54,0.44999999999999996,0.33000000000000007,0.44999999999999996,4,0,0,3,-11.0,-5.0,True,False,False,False,False,True,False,False,-11.0,0,4.0,316.0,-0.124,0.046,0.1575,0.63,Ga1|Ti1|Y2,False
Y2TiGe,3,4,4.0,0.0,14.0,-1,-1.0,0.0,1.22,1.54,2.01,0.0,1.4975,-0.32000000000000006,-0.7899999999999998,39,22,32.0,0.0,1.8,1.47,1.22,0.0,1.4966666666666668,0.5800000000000001,0.33000000000000007,0.5800000000000001,4,0,0,3,-10.0,-4.0,True,False,False,False,False,True,False,False,-10.0,0,4.0,211.0,-0.119,0.12,0.19,0.76,Ge1|Ti1|Y2,True
Y2TiSi,3,4,4.0,0.0,14.0,-1,-1.0,0.0,1.22,1.54,1.9,0.0,1.47,-0.32000000000000006,-0.6799999999999999,39,22,14.0,0.0,1.8,1.47,1.11,0.0,1.46,0.69,0.33000000000000007,0.69,4,0,0,3,-10.0,-4.0,True,False,False,False,False,False,False,True,-10.0,0,4.0,328.0,-0.09,0.117,0.27,1.08,Si1|Ti1|Y2,True
Y2VAl,3,5,3.0,0.0,14.0,-2,0.0,2.0,1.22,1.63,1.61,0.0,1.4200000000000002,-0.4099999999999999,-0.3900000000000001,39,23,13.0,0.0,1.8,1.34,1.43,0.0,1.5233333333333334,0.45999999999999996,0.45999999999999996,0.3700000000000001,4,0,0,3,-10.0,-4.0,True,False,False,False,False,True,False,False,-10.0,0,4.0,339.0,-0.123,0.143,0.1975,0.79,Al1|V1|Y2,False
Y2VGa,3,5,3.0,0.0,14.0,-2,0.0,2.0,1.22,1.63,1.81,0.0,1.4700000000000002,-0.4099999999999999,-0.5900000000000001,39,23,31.0,0.0,1.8,1.34,1.35,0.0,1.4966666666666668,0.45999999999999996,0.45999999999999996,0.44999999999999996,4,0,0,3,-10.0,-4.0,True,False,False,False,False,False,False,True,-10.0,0,4.0,255.0,-0.098,0.058,0.285,1.14,Ga1|V1|Y2,False
Y2VGe,3,5,4.0,0.0,15.0,-2,-1.0,1.0,1.22,1.63,2.01,0.0,1.52,-0.4099999999999999,-0.7899999999999998,39,23,32.0,0.0,1.8,1.34,1.22,0.0,1.4533333333333334,0.5800000000000001,0.45999999999999996,0.5800000000000001,4,0,0,3,-9.0,-3.0,True,False,False,False,False,False,False,True,-9.0,0,4.0,326.0,-0.123,0.108,0.245,0.98,Ge1|V1|Y2,True
Y2VSi,3,5,4.0,0.0,15.0,-2,-1.0,1.0,1.22,1.63,1.9,0.0,1.4925000000000002,-0.4099999999999999,-0.6799999999999999,39,23,14.0,0.0,1.8,1.34,1.11,0.0,1.4166666666666667,0.69,0.45999999999999996,0.69,4,0,0,3,-9.0,-3.0,True,False,False,False,False,True,False,False,-9.0,0,4.0,304.0,-0.113,0.01,0.2525,1.01,Si1|V1|Y2,False
Zn2CrRh,12,6,9.0,0.0,39.0,6,3.0,-3.0,1.65,1.66,2.28,0.0,1.81,-0.010000000000000009,-0.6299999999999999,30,24,45.0,0.0,1.34,1.28,1.34,0.0,1.32,0.06000000000000005,0.06000000000000005,0.0,4,1,0,3,15.0,21.0,True,False,False,False,False,True,False,False,15.0,0,4.0,215.0,-0.117,0.131,0.23,0.92,Cr1|Rh1|Zn2,False
Zn2MnPd,12,7,10.0,0.0,41.0,5,2.0,-3.0,1.65,1.55,2.2,0.0,1.7625,0.09999999999999987,-0.5500000000000003,30,25,46.0,0.0,1.34,1.27,1.37,0.0,1.3266666666666669,0.10000000000000009,0.07000000000000006,-0.030000000000000027,4,1,0,3,17.0,23.0,True,False,False,False,False,True,False,False,17.0,0,4.0,325.0,-0.246,0.07,0.22,0.88,Mn1|Pd1|Zn2,False
Zr2CoSn,4,9,4.0,0.0,21.0,-5,0.0,5.0,1.33,1.88,1.96,0.0,1.625,-0.5499999999999998,-0.6299999999999999,40,27,50.0,0.0,1.6,1.25,0.0,0.0,0.9500000000000001,1.6,0.3500000000000001,1.6,4,1,0,3,-3.0,3.0,True,False,False,False,False,False,False,True,-3.0,0,4.0,498.0,-0.059,0.02,0.77,3.08,Co1|Sn1|Zr2,False
Zr2FeSn,4,8,4.0,0.0,20.0,-4,0.0,4.0,1.33,1.83,1.96,0.0,1.6125,-0.5,-0.6299999999999999,40,26,50.0,0.0,1.6,1.26,0.0,0.0,0.9533333333333335,1.6,0.3400000000000001,1.6,4,1,0,3,-4.0,2.0,True,False,False,False,False,False,False,True,-4.0,0,4.0,475.0,-0.108,0.15,0.805,3.22,Fe1|Sn1|Zr2,False
Zr2MnSn,4,7,4.0,0.0,19.0,-3,0.0,3.0,1.33,1.55,1.96,0.0,1.5425,-0.21999999999999997,-0.6299999999999999,40,25,50.0,0.0,1.6,1.27,0.0,0.0,0.9566666666666667,1.6,0.33000000000000007,1.6,4,1,0,3,-5.0,1.0,True,False,False,False,False,True,False,False,-5.0,0,4.0,591.0,-0.12,0.128,0.9525,3.81,Mn1|Sn1|Zr2,False
Zr2NiSn,4,10,4.0,0.0,22.0,-6,0.0,6.0,1.33,1.91,1.96,0.0,1.6325,-0.5799999999999998,-0.6299999999999999,40,28,50.0,0.0,1.6,1.24,0.0,0.0,0.9466666666666667,1.6,0.3600000000000001,1.6,4,1,0,3,-2.0,4.0,True,False,False,False,False,True,False,False,-2.0,0,4.0,255.0,-0.068,0.052,0.455,1.82,Ni1|Sn1|Zr2,False
Zr2TiAl,4,4,3.0,0.0,15.0,0,1.0,1.0,1.33,1.54,1.61,0.0,1.4525000000000001,-0.20999999999999996,-0.28,40,22,13.0,0.0,1.6,1.47,1.43,0.0,1.5,0.17000000000000015,0.13000000000000012,0.17000000000000015,4,0,0,3,-9.0,-3.0,True,False,False,False,False,False,False,True,-9.0,0,4.0,337.0,-0.08,0.108,0.2225,0.89,Al1|Ti1|Zr2,False
Zr2TiGa,4,4,3.0,0.0,15.0,0,1.0,1.0,1.33,1.54,1.81,0.0,1.5025,-0.20999999999999996,-0.48,40,22,31.0,0.0,1.6,1.47,1.35,0.0,1.4733333333333334,0.25,0.13000000000000012,0.25,4,0,0,3,-9.0,-3.0,True,False,False,False,False,True,False,False,-9.0,0,4.0,245.0,-0.1,0.014,0.2675,1.07,Ga1|Ti1|Zr2,False
Zr2TiGe,4,4,4.0,0.0,16.0,0,0.0,0.0,1.33,1.54,2.01,0.0,1.5525,-0.20999999999999996,-0.6799999999999997,40,22,32.0,0.0,1.6,1.47,1.22,0.0,1.43,0.3800000000000001,0.13000000000000012,0.3800000000000001,4,0,0,3,-8.0,-2.0,True,False,False,False,False,False,False,True,-8.0,0,4.0,258.0,-0.095,0.105,0.2325,0.93,Ge1|Ti1|Zr2,False
Zr2TiSi,4,4,4.0,0.0,16.0,0,0.0,0.0,1.33,1.54,1.9,0.0,1.525,-0.20999999999999996,-0.5699999999999998,40,22,14.0,0.0,1.6,1.47,1.11,0.0,1.3933333333333335,0.49,0.13000000000000012,0.49,4,0,0,3,-8.0,-2.0,True,False,False,False,False,True,False,False,-8.0,0,4.0,238.0,-0.108,0.099,0.18,0.72,Si1|Ti1|Zr2,False
Co2CoAl,9,9,3.0,0.0,30.0,0,6.0,6.0,1.88,1.88,1.61,0.0,1.8125,0.0,0.2699999999999998,27,27,13.0,0.0,1.25,1.25,1.43,0.0,1.3099999999999998,0.17999999999999994,0.0,-0.17999999999999994,4,3,0,2,6.0,12.0,False,True,False,False,True,False,False,False,12.0,1,3.0,558.0,-0.06558,0.100027,0.450472,1.351416,Al1|Co3,False
Co2CoGa,9,9,3.0,0.0,30.0,0,6.0,6.0,1.88,1.88,1.81,0.0,1.8624999999999998,0.0,0.06999999999999984,27,27,31.0,0.0,1.25,1.25,1.35,0.0,1.2833333333333334,0.10000000000000009,0.0,-0.10000000000000009,4,3,0,2,6.0,12.0,False,True,False,False,True,False,False,False,12.0,1,3.0,560.0,-0.22403,0.115323,0.517442,1.552327,Co3|Ga1,False
Co2CoGe,9,9,4.0,0.0,31.0,0,5.0,5.0,1.88,1.88,2.01,0.0,1.9124999999999999,0.0,-0.1299999999999999,27,27,32.0,0.0,1.25,1.25,1.22,0.0,1.24,0.030000000000000027,0.0,0.030000000000000027,4,3,0,2,7.0,13.0,False,True,False,False,False,False,True,False,13.0,1,6.0,681.0,-0.1233,0.082143,0.325823,1.954938,Co3|Ge1,False
Co2CoIn,9,9,3.0,0.0,30.0,0,6.0,6.0,1.88,1.88,1.78,0.0,1.855,0.0,0.09999999999999987,27,27,49.0,0.0,1.25,1.25,1.67,0.0,1.39,0.41999999999999993,0.0,-0.41999999999999993,4,3,0,2,6.0,12.0,False,True,False,False,True,False,False,False,12.0,1,3.0,687.0,-0.13586,0.0,0.709929,2.129787,Co3|In1,False
Co2CoSi,9,9,4.0,0.0,31.0,0,5.0,5.0,1.88,1.88,1.9,0.0,1.8849999999999998,0.0,-0.020000000000000018,27,27,14.0,0.0,1.25,1.25,1.11,0.0,1.2033333333333334,0.1399999999999999,0.0,0.1399999999999999,4,3,0,2,7.0,13.0,False,True,False,False,True,False,False,False,13.0,1,3.0,734.0,-0.12755,0.205517,0.728684,2.186053,Co3|Si1,False
Co2CrIn,9,6,3.0,0.0,27.0,3,6.0,3.0,1.88,1.66,1.78,0.0,1.8,0.21999999999999997,0.09999999999999987,27,24,49.0,0.0,1.25,1.28,1.67,0.0,1.4000000000000001,0.41999999999999993,-0.030000000000000027,-0.41999999999999993,4,3,0,3,3.0,9.0,False,True,False,False,True,False,False,False,9.0,0,3.0,545.0,-0.01003,0.182887,0.45129,1.353869,Co2|Cr1|In1,False
Co2CrSi,9,6,4.0,0.0,28.0,3,5.0,2.0,1.88,1.66,1.9,0.0,1.83,0.21999999999999997,-0.020000000000000018,27,24,14.0,0.0,1.25,1.28,1.11,0.0,1.2133333333333336,0.16999999999999993,-0.030000000000000027,0.1399999999999999,4,3,0,3,4.0,10.0,False,True,False,False,False,False,True,False,10.0,0,6.0,951.0,-0.20589,0.047769,0.475418,2.852507,Co2|Cr1|Si1,False
Co2CuGe,9,11,4.0,0.0,33.0,-2,5.0,7.0,1.88,1.9,2.01,0.0,1.9175,-0.020000000000000018,-0.1299999999999999,27,29,32.0,0.0,1.25,1.28,1.22,0.0,1.25,0.06000000000000005,-0.030000000000000027,0.030000000000000027,4,2,0,3,9.0,15.0,False,True,False,False,False,False,True,False,15.0,0,6.0,723.0,-0.06644,0.132231,0.392719,2.356314,Co2|Cu1|Ge1,True
Co2CuIn,9,11,3.0,0.0,32.0,-2,6.0,8.0,1.88,1.9,1.78,0.0,1.86,-0.020000000000000018,0.09999999999999987,27,29,49.0,0.0,1.25,1.28,1.67,0.0,1.4000000000000001,0.41999999999999993,-0.030000000000000027,-0.41999999999999993,4,2,0,3,8.0,14.0,False,True,False,False,True,False,False,False,14.0,0,3.0,871.0,-0.13222,0.07124,0.859314,2.577943,Co2|Cu1|In1,False
Co2CuSi,9,11,4.0,0.0,33.0,-2,5.0,7.0,1.88,1.9,1.9,0.0,1.8900000000000001,-0.020000000000000018,-0.020000000000000018,27,29,14.0,0.0,1.25,1.28,1.11,0.0,1.2133333333333336,0.16999999999999993,-0.030000000000000027,0.1399999999999999,4,2,0,3,9.0,15.0,False,True,False,False,False,False,True,False,15.0,0,6.0,612.0,-0.13625,0.133195,0.235367,1.412203,Co2|Cu1|Si1,False
Co2FeAl,9,8,3.0,0.0,29.0,1,6.0,5.0,1.88,1.83,1.61,0.0,1.8,0.04999999999999982,0.2699999999999998,27,26,13.0,0.0,1.25,1.26,1.43,0.0,1.3133333333333332,0.17999999999999994,-0.010000000000000009,-0.17999999999999994,4,3,0,3,5.0,11.0,False,True,False,False,True,False,False,False,11.0,0,3.0,748.0,-0.11145,0.132836,0.758147,2.274442,Al1|Co2|Fe1,False
Co2FeIn,9,8,3.0,0.0,29.0,1,6.0,5.0,1.88,1.83,1.78,0.0,1.8425,0.04999999999999982,0.09999999999999987,27,26,49.0,0.0,1.25,1.26,1.67,0.0,1.3933333333333333,0.41999999999999993,-0.010000000000000009,-0.41999999999999993,4,3,0,3,5.0,11.0,False,True,False,False,True,False,False,False,11.0,0,3.0,929.0,-0.11639,0.136411,1.009424,3.028272,Co2|Fe1|In1,False
Co2MnGa,9,7,3.0,0.0,28.0,2,6.0,4.0,1.88,1.55,1.81,0.0,1.7799999999999998,0.32999999999999985,0.06999999999999984,27,25,31.0,0.0,1.25,1.27,1.35,0.0,1.29,0.10000000000000009,-0.020000000000000018,-0.10000000000000009,4,3,0,3,4.0,10.0,False,True,False,False,True,False,False,False,10.0,0,3.0,535.0,-0.16847,0.187196,0.443566,1.330697,Co2|Ga1|Mn1,False
Co2MnIn,9,7,3.0,0.0,28.0,2,6.0,4.0,1.88,1.55,1.78,0.0,1.7725,0.32999999999999985,0.09999999999999987,27,25,49.0,0.0,1.25,1.27,1.67,0.0,1.3966666666666665,0.41999999999999993,-0.020000000000000018,-0.41999999999999993,4,3,0,3,4.0,10.0,False,True,False,False,True,False,False,False,10.0,0,3.0,522.0,-0.13526,0.071257,0.371083,1.113248,Co2|In1|Mn1,False
Co2MnSi,9,7,4.0,0.0,29.0,2,5.0,3.0,1.88,1.55,1.9,0.0,1.8024999999999998,0.32999999999999985,-0.020000000000000018,27,25,14.0,0.0,1.25,1.27,1.11,0.0,1.21,0.15999999999999992,-0.020000000000000018,0.1399999999999999,4,3,0,3,5.0,11.0,False,True,False,False,True,False,False,False,11.0,0,3.0,711.0,-0.25052,0.148792,0.620173,1.860519,Co2|Mn1|Si1,False
Co2NiIn,9,10,3.0,0.0,31.0,-1,6.0,7.0,1.88,1.91,1.78,0.0,1.8625,-0.030000000000000027,0.09999999999999987,27,28,49.0,0.0,1.25,1.24,1.67,0.0,1.3866666666666667,0.42999999999999994,0.010000000000000009,-0.41999999999999993,4,3,0,3,7.0,13.0,False,True,False,False,True,False,False,False,13.0,0,3.0,585.0,-0.04801,0.139091,0.477052,1.431157,Co2|In1|Ni1,False
Co2VAl,9,5,3.0,0.0,26.0,4,6.0,2.0,1.88,1.63,1.61,0.0,1.75,0.25,0.2699999999999998,27,23,13.0,0.0,1.25,1.34,1.43,0.0,1.3399999999999999,0.17999999999999994,-0.09000000000000008,-0.17999999999999994,4,2,0,3,2.0,8.0,False,True,False,False,False,False,True,False,8.0,0,6.0,582.0,-0.17354,0.068318,0.291077,1.746462,Al1|Co2|V1,False
Co2VGa,9,5,3.0,0.0,26.0,4,6.0,2.0,1.88,1.63,1.81,0.0,1.7999999999999998,0.25,0.06999999999999984,27,23,31.0,0.0,1.25,1.34,1.35,0.0,1.3133333333333332,0.10000000000000009,-0.09000000000000008,-0.10000000000000009,4,2,0,3,2.0,8.0,False,True,False,False,True,False,False,False,8.0,0,3.0,757.0,-0.22394,0.153412,0.839208,2.517625,Co2|Ga1|V1,False
Co2VGe,9,5,4.0,0.0,27.0,4,5.0,1.0,1.88,1.63,2.01,0.0,1.8499999999999999,0.25,-0.1299999999999999,27,23,32.0,0.0,1.25,1.34,1.22,0.0,1.2699999999999998,0.1200000000000001,-0.09000000000000008,0.030000000000000027,4,2,0,3,3.0,9.0,False,True,False,False,True,False,False,False,9.0,0,3.0,560.0,-0.07592,0.139336,0.410579,1.231738,Co2|Ge1|V1,False
Co2VIn,9,5,3.0,0.0,26.0,4,6.0,2.0,1.88,1.63,1.78,0.0,1.7925,0.25,0.09999999999999987,27,23,49.0,0.0,1.25,1.34,1.67,0.0,1.42,0.41999999999999993,-0.09000000000000008,-0.41999999999999993,4,2,0,3,2.0,8.0,False,True,False,False,True,False,False,False,8.0,0,3.0,799.0,-0.2898,0.092317,0.824741,2.474223,Co2|In1|V1,False
Co2VSi,9,5,4.0,0.0,27.0,4,5.0,1.0,1.88,1.63,1.9,0.0,1.8224999999999998,0.25,-0.020000000000000018,27,23,14.0,0.0,1.25,1.34,1.11,0.0,1.2333333333333334,0.22999999999999998,-0.09000000000000008,0.1399999999999999,4,2,0,3,3.0,9.0,False,True,False,False,False,False,True,False,9.0,0,6.0,610.0,-0.01612,0.180428,0.225035,1.350209,Co2|Si1|V1,False
Co2ZrAl,9,4,3.0,0.0,25.0,5,6.0,1.0,1.88,1.33,1.61,0.0,1.675,0.5499999999999998,0.2699999999999998,27,40,13.0,0.0,1.25,1.6,1.43,0.0,1.4266666666666667,0.3500000000000001,-0.3500000000000001,-0.17999999999999994,4,2,0,3,1.0,7.0,False,True,False,False,True,False,False,False,7.0,0,3.0,658.0,-0.27518,0.105721,0.622759,1.868276,Al1|Co2|Zr1,False
Co2ZrGa,9,4,3.0,0.0,25.0,5,6.0,1.0,1.88,1.33,1.81,0.0,1.725,0.5499999999999998,0.06999999999999984,27,40,31.0,0.0,1.25,1.6,1.35,0.0,1.4000000000000001,0.3500000000000001,-0.3500000000000001,-0.10000000000000009,4,2,0,3,1.0,7.0,False,True,False,False,True,False,False,False,7.0,0,3.0,687.0,-0.18753,0.138678,0.548784,1.646353,Co2|Ga1|Zr1,False
Co2ZrGe,9,4,4.0,0.0,26.0,5,5.0,0.0,1.88,1.33,2.01,0.0,1.775,0.5499999999999998,-0.1299999999999999,27,40,32.0,0.0,1.25,1.6,1.22,0.0,1.3566666666666667,0.3800000000000001,-0.3500000000000001,0.030000000000000027,4,2,0,3,2.0,8.0,False,True,False,False,True,False,False,False,8.0,0,3.0,643.0,-0.17811,0.193805,0.530262,1.590786,Co2|Ge1|Zr1,False
Co2ZrIn,9,4,3.0,0.0,25.0,5,6.0,1.0,1.88,1.33,1.78,0.0,1.7175,0.5499999999999998,0.09999999999999987,27,40,49.0,0.0,1.25,1.6,1.67,0.0,1.5066666666666666,0.41999999999999993,-0.3500000000000001,-0.41999999999999993,4,2,0,3,1.0,7.0,False,True,False,False,True,False,False,False,7.0,0,3.0,758.0,-0.16953,0.097642,0.644251,1.932752,Co2|In1|Zr1,False
Co2ZrSi,9,4,4.0,0.0,26.0,5,5.0,0.0,1.88,1.33,1.9,0.0,1.7475,0.5499999999999998,-0.020000000000000018,27,40,14.0,0.0,1.25,1.6,1.11,0.0,1.32,0.49,-0.3500000000000001,0.1399999999999999,4,2,0,3,2.0,8.0,False,True,False,False,False,False,True,False,8.0,0,6.0,918.0,-0.09962,0.164285,0.501671,3.010025,Co2|Si1|Zr1,True
CoCrAs,9,6,5.0,0.0,20.0,3,4.0,1.0,1.88,1.66,2.18,0.0,1.906666666666667,0.21999999999999997,-0.30000000000000027,27,24,33.0,0.0,1.25,1.28,1.19,0.0,1.24,0.09000000000000008,-0.030000000000000027,0.06000000000000005,3,2,0,3,-4.0,2.0,False,True,False,False,False,False,True,False,2.0,0,6.0,770.0,-0.04414,0.092295,0.294528,1.767168,As1|Co1|Cr1,False
CoFeAs,9,8,5.0,0.0,22.0,1,4.0,3.0,1.88,1.83,2.18,0.0,1.9633333333333336,0.04999999999999982,-0.30000000000000027,27,26,33.0,0.0,1.25,1.26,1.19,0.0,1.2333333333333332,0.07000000000000006,-0.010000000000000009,0.06000000000000005,3,2,0,3,-2.0,4.0,False,True,False,False,False,False,True,False,4.0,0,6.0,710.0,-0.29301,0.026766,0.277566,1.665399,As1|Co1|Fe1,True
CoFeGe,9,8,4.0,0.0,21.0,1,5.0,4.0,1.88,1.83,2.01,0.0,1.9066666666666665,0.04999999999999982,-0.1299999999999999,27,26,32.0,0.0,1.25,1.26,1.22,0.0,1.2433333333333332,0.040000000000000036,-0.010000000000000009,0.030000000000000027,3,2,0,3,-3.0,3.0,False,True,False,False,False,False,True,False,3.0,0,6.0,830.0,-0.12144,0.058425,0.4083,2.4498,Co1|Fe1|Ge1,False
CoFeSb,9,8,5.0,0.0,22.0,1,4.0,3.0,1.88,1.83,2.05,0.0,1.92,0.04999999999999982,-0.16999999999999993,27,26,51.0,0.0,1.25,1.26,1.59,0.0,1.3666666666666665,0.3400000000000001,-0.010000000000000009,-0.3400000000000001,3,2,0,3,-2.0,4.0,False,True,False,False,True,False,False,False,4.0,0,3.0,662.0,-0.14832,0.140917,0.614956,1.844867,Co1|Fe1|Sb1,False
CoFeSi,9,8,4.0,0.0,21.0,1,5.0,4.0,1.88,1.83,1.9,0.0,1.8699999999999999,0.04999999999999982,-0.020000000000000018,27,26,14.0,0.0,1.25,1.26,1.11,0.0,1.2066666666666668,0.1499999999999999,-0.010000000000000009,0.1399999999999999,3,2,0,3,-3.0,3.0,False,True,False,False,False,False,True,False,3.0,0,6.0,719.0,-0.09505,0.104258,0.369944,2.219664,Co1|Fe1|Si1,False
CoMnSb,9,7,5.0,0.0,21.0,2,4.0,2.0,1.88,1.55,2.05,0.0,1.8266666666666664,0.32999999999999985,-0.16999999999999993,27,25,51.0,0.0,1.25,1.27,1.59,0.0,1.37,0.3400000000000001,-0.020000000000000018,-0.3400000000000001,3,2,0,3,-3.0,3.0,False,True,False,False,True,False,False,False,3.0,0,3.0,712.0,-0.13408,0.063987,0.6783,2.034901,Co1|Mn1|Sb1,False
Cr2CoGa,6,9,3.0,0.0,24.0,-3,3.0,6.0,1.66,1.88,1.81,0.0,1.7525,-0.21999999999999997,-0.15000000000000013,24,27,31.0,0.0,1.28,1.25,1.35,0.0,1.2933333333333334,0.10000000000000009,0.030000000000000027,-0.07000000000000006,4,3,0,3,0.0,6.0,False,True,False,False,False,False,True,False,6.0,0,6.0,628.0,-0.09105,0.08312,0.338916,2.033495,Co1|Cr2|Ga1,False
Cr2CoIn,6,9,3.0,0.0,24.0,-3,3.0,6.0,1.66,1.88,1.78,0.0,1.7449999999999999,-0.21999999999999997,-0.1200000000000001,24,27,49.0,0.0,1.28,1.25,1.67,0.0,1.4000000000000001,0.41999999999999993,0.030000000000000027,-0.3899999999999999,4,3,0,3,0.0,6.0,False,True,False,False,True,False,False,False,6.0,0,3.0,958.0,-0.10464,0.020011,1.069132,3.207395,Co1|Cr2|In1,False
Cr2CrAl,6,6,3.0,0.0,21.0,0,3.0,3.0,1.66,1.66,1.61,0.0,1.6475,0.0,0.04999999999999982,24,24,13.0,0.0,1.28,1.28,1.43,0.0,1.33,0.1499999999999999,0.0,-0.1499999999999999,4,3,0,2,-3.0,3.0,False,True,False,False,True,False,False,False,3.0,1,3.0,897.0,-0.12739,0.085079,0.934558,2.803673,Al1|Cr3,False
Cr2CrGa,6,6,3.0,0.0,21.0,0,3.0,3.0,1.66,1.66,1.81,0.0,1.6974999999999998,0.0,-0.15000000000000013,24,24,31.0,0.0,1.28,1.28,1.35,0.0,1.3033333333333335,0.07000000000000006,0.0,-0.07000000000000006,4,3,0,2,-3.0,3.0,False,True,False,False,True,False,False,False,3.0,1,3.0,731.0,-0.1239,0.101819,0.650938,1.952814,Cr3|Ga1,False
Cr2CrGe,6,6,4.0,0.0,22.0,0,2.0,2.0,1.66,1.66,2.01,0.0,1.7474999999999998,0.0,-0.34999999999999987,24,24,32.0,0.0,1.28,1.28,1.22,0.0,1.26,0.06000000000000005,0.0,0.06000000000000005,4,3,0,2,-2.0,4.0,False,True,False,False,False,False,True,False,4.0,1,6.0,761.0,-0.10291,0.200194,0.366223,2.197336,Cr3|Ge1,True
Cr2CrIn,6,6,3.0,0.0,21.0,0,3.0,3.0,1.66,1.66,1.78,0.0,1.69,0.0,-0.1200000000000001,24,24,49.0,0.0,1.28,1.28,1.67,0.0,1.4100000000000001,0.3899999999999999,0.0,-0.3899999999999999,4,3,0,2,-3.0,3.0,False,True,False,False,False,False,True,False,3.0,1,6.0,752.0,-0.12529,0.202133,0.353396,2.120377,Cr3|In1,False
Cr2CrSi,6,6,4.0,0.0,22.0,0,2.0,2.0,1.66,1.66,1.9,0.0,1.7199999999999998,0.0,-0.24,24,24,14.0,0.0,1.28,1.28,1.11,0.0,1.2233333333333334,0.16999999999999993,0.0,0.16999999999999993,4,3,0,2,-2.0,4.0,False,True,False,False,True,False,False,False,4.0,1,3.0,746.0,-0.07798,0.062657,0.746348,2.239045,Cr3|Si1,True
Cr2CuAl,6,11,3.0,0.0,26.0,-5,3.0,8.0,1.66,1.9,1.61,0.0,1.7075,-0.24,0.04999999999999982,24,29,13.0,0.0,1.28,1.28,1.43,0.0,1.33,0.1499999999999999,0.0,-0.1499999999999999,4,2,0,3,2.0,8.0,False,True,False,False,True,False,False,False,8.0,0,3.0,719.0,-0.19372,0.069057,0.71633,2.148991,Al1|Cr2|Cu1,False
Cr2CuGa,6,11,3.0,0.0,26.0,-5,3.0,8.0,1.66,1.9,1.81,0.0,1.7574999999999998,-0.24,-0.15000000000000013,24,29,31.0,0.0,1.28,1.28,1.35,0.0,1.3033333333333335,0.07000000000000006,0.0,-0.07000000000000006,4,2,0,3,2.0,8.0,False,True,False,False,True,False,False,False,8.0,0,3.0,766.0,-0.03702,0.095222,0.742062,2.226186,Cr2|Cu1|Ga1,False
Cr2CuGe,6,11,4.0,0.0,27.0,-5,2.0,7.0,1.66,1.9,2.01,0.0,1.8074999999999999,-0.24,-0.34999999999999987,24,29,32.0,0.0,1.28,1.28,1.22,0.0,1.26,0.06000000000000005,0.0,0.06000000000000005,4,2,0,3,3.0,9.0,False,True,False,False,True,False,False,False,9.0,0,3.0,726.0,-0.18987,0.159561,0.757636,2.272909,Cr2|Cu1|Ge1,True
Cr2CuIn,6,11,3.0,0.0,26.0,-5,3.0,8.0,1.66,1.9,1.78,0.0,1.75,-0.24,-0.1200000000000001,24,29,49.0,0.0,1.28,1.28,1.67,0.0,1.4100000000000001,0.3899999999999999,0.0,-0.3899999999999999,4,2,0,3,2.0,8.0,False,True,False,False,True,False,False,False,8.0,0,3.0,839.0,-0.14738,0.083985,0.965487,2.896461,Cr2|Cu1|In1,False
Cr2FeGa,6,8,3.0,0.0,23.0,-2,3.0,5.0,1.66,1.83,1.81,0.0,1.7400000000000002,-0.17000000000000015,-0.15000000000000013,24,26,31.0,0.0,1.28,1.26,1.35,0.0,1.2966666666666666,0.09000000000000008,0.020000000000000018,-0.07000000000000006,4,3,0,3,-1.0,5.0,False,True,False,False,False,False,True,False,5.0,0,6.0,504.0,-0.05411,0.0,0.228888,1.373326,Cr2|Fe1|Ga1,False
Cr2FeGe,6,8,4.0,0.0,24.0,-2,2.0,4.0,1.66,1.83,2.01,0.0,1.79,-0.17000000000000015,-0.34999999999999987,24,26,32.0,0.0,1.28,1.26,1.22,0.0,1.2533333333333332,0.06000000000000005,0.020000000000000018,0.06000000000000005,4,3,0,3,0.0,6.0,False,True,False,False,True,False,False,False,6.0,0,3.0,771.0,-0.22987,0.118108,0.794347,2.38304,Cr2|Fe1|Ge1,False
Cr2FeIn,6,8,3.0,0.0,23.0,-2,3.0,5.0,1.66,1.83,1.78,0.0,1.7325000000000002,-0.17000000000000015,-0.1200000000000001,24,26,49.0,0.0,1.28,1.26,1.67,0.0,1.4033333333333333,0.4099999999999999,0.020000000000000018,-0.3899999999999999,4,3,0,3,-1.0,5.0,False,True,False,False,False,False,True,False,5.0,0,6.0,679.0,-0.12415,0.091144,0.294497,1.766982,Cr2|Fe1|In1,False
Cr2FeSi,6,8,4.0,0.0,24.0,-2,2.0,4.0,1.66,1.83,1.9,0.0,1.7625000000000002,-0.17000000000000015,-0.24,24,26,14.0,0.0,1.28,1.26,1.11,0.0,1.2166666666666668,0.16999999999999993,0.020000000000000018,0.16999999999999993,4,3,0,3,0.0,6.0,False,True,False,False,True,False,False,False,6.0,0,3.0,654.0,-0.15413,0.112341,0.603591,1.810773,Cr2|Fe1|Si1,False
Cr2MnGe,6,7,4.0,0.0,23.0,-1,2.0,3.0,1.66,1.55,2.01,0.0,1.72,0.10999999999999988,-0.34999999999999987,24,25,32.0,0.0,1.28,1.27,1.22,0.0,1.2566666666666666,0.06000000000000005,0.010000000000000009,0.06000000000000005,4,3,0,3,-1.0,5.0,False,True,False,False,False,False,True,False,5.0,0,6.0,735.0,-0.09544,0.0,0.400078,2.400468,Cr2|Ge1|Mn1,True
Cr2MnIn,6,7,3.0,0.0,22.0,-1,3.0,4.0,1.66,1.55,1.78,0.0,1.6625,0.10999999999999988,-0.1200000000000001,24,25,49.0,0.0,1.28,1.27,1.67,0.0,1.4066666666666665,0.3999999999999999,0.010000000000000009,-0.3899999999999999,4,3,0,3,-2.0,4.0,False,True,False,False,True,False,False,False,4.0,0,3.0,805.0,0.02714,0.082239,0.687742,2.063225,Cr2|In1|Mn1,False
Cr2NiIn,6,10,3.0,0.0,25.0,-4,3.0,7.0,1.66,1.91,1.78,0.0,1.7525,-0.25,-0.1200000000000001,24,28,49.0,0.0,1.28,1.24,1.67,0.0,1.3966666666666665,0.42999999999999994,0.040000000000000036,-0.3899999999999999,4,3,0,3,1.0,7.0,False,True,False,False,True,False,False,False,7.0,0,3.0,981.0,-0.15623,0.089171,1.198851,3.596554,Cr2|In1|Ni1,False
Cr2VGa,6,5,3.0,0.0,20.0,1,3.0,2.0,1.66,1.63,1.81,0.0,1.69,0.030000000000000027,-0.15000000000000013,24,23,31.0,0.0,1.28,1.34,1.35,0.0,1.3233333333333335,0.07000000000000006,-0.06000000000000005,-0.07000000000000006,4,2,0,3,-4.0,2.0,False,True,False,False,False,False,True,False,2.0,0,6.0,837.0,-0.21054,0.014691,0.458444,2.750667,Cr2|Ga1|V1,False
Cr2VIn,6,5,3.0,0.0,20.0,1,3.0,2.0,1.66,1.63,1.78,0.0,1.6824999999999999,0.030000000000000027,-0.1200000000000001,24,23,49.0,0.0,1.28,1.34,1.67,0.0,1.43,0.3899999999999999,-0.06000000000000005,-0.3899999999999999,4,2,0,3,-4.0,2.0,False,True,False,False,True,False,False,False,2.0,0,3.0,882.0,-0.19667,0.102316,0.90927,2.727809,Cr2|In1|V1,True
Cr2VSi,6,5,4.0,0.0,21.0,1,2.0,1.0,1.66,1.63,1.9,0.0,1.7125,0.030000000000000027,-0.24,24,23,14.0,0.0,1.28,1.34,1.11,0.0,1.2433333333333334,0.22999999999999998,-0.06000000000000005,0.16999999999999993,4,2,0,3,-3.0,3.0,False,True,False,False,True,False,False,False,3.0,0,3.0,448.0,-0.21714,0.037311,0.338941,1.016822,Cr2|Si1|V1,False
Cr2ZrAl,6,4,3.0,0.0,19.0,2,3.0,1.0,1.66,1.33,1.61,0.0,1.5650000000000002,0.32999999999999985,0.04999999999999982,24,40,13.0,0.0,1.28,1.6,1.43,0.0,1.4366666666666665,0.32000000000000006,-0.32000000000000006,-0.1499999999999999,4,2,0,3,-5.0,1.0,False,True,False,False,False,False,True,False,1.0,0,6.0,820.0,-0.05263,0.191279,0.416526,2.499155,Al1|Cr2|Zr1,False
Cr2ZrGa,6,4,3.0,0.0,19.0,2,3.0,1.0,1.66,1.33,1.81,0.0,1.6150000000000002,0.32999999999999985,-0.15000000000000013,24,40,31.0,0.0,1.28,1.6,1.35,0.0,1.4100000000000001,0.32000000000000006,-0.32000000000000006,-0.07000000000000006,4,2,0,3,-5.0,1.0,False,True,False,False,True,False,False,False,1.0,0,3.0,614.0,-0.21321,0.17168,0.47977,1.43931,Cr2|Ga1|Zr1,False
Cr2ZrGe,6,4,4.0,0.0,20.0,2,2.0,0.0,1.66,1.33,2.01,0.0,1.665,0.32999999999999985,-0.34999999999999987,24,40,32.0,0.0,1.28,1.6,1.22,0.0,1.3666666666666665,0.3800000000000001,-0.32000000000000006,0.06000000000000005,4,2,0,3,-4.0,2.0,False,True,False,False,True,False,False,False,2.0,0,3.0,455.0,-0.06143,0.092777,0.304555,0.913665,Cr2|Ge1|Zr1,True
Cr2ZrIn,6,4,3.0,0.0,19.0,2,3.0,1.0,1.66,1.33,1.78,0.0,1.6075000000000002,0.32999999999999985,-0.1200000000000001,24,40,49.0,0.0,1.28,1.6,1.67,0.0,1.5166666666666666,0.3899999999999999,-0.32000000000000006,-0.3899999999999999,4,2,0,3,-5.0,1.0,False,True,False,False,True,False,False,False,1.0,0,3.0,625.0,-0.13989,0.216336,0.499945,1.499834,Cr2|In1|Zr1,False
Cr2ZrSi,6,4,4.0,0.0,20.0,2,2.0,0.0,1.66,1.33,1.9,0.0,1.6375000000000002,0.32999999999999985,-0.24,24,40,14.0,0.0,1.28,1.6,1.11,0.0,1.33,0.49,-0.32000000000000006,0.16999999999999993,4,2,0,3,-4.0,2.0,False,True,False,False,True,False,False,False,2.0,0,3.0,815.0,-0.0966,0.027275,0.805705,2.417116,Cr2|Si1|Zr1,False
CrMnAs,6,7,5.0,0.0,18.0,-1,1.0,2.0,1.66,1.55,2.18,0.0,1.7966666666666669,0.10999999999999988,-0.5200000000000002,24,25,33.0,0.0,1.28,1.27,1.19,0.0,1.2466666666666666,0.09000000000000008,0.010000000000000009,0.09000000000000008,3,2,0,3,-6.0,0.0,False,True,False,False,True,False,False,False,0.0,0,1.0,2243.9,-0.0387,0.144991,0.003744,0.003744,As1|Cr1|Mn1,False
Cu2CoAl,11,9,3.0,0.0,34.0,2,8.0,6.0,1.9,1.88,1.61,0.0,1.8225,0.020000000000000018,0.2899999999999998,29,27,13.0,0.0,1.28,1.25,1.43,0.0,1.32,0.17999999999999994,0.030000000000000027,-0.1499999999999999,4,1,0,3,10.0,16.0,False,True,False,False,True,False,False,False,16.0,0,3.0,860.0,-0.29689,0.052931,0.857434,2.572303,Al1|Co1|Cu2,False
Cu2CoGa,11,9,3.0,0.0,34.0,2,8.0,6.0,1.9,1.88,1.81,0.0,1.8725,0.020000000000000018,0.08999999999999986,29,27,31.0,0.0,1.28,1.25,1.35,0.0,1.2933333333333334,0.10000000000000009,0.030000000000000027,-0.07000000000000006,4,1,0,3,10.0,16.0,False,True,False,False,True,False,False,False,16.0,0,3.0,805.0,-0.20416,0.05364,0.805032,2.415096,Co1|Cu2|Ga1,False
Cu2CoGe,11,9,4.0,0.0,35.0,2,7.0,5.0,1.9,1.88,2.01,0.0,1.9224999999999999,0.020000000000000018,-0.10999999999999988,29,27,32.0,0.0,1.28,1.25,1.22,0.0,1.25,0.06000000000000005,0.030000000000000027,0.06000000000000005,4,1,0,3,11.0,17.0,False,True,False,False,True,False,False,False,17.0,0,3.0,685.0,-0.17534,0.098645,0.63573,1.907191,Co1|Cu2|Ge1,True
Cu2CoIn,11,9,3.0,0.0,34.0,2,8.0,6.0,1.9,1.88,1.78,0.0,1.865,0.020000000000000018,0.11999999999999988,29,27,49.0,0.0,1.28,1.25,1.67,0.0,1.4000000000000001,0.41999999999999993,0.030000000000000027,-0.3899999999999999,4,1,0,3,10.0,16.0,False,True,False,False,False,False,True,False,16.0,0,6.0,844.0,-0.07661,0.0,0.48564,2.91384,Co1|Cu2|In1,False
Cu2CoSi,11,9,4.0,0.0,35.0,2,7.0,5.0,1.9,1.88,1.9,0.0,1.895,0.020000000000000018,0.0,29,27,14.0,0.0,1.28,1.25,1.11,0.0,1.2133333333333336,0.16999999999999993,0.030000000000000027,0.16999999999999993,4,1,0,3,11.0,17.0,False,True,False,False,False,False,True,False,17.0,0,6.0,663.0,-0.09438,0.117025,0.251011,1.506063,Co1|Cu2|Si1,False
Cu2CrAl,11,6,3.0,0.0,31.0,5,8.0,3.0,1.9,1.66,1.61,0.0,1.7675,0.24,0.2899999999999998,29,24,13.0,0.0,1.28,1.28,1.43,0.0,1.33,0.1499999999999999,0.0,-0.1499999999999999,4,1,0,3,7.0,13.0,False,True,False,False,True,False,False,False,13.0,0,3.0,683.0,-0.25155,0.202151,0.700388,2.101164,Al1|Cr1|Cu2,False
Cu2CrGa,11,6,3.0,0.0,31.0,5,8.0,3.0,1.9,1.66,1.81,0.0,1.8175,0.24,0.08999999999999986,29,24,31.0,0.0,1.28,1.28,1.35,0.0,1.3033333333333335,0.07000000000000006,0.0,-0.07000000000000006,4,1,0,3,7.0,13.0,False,True,False,False,True,False,False,False,13.0,0,3.0,883.0,-0.12808,0.109113,0.875802,2.627406,Cr1|Cu2|Ga1,False
Cu2CrGe,11,6,4.0,0.0,32.0,5,7.0,2.0,1.9,1.66,2.01,0.0,1.8675,0.24,-0.10999999999999988,29,24,32.0,0.0,1.28,1.28,1.22,0.0,1.26,0.06000000000000005,0.0,0.06000000000000005,4,1,0,3,8.0,14.0,False,True,False,False,True,False,False,False,14.0,0,3.0,663.0,-0.12109,0.022412,0.762065,2.286195,Cr1|Cu2|Ge1,False
Cu2CrIn,11,6,3.0,0.0,31.0,5,8.0,3.0,1.9,1.66,1.78,0.0,1.81,0.24,0.11999999999999988,29,24,49.0,0.0,1.28,1.28,1.67,0.0,1.4100000000000001,0.3899999999999999,0.0,-0.3899999999999999,4,1,0,3,7.0,13.0,False,True,False,False,True,False,False,False,13.0,0,3.0,413.0,-0.15453,0.173138,0.341483,1.024449,Cr1|Cu2|In1,False
Cu2CrSi,11,6,4.0,0.0,32.0,5,7.0,2.0,1.9,1.66,1.9,0.0,1.8399999999999999,0.24,0.0,29,24,14.0,0.0,1.28,1.28,1.11,0.0,1.2233333333333334,0.16999999999999993,0.0,0.16999999999999993,4,1,0,3,8.0,14.0,False,True,False,False,False,False,True,False,14.0,0,6.0,838.0,-0.04536,0.029271,0.445556,2.673335,Cr1|Cu2|Si1,False
Cu2CuAl,11,11,3.0,0.0,36.0,0,8.0,8.0,1.9,1.9,1.61,0.0,1.8275,0.0,0.2899999999999998,29,29,13.0,0.0,1.28,1.28,1.43,0.0,1.33,0.1499999999999999,0.0,-0.1499999999999999,4,0,0,2,12.0,18.0,False,True,False,False,True,False,False,False,18.0,1,3.0,732.0,-0.2538,0.054529,0.67081,2.012429,Al1|Cu3,False
Cu2CuGa,11,11,3.0,0.0,36.0,0,8.0,8.0,1.9,1.9,1.81,0.0,1.8775,0.0,0.08999999999999986,29,29,31.0,0.0,1.28,1.28,1.35,0.0,1.3033333333333335,0.07000000000000006,0.0,-0.07000000000000006,4,0,0,2,12.0,18.0,False,True,False,False,False,False,True,False,18.0,1,6.0,635.0,-0.27492,0.190205,0.305823,1.83494,Cu3|Ga1,False
Cu2CuGe,11,11,4.0,0.0,37.0,0,7.0,7.0,1.9,1.9,2.01,0.0,1.9274999999999998,0.0,-0.10999999999999988,29,29,32.0,0.0,1.28,1.28,1.22,0.0,1.26,0.06000000000000005,0.0,0.06000000000000005,4,0,0,2,13.0,19.0,False,True,False,False,True,False,False,False,19.0,1,3.0,751.0,-0.15001,0.165,0.790838,2.372515,Cu3|Ge1,False
Cu2CuIn,11,11,3.0,0.0,36.0,0,8.0,8.0,1.9,1.9,1.78,0.0,1.8699999999999999,0.0,0.11999999999999988,29,29,49.0,0.0,1.28,1.28,1.67,0.0,1.4100000000000001,0.3899999999999999,0.0,-0.3899999999999999,4,0,0,2,12.0,18.0,False,True,False,False,False,False,True,False,18.0,1,6.0,602.0,-0.06448,0.105471,0.286504,1.719027,Cu3|In1,False
Cu2CuSi,11,11,4.0,0.0,37.0,0,7.0,7.0,1.9,1.9,1.9,0.0,1.9,0.0,0.0,29,29,14.0,0.0,1.28,1.28,1.11,0.0,1.2233333333333334,0.16999999999999993,0.0,0.16999999999999993,4,0,0,2,13.0,19.0,False,True,False,False,True,False,False,False,19.0,1,3.0,554.0,-0.05901,0.120313,0.510346,1.531037,Cu3|Si1,True
Cu2FeAl,11,8,3.0,0.0,33.0,3,8.0,5.0,1.9,1.83,1.61,0.0,1.81,0.06999999999999984,0.2899999999999998,29,26,13.0,0.0,1.28,1.26,1.43,0.0,1.3233333333333333,0.16999999999999993,0.020000000000000018,-0.1499999999999999,4,1,0,3,9.0,15.0,False,True,False,False,False,False,True,False,15.0,0,6.0,642.0,-0.23308,0.002123,0.230214,1.381287,Al1|Cu2|Fe1,False
Cu2FeGa,11,8,3.0,0.0,33.0,3,8.0,5.0,1.9,1.83,1.81,0.0,1.8599999999999999,0.06999999999999984,0.08999999999999986,29,26,31.0,0.0,1.28,1.26,1.35,0.0,1.2966666666666666,0.09000000000000008,0.020000000000000018,-0.07000000000000006,4,1,0,3,9.0,15.0,False,True,False,False,True,False,False,False,15.0,0,3.0,522.0,-0.16357,0.051618,0.442403,1.327208,Cu2|Fe1|Ga1,False
Cu2FeGe,11,8,4.0,0.0,34.0,3,7.0,4.0,1.9,1.83,2.01,0.0,1.91,0.06999999999999984,-0.10999999999999988,29,26,32.0,0.0,1.28,1.26,1.22,0.0,1.2533333333333332,0.06000000000000005,0.020000000000000018,0.06000000000000005,4,1,0,3,10.0,16.0,False,True,False,False,True,False,False,False,16.0,0,3.0,918.0,-0.0785,0.153577,0.971603,2.91481,Cu2|Fe1|Ge1,False
Cu2FeIn,11,8,3.0,0.0,33.0,3,8.0,5.0,1.9,1.83,1.78,0.0,1.8525,0.06999999999999984,0.11999999999999988,29,26,49.0,0.0,1.28,1.26,1.67,0.0,1.4033333333333333,0.4099999999999999,0.020000000000000018,-0.3899999999999999,4,1,0,3,9.0,15.0,False,True,False,False,False,False,True,False,15.0,0,6.0,739.0,-0.10134,0.020972,0.398002,2.388014,Cu2|Fe1|In1,False
Cu2FeSi,11,8,4.0,0.0,34.0,3,7.0,4.0,1.9,1.83,1.9,0.0,1.8824999999999998,0.06999999999999984,0.0,29,26,14.0,0.0,1.28,1.26,1.11,0.0,1.2166666666666668,0.16999999999999993,0.020000000000000018,0.16999999999999993,4,1,0,3,10.0,16.0,False,True,False,False,True,False,False,False,16.0,0,3.0,686.0,-0.10868,0.15838,0.604084,1.812253,Cu2|Fe1|Si1,False
Cu2MnGe,11,7,4.0,0.0,33.0,4,7.0,3.0,1.9,1.55,2.01,0.0,1.8399999999999999,0.34999999999999987,-0.10999999999999988,29,25,32.0,0.0,1.28,1.27,1.22,0.0,1.2566666666666666,0.06000000000000005,0.010000000000000009,0.06000000000000005,4,1,0,3,9.0,15.0,False,True,False,False,True,False,False,False,15.0,0,3.0,535.0,-0.09915,0.067075,0.335756,1.007269,Cu2|Ge1|Mn1,False
Cu2MnIn,11,7,3.0,0.0,32.0,4,8.0,4.0,1.9,1.55,1.78,0.0,1.7825,0.34999999999999987,0.11999999999999988,29,25,49.0,0.0,1.28,1.27,1.67,0.0,1.4066666666666665,0.3999999999999999,0.010000000000000009,-0.3899999999999999,4,1,0,3,8.0,14.0,False,True,False,False,False,False,True,False,14.0,0,6.0,647.0,-0.14225,0.069769,0.362032,2.172192,Cu2|In1|Mn1,False
Cu2MnSi,11,7,4.0,0.0,33.0,4,7.0,3.0,1.9,1.55,1.9,0.0,1.8125,0.34999999999999987,0.0,29,25,14.0,0.0,1.28,1.27,1.11,0.0,1.22,0.16999999999999993,0.010000000000000009,0.16999999999999993,4,1,0,3,9.0,15.0,False,True,False,False,True,False,False,False,15.0,0,3.0,457.0,-0.17141,0.150806,0.312129,0.936386,Cu2|Mn1|Si1,False
Cu2NiAl,11,10,3.0,0.0,35.0,1,8.0,7.0,1.9,1.91,1.61,0.0,1.83,-0.010000000000000009,0.2899999999999998,29,28,13.0,0.0,1.28,1.24,1.43,0.0,1.3166666666666667,0.18999999999999995,0.040000000000000036,-0.1499999999999999,4,1,0,3,11.0,17.0,False,True,False,False,True,False,False,False,17.0,0,3.0,621.0,-0.13484,0.160447,0.457513,1.372539,Al1|Cu2|Ni1,False
Cu2NiGa,11,10,3.0,0.0,35.0,1,8.0,7.0,1.9,1.91,1.81,0.0,1.88,-0.010000000000000009,0.08999999999999986,29,28,31.0,0.0,1.28,1.24,1.35,0.0,1.29,0.1100000000000001,0.040000000000000036,-0.07000000000000006,4,1,0,3,11.0,17.0,False,True,False,False,True,False,False,False,17.0,0,3.0,709.0,-0.1343,0.052131,0.771397,2.314191,Cu2|Ga1|Ni1,True
Cu2NiGe,11,10,4.0,0.0,36.0,1,7.0,6.0,1.9,1.91,2.01,0.0,1.93,-0.010000000000000009,-0.10999999999999988,29,28,32.0,0.0,1.28,1.24,1.22,0.0,1.2466666666666668,0.06000000000000005,0.040000000000000036,0.06000000000000005,4,1,0,3,12.0,18.0,False,True,False,False,True,False,False,False,18.0,0,3.0,721.0,-0.18024,0.113887,0.774415,2.323245,Cu2|Ge1|Ni1,False
Cu2NiIn,11,10,3.0,0.0,35.0,1,8.0,7.0,1.9,1.91,1.78,0.0,1.8725,-0.010000000000000009,0.11999999999999988,29,28,49.0,0.0,1.28,1.24,1.67,0.0,1.3966666666666665,0.42999999999999994,0.040000000000000036,-0.3899999999999999,4,1,0,3,11.0,17.0,False,True,False,False,True,False,False,False,17.0,0,3.0,782.0,-0.29863,0.136195,0.71636,2.149079,Cu2|In1|Ni1,False
Cu2NiSi,11,10,4.0,0.0,36.0,1,7.0,6.0,1.9,1.91,1.9,0.0,1.9024999999999999,-0.010000000000000009,0.0,29,28,14.0,0.0,1.28,1.24,1.11,0.0,1.21,0.16999999999999993,0.040000000000000036,0.16999999999999993,4,1,0,3,12.0,18.0,False,True,False,False,True,False,False,False,18.0,0,3.0,879.0,-0.09779,0.031739,0.868768,2.606304,Cu2|Ni1|Si1,False
Cu2VAl,11,5,3.0,0.0,30.0,6,8.0,2.0,1.9,1.63,1.61,0.0,1.76,0.27,0.2899999999999998,29,23,13.0,0.0,1.28,1.34,1.43,0.0,1.3499999999999999,0.1499999999999999,-0.06000000000000005,-0.1499999999999999,4,0,0,3,6.0,12.0,False,True,False,False,True,False,False,False,12.0,0,3.0,671.0,-0.19111,0.031161,0.614596,1.843789,Al1|Cu2|V1,False
Cu2VGa,11,5,3.0,0.0,30.0,6,8.0,2.0,1.9,1.63,1.81,0.0,1.81,0.27,0.08999999999999986,29,23,31.0,0.0,1.28,1.34,1.35,0.0,1.3233333333333335,0.07000000000000006,-0.06000000000000005,-0.07000000000000006,4,0,0,3,6.0,12.0,False,True,False,False,True,False,False,False,12.0,0,3.0,731.0,-0.22702,0.087603,0.768369,2.305108,Cu2|Ga1|V1,False
Cu2VGe,11,5,4.0,0.0,31.0,6,7.0,1.0,1.9,1.63,2.01,0.0,1.8599999999999999,0.27,-0.10999999999999988,29,23,32.0,0.0,1.28,1.34,1.22,0.0,1.28,0.1200000000000001,-0.06000000000000005,0.06000000000000005,4,0,0,3,7.0,13.0,False,True,False,False,False,False,True,False,13.0,0,6.0,529.0,-0.06855,0.100855,0.201971,1.211824,Cu2|Ge1|V1,False
Cu2VIn,11,5,3.0,0.0,30.0,6,8.0,2.0,1.9,1.63,1.78,0.0,1.8025,0.27,0.11999999999999988,29,23,49.0,0.0,1.28,1.34,1.67,0.0,1.43,0.3899999999999999,-0.06000000000000005,-0.3899999999999999,4,0,0,3,6.0,12.0,False,True,False,False,True,False,False,False,12.0,0,3.0,811.0,-0.05849,0.124198,0.737936,2.213809,Cu2|In1|V1,False
Cu2ZrAl,11,4,3.0,0.0,29.0,7,8.0,1.0,1.9,1.33,1.61,0.0,1.685,0.5699999999999998,0.2899999999999998,29,40,13.0,0.0,1.28,1.6,1.43,0.0,1.4366666666666665,0.32000000000000006,-0.32000000000000006,-0.1499999999999999,4,0,0,3,5.0,11.0,False,True,False,False,True,False,False,False,11.0,0,3.0,717.0,-0.11668,0.096766,0.502949,1.508848,Al1|Cu2|Zr1,False
Cu2ZrGa,11,4,3.0,0.0,29.0,7,8.0,1.0,1.9,1.33,1.81,0.0,1.7349999999999999,0.5699999999999998,0.08999999999999986,29,40,31.0,0.0,1.28,1.6,1.35,0.0,1.4100000000000001,0.32000000000000006,-0.32000000000000006,-0.07000000000000006,4,0,0,3,5.0,11.0,False,True,False,False,False,False,True,False,11.0,0,6.0,644.0,-0.25163,0.218252,0.331711,1.990266,Cu2|Ga1|Zr1,False
Cu2ZrGe,11,4,4.0,0.0,30.0,7,7.0,0.0,1.9,1.33,2.01,0.0,1.785,0.5699999999999998,-0.10999999999999988,29,40,32.0,0.0,1.28,1.6,1.22,0.0,1.3666666666666665,0.3800000000000001,-0.32000000000000006,0.06000000000000005,4,0,0,3,6.0,12.0,False,True,False,False,True,False,False,False,12.0,0,3.0,669.0,-0.09569,0.09178,0.580101,1.740302,Cu2|Ge1|Zr1,False
Cu2ZrIn,11,4,3.0,0.0,29.0,7,8.0,1.0,1.9,1.33,1.78,0.0,1.7275,0.5699999999999998,0.11999999999999988,29,40,49.0,0.0,1.28,1.6,1.67,0.0,1.5166666666666666,0.3899999999999999,-0.32000000000000006,-0.3899999999999999,4,0,0,3,5.0,11.0,False,True,False,False,True,False,False,False,11.0,0,3.0,588.0,-0.03803,0.019472,0.439029,1.317088,Cu2|In1|Zr1,False
Cu2ZrSi,11,4,4.0,0.0,30.0,7,7.0,0.0,1.9,1.33,1.9,0.0,1.7574999999999998,0.5699999999999998,0.0,29,40,14.0,0.0,1.28,1.6,1.11,0.0,1.33,0.49,-0.32000000000000006,0.16999999999999993,4,0,0,3,6.0,12.0,False,True,False,False,True,False,False,False,12.0,0,3.0,742.0,-0.16245,0.145972,0.835069,2.505207,Cu2|Si1|Zr1,False
Fe2As,8,5,0.0,0.0,21.0,3,8.0,5.0,1.83,2.18,0.0,0.0,1.9466666666666665,-0.3500000000000001,1.83,26,33,0.0,0.0,1.26,1.19,0.0,0.0,1.225,0.07000000000000006,0.07000000000000006,1.26,3,2,0,2,-3.0,3.0,False,True,False,False,False,False,True,False,3.0,1,6.0,764.0,-0.24896,0.020773,0.376828,2.260971,As1|Fe2,False
Fe2CoIn,8,9,3.0,0.0,28.0,-1,5.0,6.0,1.83,1.88,1.78,0.0,1.83,-0.04999999999999982,0.050000000000000044,26,27,49.0,0.0,1.26,1.25,1.67,0.0,1.3933333333333333,0.41999999999999993,0.010000000000000009,-0.4099999999999999,4,3,0,3,4.0,10.0,False,True,False,False,True,False,False,False,10.0,0,3.0,552.0,-0.0397,0.02531,0.54832,1.644959,Co1|Fe2|In1,False
Fe2CrIn,8,6,3.0,0.0,25.0,2,5.0,3.0,1.83,1.66,1.78,0.0,1.7750000000000001,0.17000000000000015,0.050000000000000044,26,24,49.0,0.0,1.26,1.28,1.67,0.0,1.4033333333333333,0.4099999999999999,-0.020000000000000018,-0.4099999999999999,4,3,0,3,1.0,7.0,False,True,False,False,False,False,True,False,7.0,0,6.0,549.0,-0.09073,0.069207,0.314283,1.8857,Cr1|Fe2|In1,True
Fe2CuGe,8,11,4.0,0.0,31.0,-3,4.0,7.0,1.83,1.9,2.01,0.0,1.8925,-0.06999999999999984,-0.17999999999999972,26,29,32.0,0.0,1.26,1.28,1.22,0.0,1.2533333333333332,0.06000000000000005,-0.020000000000000018,0.040000000000000036,4,2,0,3,7.0,13.0,False,True,False,False,True,False,False,False,13.0,0,3.0,787.0,-0.15482,0.127288,0.795689,2.387066,Cu1|Fe2|Ge1,False
Fe2CuIn,8,11,3.0,0.0,30.0,-3,5.0,8.0,1.83,1.9,1.78,0.0,1.8350000000000002,-0.06999999999999984,0.050000000000000044,26,29,49.0,0.0,1.26,1.28,1.67,0.0,1.4033333333333333,0.4099999999999999,-0.020000000000000018,-0.4099999999999999,4,2,0,3,6.0,12.0,False,True,False,False,True,False,False,False,12.0,0,3.0,794.0,-0.07607,0.074642,0.779433,2.338299,Cu1|Fe2|In1,False
Fe2CuSi,8,11,4.0,0.0,31.0,-3,4.0,7.0,1.83,1.9,1.9,0.0,1.8650000000000002,-0.06999999999999984,-0.06999999999999984,26,29,14.0,0.0,1.26,1.28,1.11,0.0,1.2166666666666668,0.16999999999999993,-0.020000000000000018,0.1499999999999999,4,2,0,3,7.0,13.0,False,True,False,False,False,False,True,False,13.0,0,6.0,747.0,-0.01604,0.099664,0.389062,2.334371,Cu1|Fe2|Si1,False
Fe2FeAl,8,8,3.0,0.0,27.0,0,5.0,5.0,1.83,1.83,1.61,0.0,1.7750000000000001,0.0,0.21999999999999997,26,26,13.0,0.0,1.26,1.26,1.43,0.0,1.3166666666666667,0.16999999999999993,0.0,-0.16999999999999993,4,3,0,2,3.0,9.0,False,True,False,False,True,False,False,False,9.0,1,3.0,671.0,0.01189,0.100408,0.634993,1.90498,Al1|Fe3,False
Fe2FeGa,8,8,3.0,0.0,27.0,0,5.0,5.0,1.83,1.83,1.81,0.0,1.8250000000000002,0.0,0.020000000000000018,26,26,31.0,0.0,1.26,1.26,1.35,0.0,1.29,0.09000000000000008,0.0,-0.09000000000000008,4,3,0,2,3.0,9.0,False,True,False,False,True,False,False,False,9.0,1,3.0,595.0,-0.15664,0.087955,0.46131,1.383929,Fe3|Ga1,False
Fe2FeGe,8,8,4.0,0.0,28.0,0,4.0,4.0,1.83,1.83,2.01,0.0,1.875,0.0,-0.17999999999999972,26,26,32.0,0.0,1.26,1.26,1.22,0.0,1.2466666666666668,0.040000000000000036,0.0,0.040000000000000036,4,3,0,2,4.0,10.0,False,True,False,False,True,False,False,False,10.0,1,3.0,737.0,-0.15006,0.024976,0.767419,2.302258,Fe3|Ge1,False
Fe2FeIn,8,8,3.0,0.0,27.0,0,5.0,5.0,1.83,1.83,1.78,0.0,1.8175000000000001,0.0,0.050000000000000044,26,26,49.0,0.0,1.26,1.26,1.67,0.0,1.3966666666666665,0.4099999999999999,0.0,-0.4099999999999999,4,3,0,2,3.0,9.0,False,True,False,False,False,False,True,False,9.0,1,6.0,634.0,-0.25905,0.111382,0.278168,1.669009,Fe3|In1,False
Fe2FeSi,8,8,4.0,0.0,28.0,0,4.0,4.0,1.83,1.83,1.9,0.0,1.8475000000000001,0.0,-0.06999999999999984,26,26,14.0,0.0,1.26,1.26,1.11,0.0,1.21,0.1499999999999999,0.0,0.1499999999999999,4,3,0,2,4.0,10.0,False,True,False,False,True,False,False,False,10.0,1,3.0,850.0,-0.22692,0.149851,0.898745,2.696236,Fe3|Si1,False
Fe2MnAl,8,7,3.0,0.0,26.0,1,5.0,4.0,1.83,1.55,1.61,0.0,1.705,0.28,0.21999999999999997,26,25,13.0,0.0,1.26,1.27,1.43,0.0,1.32,0.16999999999999993,-0.010000000000000009,-0.16999999999999993,4,3,0,3,2.0,8.0,False,True,False,False,False,False,True,False,8.0,0,6.0,598.0,-0.12955,0.15932,0.220713,1.324277,Al1|Fe2|Mn1,False
Fe2MnIn,8,7,3.0,0.0,26.0,1,5.0,4.0,1.83,1.55,1.78,0.0,1.7475,0.28,0.050000000000000044,26,25,49.0,0.0,1.26,1.27,1.67,0.0,1.4000000000000001,0.4099999999999999,-0.010000000000000009,-0.4099999999999999,4,3,0,3,2.0,8.0,False,True,False,False,True,False,False,False,8.0,0,3.0,590.0,-0.202,0.060272,0.567032,1.701096,Fe2|In1|Mn1,False
Fe2NiIn,8,10,3.0,0.0,29.0,-2,5.0,7.0,1.83,1.91,1.78,0.0,1.8375000000000001,-0.07999999999999985,0.050000000000000044,26,28,49.0,0.0,1.26,1.24,1.67,0.0,1.39,0.42999999999999994,0.020000000000000018,-0.4099999999999999,4,3,0,3,5.0,11.0,False,True,False,False,False,False,True,False,11.0,0,6.0,533.0,-0.14727,0.034765,0.242848,1.457087,Fe2|In1|Ni1,False
Fe2VAl,8,5,3.0,0.0,24.0,3,5.0,2.0,1.83,1.63,1.61,0.0,1.725,0.20000000000000018,0.21999999999999997,26,23,13.0,0.0,1.26,1.34,1.43,0.0,1.3433333333333335,0.16999999999999993,-0.08000000000000007,-0.16999999999999993,4,2,0,3,0.0,6.0,False,True,False,False,True,False,False,False,6.0,0,3.0,597.0,-0.05995,0.083621,0.537077,1.61123,Al1|Fe2|V1,False
Fe2VGa,8,5,3.0,0.0,24.0,3,5.0,2.0,1.83,1.63,1.81,0.0,1.775,0.20000000000000018,0.020000000000000018,26,23,31.0,0.0,1.26,1.34,1.35,0.0,1.3166666666666667,0.09000000000000008,-0.08000000000000007,-0.09000000000000008,4,2,0,3,0.0,6.0,False,True,False,False,False,False,True,False,6.0,0,6.0,660.0,-0.16099,0.123428,0.324732,1.948389,Fe2|Ga1|V1,False
Fe2VIn,8,5,3.0,0.0,24.0,3,5.0,2.0,1.83,1.63,1.78,0.0,1.7675,0.20000000000000018,0.050000000000000044,26,23,49.0,0.0,1.26,1.34,1.67,0.0,1.4233333333333331,0.4099999999999999,-0.08000000000000007,-0.4099999999999999,4,2,0,3,0.0,6.0,False,True,False,False,True,False,False,False,6.0,0,3.0,666.0,-0.10822,0.051016,0.698584,2.095753,Fe2|In1|V1,False
Fe2ZrAl,8,4,3.0,0.0,23.0,4,5.0,1.0,1.83,1.33,1.61,0.0,1.6500000000000001,0.5,0.21999999999999997,26,40,13.0,0.0,1.26,1.6,1.43,0.0,1.43,0.3400000000000001,-0.3400000000000001,-0.16999999999999993,4,2,0,3,-1.0,5.0,False,True,False,False,True,False,False,False,5.0,0,3.0,715.0,-0.20283,0.14193,0.736829,2.210486,Al1|Fe2|Zr1,True
Fe2ZrGa,8,4,3.0,0.0,23.0,4,5.0,1.0,1.83,1.33,1.81,0.0,1.7000000000000002,0.5,0.020000000000000018,26,40,31.0,0.0,1.26,1.6,1.35,0.0,1.4033333333333335,0.3400000000000001,-0.3400000000000001,-0.09000000000000008,4,2,0,3,-1.0,5.0,False,True,False,False,True,False,False,False,5.0,0,3.0,705.0,-0.23937,0.039274,0.729429,2.188287,Fe2|Ga1|Zr1,False
Fe2ZrGe,8,4,4.0,0.0,24.0,4,4.0,0.0,1.83,1.33,2.01,0.0,1.75,0.5,-0.17999999999999972,26,40,32.0,0.0,1.26,1.6,1.22,0.0,1.36,0.3800000000000001,-0.3400000000000001,0.040000000000000036,4,2,0,3,0.0,6.0,False,True,False,False,True,False,False,False,6.0,0,3.0,771.0,-0.16247,0.067103,0.693336,2.080009,Fe2|Ge1|Zr1,False
Fe2ZrIn,8,4,3.0,0.0,23.0,4,5.0,1.0,1.83,1.33,1.78,0.0,1.6925000000000001,0.5,0.050000000000000044,26,40,49.0,0.0,1.26,1.6,1.67,0.0,1.51,0.4099999999999999,-0.3400000000000001,-0.4099999999999999,4,2,0,3,-1.0,5.0,False,True,False,False,True,False,False,False,5.0,0,3.0,734.0,-0.1291,0.077843,0.690565,2.071694,Fe2|In1|Zr1,False
Fe2ZrSi,8,4,4.0,0.0,24.0,4,4.0,0.0,1.83,1.33,1.9,0.0,1.7225000000000001,0.5,-0.06999999999999984,26,40,14.0,0.0,1.26,1.6,1.11,0.0,1.3233333333333335,0.49,-0.3400000000000001,0.1499999999999999,4,2,0,3,0.0,6.0,False,True,False,False,False,False,True,False,6.0,0,6.0,731.0,-0.21948,0.058888,0.320704,1.924222,Fe2|Si1|Zr1,False
FeCrAs,8,6,5.0,0.0,19.0,2,3.0,1.0,1.83,1.66,2.18,0.0,1.89,0.17000000000000015,-0.3500000000000001,26,24,33.0,0.0,1.26,1.28,1.19,0.0,1.2433333333333334,0.09000000000000008,-0.020000000000000018,0.07000000000000006,3,2,0,3,-5.0,1.0,False,True,False,False,False,False,True,False,1.0,0,6.0,824.0,-0.14451,0.036262,0.372799,2.236796,As1|Cr1|Fe1,False
FeHfAs,8,4,5.0,0.0,17.0,4,3.0,-1.0,1.83,1.3,2.18,0.0,1.7700000000000002,0.53,-0.3500000000000001,26,72,33.0,0.0,1.26,1.59,1.19,0.0,1.3466666666666667,0.40000000000000013,-0.33000000000000007,0.07000000000000006,3,1,0,3,-7.0,-1.0,False,True,False,False,True,False,False,False,-1.0,0,3.0,779.0,-0.10433,0.168134,0.825667,2.477001,As1|Fe1|Hf1,False
FeHfBi,8,4,5.0,0.0,17.0,4,3.0,-1.0,1.83,1.3,2.02,0.0,1.7166666666666668,0.53,-0.18999999999999995,26,72,83.0,0.0,1.26,1.59,1.7,0.0,1.5166666666666666,0.43999999999999995,-0.33000000000000007,-0.43999999999999995,3,1,0,3,-7.0,-1.0,False,True,False,False,False,False,True,False,-1.0,0,6.0,753.0,-0.04093,0.149726,0.334595,2.007572,Bi1|Fe1|Hf1,False
FeHfSb,8,4,5.0,0.0,17.0,4,3.0,-1.0,1.83,1.3,2.05,0.0,1.7266666666666666,0.53,-0.21999999999999975,26,72,51.0,0.0,1.26,1.59,1.59,0.0,1.4800000000000002,0.33000000000000007,-0.33000000000000007,-0.33000000000000007,3,1,0,3,-7.0,-1.0,False,True,False,False,False,False,True,False,-1.0,0,6.0,591.0,-0.14486,0.035335,0.273725,1.642348,Fe1|Hf1|Sb1,False
FeHfSn,8,4,4.0,0.0,16.0,4,4.0,0.0,1.83,1.3,1.96,0.0,1.6966666666666665,0.53,-0.1299999999999999,26,72,50.0,0.0,1.26,1.59,0.0,0.0,0.9500000000000001,1.59,-0.33000000000000007,1.26,3,1,0,3,-8.0,-2.0,False,True,False,False,False,False,True,False,-2.0,0,6.0,500.0,-0.15317,0.06792,0.184292,1.105752,Fe1|Hf1|Sn1,False
FeMnGe,8,7,4.0,0.0,19.0,1,4.0,3.0,1.83,1.55,2.01,0.0,1.7966666666666666,0.28,-0.17999999999999972,26,25,32.0,0.0,1.26,1.27,1.22,0.0,1.25,0.050000000000000044,-0.010000000000000009,0.040000000000000036,3,2,0,3,-5.0,1.0,False,True,False,False,True,False,False,False,1.0,0,3.0,872.0,-0.17854,0.133367,0.840643,2.52193,Fe1|Ge1|Mn1,False
FeNbGe,8,5,4.0,0.0,17.0,3,4.0,1.0,1.83,1.6,2.01,0.0,1.8133333333333332,0.22999999999999998,-0.17999999999999972,26,41,32.0,0.0,1.26,1.46,1.22,0.0,1.3133333333333332,0.24,-0.19999999999999996,0.040000000000000036,3,1,0,3,-7.0,-1.0,False,True,False,False,True,False,False,False,-1.0,0,3.0,640.0,-0.08784,0.162734,0.609643,1.828929,Fe1|Ge1|Nb1,False
FeNbSi,8,5,4.0,0.0,17.0,3,4.0,1.0,1.83,1.6,1.9,0.0,1.7766666666666666,0.22999999999999998,-0.06999999999999984,26,41,14.0,0.0,1.26,1.46,1.11,0.0,1.2766666666666666,0.34999999999999987,-0.19999999999999996,0.1499999999999999,3,1,0,3,-7.0,-1.0,False,True,False,False,True,False,False,False,-1.0,0,3.0,701.0,-0.23567,0.128948,0.629423,1.888269,Fe1|Nb1|Si1,True
FeNbSn,8,5,4.0,0.0,17.0,3,4.0,1.0,1.83,1.6,1.96,0.0,1.7966666666666669,0.22999999999999998,-0.1299999999999999,26,41,50.0,0.0,1.26,1.46,0.0,0.0,0.9066666666666666,1.46,-0.19999999999999996,1.26,3,1,0,3,-7.0,-1.0,False,True,False,False,True,False,False,False,-1.0,0,3.0,723.0,-0.22071,0.109224,0.676368,2.029104,Fe1|Nb1|Sn1,False
FePdAs,8,10,5.0,0.0,23.0,-2,3.0,5.0,1.83,2.2,2.18,0.0,2.0700000000000003,-0.3700000000000001,-0.3500000000000001,26,46,33.0,0.0,1.26,1.37,1.19,0.0,1.2733333333333332,0.18000000000000016,-0.1100000000000001,0.07000000000000006,3,1,0,3,-1.0,5.0,False,True,False,False,True,False,False,False,5.0,0,3.0,652.0,-0.03944,0.154307,0.566016,1.698048,As1|Fe1|Pd1,True
FeTaGe,8,5,4.0,0.0,17.0,3,4.0,1.0,1.83,1.5,2.01,0.0,1.78,0.33000000000000007,-0.17999999999999972,26,73,32.0,0.0,1.26,1.46,1.22,0.0,1.3133333333333332,0.24,-0.19999999999999996,0.040000000000000036,3,1,0,3,-7.0,-1.0,False,True,False,False,True,False,False,False,-1.0,0,3.0,957.0,-0.04869,0.122638,0.941892,2.825675,Fe1|Ge1|Ta1,True
FeTaSi,8,5,4.0,0.0,17.0,3,4.0,1.0,1.83,1.5,1.9,0.0,1.7433333333333334,0.33000000000000007,-0.06999999999999984,26,73,14.0,0.0,1.26,1.46,1.11,0.0,1.2766666666666666,0.34999999999999987,-0.19999999999999996,0.1499999999999999,3,1,0,3,-7.0,-1.0,False,True,False,False,False,False,True,False,-1.0,0,6.0,556.0,-0.1096,0.151945,0.233309,1.399852,Fe1|Si1|Ta1,True
FeTaSn,8,5,4.0,0.0,17.0,3,4.0,1.0,1.83,1.5,1.96,0.0,1.7633333333333334,0.33000000000000007,-0.1299999999999999,26,73,50.0,0.0,1.26,1.46,0.0,0.0,0.9066666666666666,1.46,-0.19999999999999996,1.26,3,1,0,3,-7.0,-1.0,False,True,False,False,False,False,True,False,-1.0,0,6.0,642.0,-0.08803,0.044384,0.328373,1.970237,Fe1|Sn1|Ta1,False
FeTiAs,8,4,5.0,0.0,17.0,4,3.0,-1.0,1.83,1.54,2.18,0.0,1.8500000000000003,0.29000000000000004,-0.3500000000000001,26,22,33.0,0.0,1.26,1.47,1.19,0.0,1.3066666666666666,0.28,-0.20999999999999996,0.07000000000000006,3,1,0,3,-7.0,-1.0,False,True,False,False,True,False,False,False,-1.0,0,3.0,541.0,-0.14959,0.085925,0.430772,1.292315,As1|Fe1|Ti1,False
FeTiBi,8,4,5.0,0.0,17.0,4,3.0,-1.0,1.83,1.54,2.02,0.0,1.7966666666666669,0.29000000000000004,-0.18999999999999995,26,22,83.0,0.0,1.26,1.47,1.7,0.0,1.4766666666666666,0.43999999999999995,-0.20999999999999996,-0.43999999999999995,3,1,0,3,-7.0,-1.0,False,True,False,False,False,False,True,False,-1.0,0,6.0,620.0,-0.12588,0.097917,0.235943,1.415661,Bi1|Fe1|Ti1,False
FeTiSb,8,4,5.0,0.0,17.0,4,3.0,-1.0,1.83,1.54,2.05,0.0,1.8066666666666666,0.29000000000000004,-0.21999999999999975,26,22,51.0,0.0,1.26,1.47,1.59,0.0,1.4400000000000002,0.33000000000000007,-0.20999999999999996,-0.33000000000000007,3,1,0,3,-7.0,-1.0,False,True,False,False,True,False,False,False,-1.0,0,3.0,756.0,-0.31179,0.043417,0.90066,2.701979,Fe1|Sb1|Ti1,False
FeVGe,8,5,4.0,0.0,17.0,3,4.0,1.0,1.83,1.63,2.01,0.0,1.8233333333333333,0.20000000000000018,-0.17999999999999972,26,23,32.0,0.0,1.26,1.34,1.22,0.0,1.2733333333333334,0.1200000000000001,-0.08000000000000007,0.040000000000000036,3,1,0,3,-7.0,-1.0,False,True,False,False,False,False,True,False,-1.0,0,6.0,753.0,-0.03861,0.047162,0.339741,2.038447,Fe1|Ge1|V1,False
FeZrAs,8,4,5.0,0.0,17.0,4,3.0,-1.0,1.83,1.33,2.18,0.0,1.78,0.5,-0.3500000000000001,26,40,33.0,0.0,1.26,1.6,1.19,0.0,1.3500000000000003,0.41000000000000014,-0.3400000000000001,0.07000000000000006,3,1,0,3,-7.0,-1.0,False,True,False,False,True,False,False,False,-1.0,0,3.0,644.0,-0.08221,0.11049,0.463858,1.391573,As1|Fe1|Zr1,False
FeZrBi,8,4,5.0,0.0,17.0,4,3.0,-1.0,1.83,1.33,2.02,0.0,1.7266666666666666,0.5,-0.18999999999999995,26,40,83.0,0.0,1.26,1.6,1.7,0.0,1.5200000000000002,0.43999999999999995,-0.3400000000000001,-0.43999999999999995,3,1,0,3,-7.0,-1.0,False,True,False,False,False,False,True,False,-1.0,0,6.0,758.0,-0.16917,0.172563,0.378163,2.26898,Bi1|Fe1|Zr1,False
FeZrSb,8,4,5.0,0.0,17.0,4,3.0,-1.0,1.83,1.33,2.05,0.0,1.7366666666666666,0.5,-0.21999999999999975,26,40,51.0,0.0,1.26,1.6,1.59,0.0,1.4833333333333334,0.3400000000000001,-0.3400000000000001,-0.33000000000000007,3,1,0,3,-7.0,-1.0,False,True,False,False,False,False,True,False,-1.0,0,6.0,836.0,-0.21565,0.157803,0.367732,2.20639,Fe1|Sb1|Zr1,False
Mn2As,7,5,0.0,0.0,19.0,2,7.0,5.0,1.55,2.18,0.0,0.0,1.76,-0.6300000000000001,1.55,25,33,0.0,0.0,1.27,1.19,0.0,0.0,1.23,0.08000000000000007,0.08000000000000007,1.27,3,2,0,2,-5.0,1.0,False,True,False,False,True,False,False,False,1.0,1,3.0,682.0,-0.23103,0.118855,0.515329,1.545988,As1|Mn2,False
Mn2CoIn,7,9,3.0,0.0,26.0,-2,4.0,6.0,1.55,1.88,1.78,0.0,1.6900000000000002,-0.32999999999999985,-0.22999999999999998,25,27,49.0,0.0,1.27,1.25,1.67,0.0,1.3966666666666665,0.41999999999999993,0.020000000000000018,-0.3999999999999999,4,3,0,3,2.0,8.0,False,True,False,False,False,False,True,False,8.0,0,6.0,572.0,-0.13083,0.154235,0.205028,1.230167,Co1|In1|Mn2,False
Mn2CrAl,7,6,3.0,0.0,23.0,1,4.0,3.0,1.55,1.66,1.61,0.0,1.5925,-0.10999999999999988,-0.06000000000000005,25,24,13.0,0.0,1.27,1.28,1.43,0.0,1.3266666666666664,0.15999999999999992,-0.010000000000000009,-0.15999999999999992,4,3,0,3,-1.0,5.0,False,True,False,False,True,False,False,False,5.0,0,3.0,867.0,-0.02102,0.178895,0.939994,2.819982,Al1|Cr1|Mn2,False
Mn2CrGa,7,6,3.0,0.0,23.0,1,4.0,3.0,1.55,1.66,1.81,0.0,1.6425,-0.10999999999999988,-0.26,25,24,31.0,0.0,1.27,1.28,1.35,0.0,1.3,0.08000000000000007,-0.010000000000000009,-0.08000000000000007,4,3,0,3,-1.0,5.0,False,True,False,False,False,False,True,False,5.0,0,6.0,962.0,-0.11606,0.1086,0.45659,2.739539,Cr1|Ga1|Mn2,False
Mn2CrIn,7,6,3.0,0.0,23.0,1,4.0,3.0,1.55,1.66,1.78,0.0,1.635,-0.10999999999999988,-0.22999999999999998,25,24,49.0,0.0,1.27,1.28,1.67,0.0,1.4066666666666665,0.3999999999999999,-0.010000000000000009,-0.3999999999999999,4,3,0,3,-1.0,5.0,False,True,False,False,False,False,True,False,5.0,0,6.0,586.0,-0.19894,0.097778,0.297558,1.785349,Cr1|In1|Mn2,True
Mn2CrSi,7,6,4.0,0.0,24.0,1,3.0,2.0,1.55,1.66,1.9,0.0,1.665,-0.10999999999999988,-0.34999999999999987,25,24,14.0,0.0,1.27,1.28,1.11,0.0,1.22,0.16999999999999993,-0.010000000000000009,0.15999999999999992,4,3,0,3,0.0,6.0,False,True,False,False,True,False,False,False,6.0,0,3.0,671.0,-0.20355,0.087704,0.667811,2.003434,Cr1|Mn2|Si1,True
Mn2CuIn,7,11,3.0,0.0,28.0,-4,4.0,8.0,1.55,1.9,1.78,0.0,1.695,-0.34999999999999987,-0.22999999999999998,25,29,49.0,0.0,1.27,1.28,1.67,0.0,1.4066666666666665,0.3999999999999999,-0.010000000000000009,-0.3999999999999999,4,2,0,3,4.0,10.0,False,True,False,False,False,False,True,False,10.0,0,6.0,798.0,-0.11629,0.06437,0.391425,2.348551,Cu1|In1|Mn2,False
Mn2FeIn,7,8,3.0,0.0,25.0,-1,4.0,5.0,1.55,1.83,1.78,0.0,1.6775,-0.28,-0.22999999999999998,25,26,49.0,0.0,1.27,1.26,1.67,0.0,1.4000000000000001,0.4099999999999999,0.010000000000000009,-0.3999999999999999,4,3,0,3,1.0,7.0,False,True,False,False,True,False,False,False,7.0,0,3.0,882.0,-0.08652,0.0,0.884057,2.65217,Fe1|In1|Mn2,True
Mn2FeSi,7,8,4.0,0.0,26.0,-1,3.0,4.0,1.55,1.83,1.9,0.0,1.7075,-0.28,-0.34999999999999987,25,26,14.0,0.0,1.27,1.26,1.11,0.0,1.2133333333333336,0.15999999999999992,0.010000000000000009,0.15999999999999992,4,3,0,3,2.0,8.0,False,True,False,False,True,False,False,False,8.0,0,3.0,648.0,-0.24716,0.042136,0.594974,1.784922,Fe1|Mn2|Si1,False
Mn2Ge,7,4,0.0,0.0,18.0,3,7.0,4.0,1.55,2.01,0.0,0.0,1.7033333333333331,-0.45999999999999974,1.55,25,32,0.0,0.0,1.27,1.22,0.0,0.0,1.245,0.050000000000000044,0.050000000000000044,1.27,3,2,0,2,-6.0,0.0,False,True,False,False,False,False,True,False,0.0,1,6.0,601.0,-0.06916,0.065147,0.289569,1.737415,Ge1|Mn2,True
Mn2MnAl,7,7,3.0,0.0,24.0,0,4.0,4.0,1.55,1.55,1.61,0.0,1.5650000000000002,0.0,-0.06000000000000005,25,25,13.0,0.0,1.27,1.27,1.43,0.0,1.3233333333333333,0.15999999999999992,0.0,-0.15999999999999992,4,3,0,2,0.0,6.0,False,True,False,False,True,False,False,False,6.0,1,3.0,541.0,-0.06391,0.076053,0.557851,1.673552,Al1|Mn3,True
Mn2MnGa,7,7,3.0,0.0,24.0,0,4.0,4.0,1.55,1.55,1.81,0.0,1.6150000000000002,0.0,-0.26,25,25,31.0,0.0,1.27,1.27,1.35,0.0,1.2966666666666666,0.08000000000000007,0.0,-0.08000000000000007,4,3,0,2,0.0,6.0,False,True,False,False,True,False,False,False,6.0,1,3.0,732.0,-0.2765,0.153702,0.586156,1.758469,Ga1|Mn3,False
Mn2MnGe,7,7,4.0,0.0,25.0,0,3.0,3.0,1.55,1.55,2.01,0.0,1.665,0.0,-0.45999999999999974,25,25,32.0,0.0,1.27,1.27,1.22,0.0,1.2533333333333332,0.050000000000000044,0.0,0.050000000000000044,4,3,0,2,1.0,7.0,False,True,False,False,True,False,False,False,7.0,1,3.0,664.0,-0.14533,0.055313,0.383817,1.151451,Ge1|Mn3,False
Mn2MnIn,7,7,3.0,0.0,24.0,0,4.0,4.0,1.55,1.55,1.78,0.0,1.6075000000000002,0.0,-0.22999999999999998,25,25,49.0,0.0,1.27,1.27,1.67,0.0,1.4033333333333333,0.3999999999999999,0.0,-0.3999999999999999,4,3,0,2,0.0,6.0,False,True,False,False,False,False,True,False,6.0,1,6.0,877.0,-0.22105,0.081587,0.460117,2.760699,In1|Mn3,False
Mn2MnSi,7,7,4.0,0.0,25.0,0,3.0,3.0,1.55,1.55,1.9,0.0,1.6375000000000002,0.0,-0.34999999999999987,25,25,14.0,0.0,1.27,1.27,1.11,0.0,1.2166666666666668,0.15999999999999992,0.0,0.15999999999999992,4,3,0,2,1.0,7.0,False,True,False,False,True,False,False,False,7.0,1,3.0,713.0,-0.03713,0.094085,0.669808,2.009425,Mn3|Si1,True
Mn2Sb,7,5,0.0,0.0,19.0,2,7.0,5.0,1.55,2.05,0.0,0.0,1.7166666666666668,-0.4999999999999998,1.55,25,51,0.0,0.0,1.27,1.59,0.0,0.0,1.4300000000000002,0.32000000000000006,-0.32000000000000006,1.27,3,2,0,2,-5.0,1.0,False,True,False,False,False,False,True,False,1.0,1,6.0,654.0,-0.14022,0.069074,0.283312,1.699873,Mn2|Sb1,False
Mn2Si,7,4,0.0,0.0,18.0,3,7.0,4.0,1.55,1.9,0.0,0.0,1.6666666666666667,-0.34999999999999987,1.55,25,14,0.0,0.0,1.27,1.11,0.0,0.0,1.19,0.15999999999999992,0.15999999999999992,1.27,3,2,0,2,-6.0,0.0,False,True,False,False,True,False,False,False,0.0,1,2.0,1136.7,-0.18885,0.182075,0.010376,0.020753,Mn2|Si1,False
Mn2VAl,7,5,3.0,0.0,22.0,2,4.0,2.0,1.55,1.63,1.61,0.0,1.5850000000000002,-0.07999999999999985,-0.06000000000000005,25,23,13.0,0.0,1.27,1.34,1.43,0.0,1.3466666666666667,0.15999999999999992,-0.07000000000000006,-0.15999999999999992,4,2,0,3,-2.0,4.0,False,True,False,False,True,False,False,False,4.0,0,3.0,790.0,-0.11627,0.073887,0.791764,2.375293,Al1|Mn2|V1,False
Mn2VGa,7,5,3.0,0.0,22.0,2,4.0,2.0,1.55,1.63,1.81,0.0,1.6350000000000002,-0.07999999999999985,-0.26,25,23,31.0,0.0,1.27,1.34,1.35,0.0,1.32,0.08000000000000007,-0.07000000000000006,-0.08000000000000007,4,2,0,3,-2.0,4.0,False,True,False,False,True,False,False,False,4.0,0,3.0,725.0,-0.19288,0.148483,0.727881,2.183644,Ga1|Mn2|V1,False
Mn2VGe,7,5,4.0,0.0,23.0,2,3.0,1.0,1.55,1.63,2.01,0.0,1.685,-0.07999999999999985,-0.45999999999999974,25,23,32.0,0.0,1.27,1.34,1.22,0.0,1.2766666666666666,0.1200000000000001,-0.07000000000000006,0.050000000000000044,4,2,0,3,-1.0,5.0,False,True,False,False,False,False,True,False,5.0,0,6.0,613.0,0.065,0.0,0.276006,1.656033,Ge1|Mn2|V1,False
Mn2VIn,7,5,3.0,0.0,22.0,2,4.0,2.0,1.55,1.63,1.78,0.0,1.6275000000000002,-0.07999999999999985,-0.22999999999999998,25,23,49.0,0.0,1.27,1.34,1.67,0.0,1.4266666666666667,0.3999999999999999,-0.07000000000000006,-0.3999999999999999,4,2,0,3,-2.0,4.0,False,True,False,False,False,False,True,False,4.0,0,6.0,826.0,-0.27851,0.146754,0.420843,2.525055,In1|Mn2|V1,False
Mn2VSi,7,5,4.0,0.0,23.0,2,3.0,1.0,1.55,1.63,1.9,0.0,1.6575000000000002,-0.07999999999999985,-0.34999999999999987,25,23,14.0,0.0,1.27,1.34,1.11,0.0,1.2400000000000002,0.22999999999999998,-0.07000000000000006,0.15999999999999992,4,2,0,3,-1.0,5.0,False,True,False,False,True,False,False,False,5.0,0,3.0,828.0,-0.16351,0.104203,0.860313,2.580939,Mn2|Si1|V1,False
Mn2ZrAl,7,4,3.0,0.0,21.0,3,4.0,1.0,1.55,1.33,1.61,0.0,1.51,0.21999999999999997,-0.06000000000000005,25,40,13.0,0.0,1.27,1.6,1.43,0.0,1.4333333333333333,0.33000000000000007,-0.33000000000000007,-0.15999999999999992,4,2,0,3,-3.0,3.0,False,True,False,False,True,False,False,False,3.0,0,3.0,769.0,-0.21153,0.043606,0.804912,2.414737,Al1|Mn2|Zr1,False
Mn2ZrGe,7,4,4.0,0.0,22.0,3,3.0,0.0,1.55,1.33,2.01,0.0,1.6099999999999999,0.21999999999999997,-0.45999999999999974,25,40,32.0,0.0,1.27,1.6,1.22,0.0,1.3633333333333333,0.3800000000000001,-0.33000000000000007,0.050000000000000044,4,2,0,3,-2.0,4.0,False,True,False,False,False,False,True,False,4.0,0,6.0,683.0,-0.21579,0.167262,0.333351,2.000104,Ge1|Mn2|Zr1,False
Mn2ZrSi,7,4,4.0,0.0,22.0,3,3.0,0.0,1.55,1.33,1.9,0.0,1.5825,0.21999999999999997,-0.34999999999999987,25,40,14.0,0.0,1.27,1.6,1.11,0.0,1.3266666666666669,0.49,-0.33000000000000007,0.15999999999999992,4,2,0,3,-2.0,4.0,False,True,False,False,True,False,False,False,4.0,0,3.0,534.0,-0.24245,0.103916,0.543533,1.630599,Mn2|Si1|Zr1,True
MnCrAs,7,6,5.0,0.0,18.0,1,2.0,1.0,1.55,1.66,2.18,0.0,1.7966666666666669,-0.10999999999999988,-0.6300000000000001,25,24,33.0,0.0,1.27,1.28,1.19,0.0,1.2466666666666666,0.09000000000000008,-0.010000000000000009,0.08000000000000007,3,2,0,3,-6.0,0.0,False,True,False,False,True,False,False,False,0.0,0,3.0,1690.2,-0.13338,0.050315,0.0,0.0,As1|Cr1|Mn1,False
MnHfSb,7,4,5.0,0.0,16.0,3,2.0,-1.0,1.55,1.3,2.05,0.0,1.6333333333333335,0.25,-0.4999999999999998,25,72,51.0,0.0,1.27,1.59,1.59,0.0,1.4833333333333334,0.32000000000000006,-0.32000000000000006,-0.32000000000000006,3,1,0,3,-8.0,-2.0,False,True,False,False,True,False,False,False,-2.0,0,3.0,712.0,-0.06972,0.121698,0.559147,1.67744,Hf1|Mn1|Sb1,False
MnMoGe,7,6,4.0,0.0,17.0,1,3.0,2.0,1.55,2.16,2.01,0.0,1.9066666666666665,-0.6100000000000001,-0.45999999999999974,25,42,32.0,0.0,1.27,1.39,1.22,0.0,1.2933333333333332,0.16999999999999993,-0.11999999999999988,0.050000000000000044,3,1,0,3,-7.0,-1.0,False,True,False,False,True,False,False,False,-1.0,0,3.0,741.0,-0.27065,0.165979,0.637045,1.911134,Ge1|Mn1|Mo1,False
MnNbAs,7,5,5.0,0.0,17.0,2,2.0,0.0,1.55,1.6,2.18,0.0,1.7766666666666666,-0.050000000000000044,-0.6300000000000001,25,41,33.0,0.0,1.27,1.46,1.19,0.0,1.3066666666666666,0.27,-0.18999999999999995,0.08000000000000007,3,1,0,3,-7.0,-1.0,False,True,False,False,True,False,False,False,-1.0,0,3.0,710.0,-0.23073,0.005002,0.795617,2.38685,As1|Mn1|Nb1,False
MnNbSb,7,5,5.0,0.0,17.0,2,2.0,0.0,1.55,1.6,2.05,0.0,1.7333333333333334,-0.050000000000000044,-0.4999999999999998,25,41,51.0,0.0,1.27,1.46,1.59,0.0,1.4400000000000002,0.32000000000000006,-0.18999999999999995,-0.32000000000000006,3,1,0,3,-7.0,-1.0,False,True,False,False,True,False,False,False,-1.0,0,3.0,807.0,-0.18081,0.059385,0.768613,2.305838,Mn1|Nb1|Sb1,False
MnTaAs,7,5,5.0,0.0,17.0,2,2.0,0.0,1.55,1.5,2.18,0.0,1.7433333333333334,0.050000000000000044,-0.6300000000000001,25,73,33.0,0.0,1.27,1.46,1.19,0.0,1.3066666666666666,0.27,-0.18999999999999995,0.08000000000000007,3,1,0,3,-7.0,-1.0,False,True,False,False,True,False,False,False,-1.0,0,3.0,603.0,-0.18189,0.096348,0.430208,1.290625,As1|Mn1|Ta1,False
MnTaSb,7,5,5.0,0.0,17.0,2,2.0,0.0,1.55,1.5,2.05,0.0,1.7,0.050000000000000044,-0.4999999999999998,25,73,51.0,0.0,1.27,1.46,1.59,0.0,1.4400000000000002,0.32000000000000006,-0.18999999999999995,-0.32000000000000006,3,1,0,3,-7.0,-1.0,False,True,False,False,False,False,True,False,-1.0,0,6.0,765.0,-0.21468,0.069895,0.409617,2.457701,Mn1|Sb1|Ta1,False
MnVAs,7,5,5.0,0.0,17.0,2,2.0,0.0,1.55,1.63,2.18,0.0,1.7866666666666664,-0.07999999999999985,-0.6300000000000001,25,23,33.0,0.0,1.27,1.34,1.19,0.0,1.2666666666666668,0.15000000000000013,-0.07000000000000006,0.08000000000000007,3,1,0,3,-7.0,-1.0,False,True,False,False,False,False,True,False,-1.0,0,2.0,873.8,-0.28192,0.078998,1.000539,2.001077,As1|Mn1|V1,False
MnVSb,7,5,5.0,0.0,17.0,2,2.0,0.0,1.55,1.63,2.05,0.0,1.7433333333333332,-0.07999999999999985,-0.4999999999999998,25,23,51.0,0.0,1.27,1.34,1.59,0.0,1.4000000000000001,0.32000000000000006,-0.07000000000000006,-0.32000000000000006,3,1,0,3,-7.0,-1.0,False,True,False,False,False,False,True,False,-1.0,0,2.0,1430.3,-0.08165,0.10799,0.989303,1.978606,Mn1|Sb1|V1,False
MnWSi,7,6,4.0,0.0,17.0,1,3.0,2.0,1.55,2.36,1.9,0.0,1.9366666666666668,-0.8099999999999998,-0.34999999999999987,25,74,14.0,0.0,1.27,1.39,1.11,0.0,1.2566666666666668,0.2799999999999998,-0.11999999999999988,0.15999999999999992,3,1,0,3,-7.0,-1.0,False,True,False,False,True,False,False,False,-1.0,0,3.0,748.0,-0.13596,0.081443,0.778854,2.336563,Mn1|Si1|W1,False
MnZrSb,7,4,5.0,0.0,16.0,3,2.0,-1.0,1.55,1.33,2.05,0.0,1.6433333333333333,0.21999999999999997,-0.4999999999999998,25,40,51.0,0.0,1.27,1.6,1.59,0.0,1.4866666666666666,0.33000000000000007,-0.33000000000000007,-0.32000000000000006,3,1,0,3,-8.0,-2.0,False,True,False,False,True,False,False,False,-2.0,0,3.0,479.0,-0.23462,0.149353,0.463193,1.389578,Mn1|Sb1|Zr1,False
Nb2VAl,5,5,3.0,0.0,18.0,0,2.0,2.0,1.6,1.63,1.61,0.0,1.61,-0.029999999999999805,-0.010000000000000009,41,23,13.0,0.0,1.46,1.34,1.43,0.0,1.41,0.11999999999999988,0.11999999999999988,0.030000000000000027,4,0,0,3,-6.0,0.0,False,True,False,False,True,False,False,False,0.0,0,3.0,707.0,-0.21083,0.092396,0.547489,1.642468,Al1|Nb2|V1,False
Nb2VGa,5,5,3.0,0.0,18.0,0,2.0,2.0,1.6,1.63,1.81,0.0,1.6600000000000001,-0.029999999999999805,-0.20999999999999996,41,23,31.0,0.0,1.46,1.34,1.35,0.0,1.3833333333333335,0.11999999999999988,0.11999999999999988,0.10999999999999988,4,0,0,3,-6.0,0.0,False,True,False,False,False,False,True,False,0.0,0,6.0,626.0,-0.15633,0.065253,0.293264,1.759583,Ga1|Nb2|V1,False
Nb2VGe,5,5,4.0,0.0,19.0,0,1.0,1.0,1.6,1.63,2.01,0.0,1.71,-0.029999999999999805,-0.4099999999999997,41,23,32.0,0.0,1.46,1.34,1.22,0.0,1.3399999999999999,0.24,0.11999999999999988,0.24,4,0,0,3,-5.0,1.0,False,True,False,False,False,False,True,False,1.0,0,6.0,634.0,0.02634,0.053777,0.230822,1.384931,Ge1|Nb2|V1,False
Nb2VIn,5,5,3.0,0.0,18.0,0,2.0,2.0,1.6,1.63,1.78,0.0,1.6525,-0.029999999999999805,-0.17999999999999994,41,23,49.0,0.0,1.46,1.34,1.67,0.0,1.49,0.32999999999999985,0.11999999999999988,-0.20999999999999996,4,0,0,3,-6.0,0.0,False,True,False,False,True,False,False,False,0.0,0,3.0,546.0,-0.00249,0.025883,0.479641,1.438923,In1|Nb2|V1,False
Nb2VSi,5,5,4.0,0.0,19.0,0,1.0,1.0,1.6,1.63,1.9,0.0,1.6825,-0.029999999999999805,-0.2999999999999998,41,23,14.0,0.0,1.46,1.34,1.11,0.0,1.3033333333333335,0.34999999999999987,0.11999999999999988,0.34999999999999987,4,0,0,3,-5.0,1.0,False,True,False,False,False,False,True,False,1.0,0,6.0,463.0,-0.2633,0.030931,0.096743,0.580461,Nb2|Si1|V1,False
Ni2CoGe,10,9,4.0,0.0,33.0,1,6.0,5.0,1.91,1.88,2.01,0.0,1.9274999999999998,0.030000000000000027,-0.09999999999999987,28,27,32.0,0.0,1.24,1.25,1.22,0.0,1.2366666666666666,0.030000000000000027,-0.010000000000000009,0.020000000000000018,4,3,0,3,9.0,15.0,False,True,False,False,True,False,False,False,15.0,0,3.0,679.0,-0.13007,0.04639,0.530901,1.592703,Co1|Ge1|Ni2,False
Ni2CoIn,10,9,3.0,0.0,32.0,1,7.0,6.0,1.91,1.88,1.78,0.0,1.8699999999999999,0.030000000000000027,0.1299999999999999,28,27,49.0,0.0,1.24,1.25,1.67,0.0,1.3866666666666667,0.42999999999999994,-0.010000000000000009,-0.42999999999999994,4,3,0,3,8.0,14.0,False,True,False,False,True,False,False,False,14.0,0,3.0,787.0,0.00514,0.01594,0.861944,2.585831,Co1|In1|Ni2,False
Ni2CoSi,10,9,4.0,0.0,33.0,1,6.0,5.0,1.91,1.88,1.9,0.0,1.9,0.030000000000000027,0.010000000000000009,28,27,14.0,0.0,1.24,1.25,1.11,0.0,1.2000000000000002,0.1399999999999999,-0.010000000000000009,0.1299999999999999,4,3,0,3,9.0,15.0,False,True,False,False,True,False,False,False,15.0,0,3.0,1178.0,-0.13277,0.130496,1.32104,3.963119,Co1|Ni2|Si1,True
Ni2CrGe,10,6,4.0,0.0,30.0,4,6.0,2.0,1.91,1.66,2.01,0.0,1.8724999999999998,0.25,-0.09999999999999987,28,24,32.0,0.0,1.24,1.28,1.22,0.0,1.2466666666666668,0.06000000000000005,-0.040000000000000036,0.020000000000000018,4,3,0,3,6.0,12.0,False,True,False,False,True,False,False,False,12.0,0,3.0,737.0,-0.17049,0.08551,0.656373,1.969118,Cr1|Ge1|Ni2,False
Ni2CrIn,10,6,3.0,0.0,29.0,4,7.0,3.0,1.91,1.66,1.78,0.0,1.815,0.25,0.1299999999999999,28,24,49.0,0.0,1.24,1.28,1.67,0.0,1.3966666666666665,0.42999999999999994,-0.040000000000000036,-0.42999999999999994,4,3,0,3,5.0,11.0,False,True,False,False,True,False,False,False,11.0,0,3.0,670.0,-0.12975,0.149221,0.661065,1.983194,Cr1|In1|Ni2,False
Ni2CrSi,10,6,4.0,0.0,30.0,4,6.0,2.0,1.91,1.66,1.9,0.0,1.8449999999999998,0.25,0.010000000000000009,28,24,14.0,0.0,1.24,1.28,1.11,0.0,1.21,0.16999999999999993,-0.040000000000000036,0.1299999999999999,4,3,0,3,6.0,12.0,False,True,False,False,True,False,False,False,12.0,0,3.0,646.0,-0.12532,0.060023,0.637051,1.911153,Cr1|Ni2|Si1,False
Ni2CuAl,10,11,3.0,0.0,34.0,-1,7.0,8.0,1.91,1.9,1.61,0.0,1.8325,0.010000000000000009,0.2999999999999998,28,29,13.0,0.0,1.24,1.28,1.43,0.0,1.3166666666666667,0.18999999999999995,-0.040000000000000036,-0.18999999999999995,4,2,0,3,10.0,16.0,False,True,False,False,True,False,False,False,16.0,0,3.0,751.0,-0.08472,0.151912,0.694444,2.083331,Al1|Cu1|Ni2,False
Ni2CuGa,10,11,3.0,0.0,34.0,-1,7.0,8.0,1.91,1.9,1.81,0.0,1.8824999999999998,0.010000000000000009,0.09999999999999987,28,29,31.0,0.0,1.24,1.28,1.35,0.0,1.29,0.1100000000000001,-0.040000000000000036,-0.1100000000000001,4,2,0,3,10.0,16.0,False,True,False,False,False,False,True,False,16.0,0,6.0,558.0,-0.16892,0.168137,0.241142,1.446853,Cu1|Ga1|Ni2,True
Ni2CuGe,10,11,4.0,0.0,35.0,-1,6.0,7.0,1.91,1.9,2.01,0.0,1.9324999999999999,0.010000000000000009,-0.09999999999999987,28,29,32.0,0.0,1.24,1.28,1.22,0.0,1.2466666666666668,0.06000000000000005,-0.040000000000000036,0.020000000000000018,4,2,0,3,11.0,17.0,False,True,False,False,True,False,False,False,17.0,0,3.0,705.0,-0.08125,0.128003,0.751061,2.253183,Cu1|Ge1|Ni2,False
Ni2CuIn,10,11,3.0,0.0,34.0,-1,7.0,8.0,1.91,1.9,1.78,0.0,1.875,0.010000000000000009,0.1299999999999999,28,29,49.0,0.0,1.24,1.28,1.67,0.0,1.3966666666666665,0.42999999999999994,-0.040000000000000036,-0.42999999999999994,4,2,0,3,10.0,16.0,False,True,False,False,False,False,True,False,16.0,0,6.0,433.0,-0.01299,0.09624,0.179114,1.074684,Cu1|In1|Ni2,True
Ni2CuSi,10,11,4.0,0.0,35.0,-1,6.0,7.0,1.91,1.9,1.9,0.0,1.9049999999999998,0.010000000000000009,0.010000000000000009,28,29,14.0,0.0,1.24,1.28,1.11,0.0,1.21,0.16999999999999993,-0.040000000000000036,0.1299999999999999,4,2,0,3,11.0,17.0,False,True,False,False,True,False,False,False,17.0,0,3.0,767.0,-0.0489,0.049221,0.757247,2.27174,Cu1|Ni2|Si1,False
Ni2FeGe,10,8,4.0,0.0,32.0,2,6.0,4.0,1.91,1.83,2.01,0.0,1.915,0.07999999999999985,-0.09999999999999987,28,26,32.0,0.0,1.24,1.26,1.22,0.0,1.24,0.040000000000000036,-0.020000000000000018,0.020000000000000018,4,3,0,3,8.0,14.0,False,True,False,False,False,False,True,False,14.0,0,6.0,610.0,-0.1925,0.129033,0.241476,1.448854,Fe1|Ge1|Ni2,False
Ni2FeIn,10,8,3.0,0.0,31.0,2,7.0,5.0,1.91,1.83,1.78,0.0,1.8575000000000002,0.07999999999999985,0.1299999999999999,28,26,49.0,0.0,1.24,1.26,1.67,0.0,1.39,0.42999999999999994,-0.020000000000000018,-0.42999999999999994,4,3,0,3,7.0,13.0,False,True,False,False,True,False,False,False,13.0,0,3.0,589.0,-0.23778,0.064668,0.527123,1.581369,Fe1|In1|Ni2,False
Ni2FeSi,10,8,4.0,0.0,32.0,2,6.0,4.0,1.91,1.83,1.9,0.0,1.8875000000000002,0.07999999999999985,0.010000000000000009,28,26,14.0,0.0,1.24,1.26,1.11,0.0,1.2033333333333334,0.1499999999999999,-0.020000000000000018,0.1299999999999999,4,3,0,3,8.0,14.0,False,True,False,False,True,False,False,False,14.0,0,3.0,638.0,-0.1446,0.126705,0.60833,1.824991,Fe1|Ni2|Si1,False
Ni2MnGe,10,7,4.0,0.0,31.0,3,6.0,3.0,1.91,1.55,2.01,0.0,1.845,0.3599999999999999,-0.09999999999999987,28,25,32.0,0.0,1.24,1.27,1.22,0.0,1.2433333333333332,0.050000000000000044,-0.030000000000000027,0.020000000000000018,4,3,0,3,7.0,13.0,False,True,False,False,True,False,False,False,13.0,0,3.0,346.0,-0.01378,0.095515,0.112541,0.337622,Ge1|Mn1|Ni2,False
Ni2MnSi,10,7,4.0,0.0,31.0,3,6.0,3.0,1.91,1.55,1.9,0.0,1.8175,0.3599999999999999,0.010000000000000009,28,25,14.0,0.0,1.24,1.27,1.11,0.0,1.2066666666666668,0.15999999999999992,-0.030000000000000027,0.1299999999999999,4,3,0,3,7.0,13.0,False,True,False,False,True,False,False,False,13.0,0,3.0,640.0,-0.08487,0.128924,0.728122,2.184367,Mn1|Ni2|Si1,False
Ni2NiAl,10,10,3.0,0.0,33.0,0,7.0,7.0,1.91,1.91,1.61,0.0,1.835,0.0,0.2999999999999998,28,28,13.0,0.0,1.24,1.24,1.43,0.0,1.3033333333333335,0.18999999999999995,0.0,-0.18999999999999995,4,3,0,2,9.0,15.0,False,True,False,False,True,False,False,False,15.0,1,3.0,868.0,-0.12132,0.056143,0.792987,2.378961,Al1|Ni3,False
Ni2NiGa,10,10,3.0,0.0,33.0,0,7.0,7.0,1.91,1.91,1.81,0.0,1.8849999999999998,0.0,0.09999999999999987,28,28,31.0,0.0,1.24,1.24,1.35,0.0,1.2766666666666666,0.1100000000000001,0.0,-0.1100000000000001,4,3,0,2,9.0,15.0,False,True,False,False,True,False,False,False,15.0,1,3.0,654.0,-0.02729,0.108271,0.549545,1.648636,Ga1|Ni3,False
Ni2NiGe,10,10,4.0,0.0,34.0,0,6.0,6.0,1.91,1.91,2.01,0.0,1.9349999999999998,0.0,-0.09999999999999987,28,28,32.0,0.0,1.24,1.24,1.22,0.0,1.2333333333333334,0.020000000000000018,0.0,0.020000000000000018,4,3,0,2,10.0,16.0,False,True,False,False,True,False,False,False,16.0,1,3.0,699.0,-0.12408,0.031139,0.680868,2.042605,Ge1|Ni3,False
Ni2NiIn,10,10,3.0,0.0,33.0,0,7.0,7.0,1.91,1.91,1.78,0.0,1.8775,0.0,0.1299999999999999,28,28,49.0,0.0,1.24,1.24,1.67,0.0,1.3833333333333335,0.42999999999999994,0.0,-0.42999999999999994,4,3,0,2,9.0,15.0,False,True,False,False,False,False,True,False,15.0,1,6.0,654.0,-0.08047,0.072668,0.25923,1.55538,In1|Ni3,True
Ni2NiSi,10,10,4.0,0.0,34.0,0,6.0,6.0,1.91,1.91,1.9,0.0,1.9074999999999998,0.0,0.010000000000000009,28,28,14.0,0.0,1.24,1.24,1.11,0.0,1.1966666666666665,0.1299999999999999,0.0,0.1299999999999999,4,3,0,2,10.0,16.0,False,True,False,False,True,False,False,False,16.0,1,3.0,557.0,-0.25235,0.093484,0.533442,1.600326,Ni3|Si1,False
Ni2VAl,10,5,3.0,0.0,28.0,5,7.0,2.0,1.91,1.63,1.61,0.0,1.765,0.28,0.2999999999999998,28,23,13.0,0.0,1.24,1.34,1.43,0.0,1.3366666666666667,0.18999999999999995,-0.10000000000000009,-0.18999999999999995,4,2,0,3,4.0,10.0,False,True,False,False,True,False,False,False,10.0,0,3.0,741.0,-0.10516,0.011752,0.690195,2.070585,Al1|Ni2|V1,True
Ni2VGa,10,5,3.0,0.0,28.0,5,7.0,2.0,1.91,1.63,1.81,0.0,1.815,0.28,0.09999999999999987,28,23,31.0,0.0,1.24,1.34,1.35,0.0,1.31,0.1100000000000001,-0.10000000000000009,-0.1100000000000001,4,2,0,3,4.0,10.0,False,True,False,False,True,False,False,False,10.0,0,3.0,692.0,0.00633,0.069655,0.490182,1.470546,Ga1|Ni2|V1,False
Ni2VGe,10,5,4.0,0.0,29.0,5,6.0,1.0,1.91,1.63,2.01,0.0,1.8649999999999998,0.28,-0.09999999999999987,28,23,32.0,0.0,1.24,1.34,1.22,0.0,1.2666666666666666,0.1200000000000001,-0.10000000000000009,0.020000000000000018,4,2,0,3,5.0,11.0,False,True,False,False,True,False,False,False,11.0,0,3.0,695.0,0.09496,0.033809,0.614576,1.843729,Ge1|Ni2|V1,False
Ni2VIn,10,5,3.0,0.0,28.0,5,7.0,2.0,1.91,1.63,1.78,0.0,1.8074999999999999,0.28,0.1299999999999999,28,23,49.0,0.0,1.24,1.34,1.67,0.0,1.4166666666666667,0.42999999999999994,-0.10000000000000009,-0.42999999999999994,4,2,0,3,4.0,10.0,False,True,False,False,True,False,False,False,10.0,0,3.0,616.0,-0.08059,0.124246,0.496338,1.489013,In1|Ni2|V1,False
Ni2VSi,10,5,4.0,0.0,29.0,5,6.0,1.0,1.91,1.63,1.9,0.0,1.8375,0.28,0.010000000000000009,28,23,14.0,0.0,1.24,1.34,1.11,0.0,1.2300000000000002,0.22999999999999998,-0.10000000000000009,0.1299999999999999,4,2,0,3,5.0,11.0,False,True,False,False,True,False,False,False,11.0,0,3.0,876.0,-0.17681,0.12054,0.925693,2.77708,Ni2|Si1|V1,False
Ni2ZrAl,10,4,3.0,0.0,27.0,6,7.0,1.0,1.91,1.33,1.61,0.0,1.6900000000000002,0.5799999999999998,0.2999999999999998,28,40,13.0,0.0,1.24,1.6,1.43,0.0,1.4233333333333331,0.3600000000000001,-0.3600000000000001,-0.18999999999999995,4,2,0,3,3.0,9.0,False,True,False,False,True,False,False,False,9.0,0,3.0,617.0,-0.14424,0.087267,0.508014,1.524041,Al1|Ni2|Zr1,False
Ni2ZrGa,10,4,3.0,0.0,27.0,6,7.0,1.0,1.91,1.33,1.81,0.0,1.7400000000000002,0.5799999999999998,0.09999999999999987,28,40,31.0,0.0,1.24,1.6,1.35,0.0,1.3966666666666665,0.3600000000000001,-0.3600000000000001,-0.1100000000000001,4,2,0,3,3.0,9.0,False,True,False,False,False,False,True,False,9.0,0,6.0,636.0,-0.18446,0.091236,0.344125,2.06475,Ga1|Ni2|Zr1,False
Ni2ZrGe,10,4,4.0,0.0,28.0,6,6.0,0.0,1.91,1.33,2.01,0.0,1.79,0.5799999999999998,-0.09999999999999987,28,40,32.0,0.0,1.24,1.6,1.22,0.0,1.3533333333333333,0.3800000000000001,-0.3600000000000001,0.020000000000000018,4,2,0,3,4.0,10.0,False,True,False,False,False,False,True,False,10.0,0,6.0,522.0,-0.18291,0.169234,0.177522,1.065129,Ge1|Ni2|Zr1,False
Ni2ZrIn,10,4,3.0,0.0,27.0,6,7.0,1.0,1.91,1.33,1.78,0.0,1.7325000000000002,0.5799999999999998,0.1299999999999999,28,40,49.0,0.0,1.24,1.6,1.67,0.0,1.5033333333333332,0.42999999999999994,-0.3600000000000001,-0.42999999999999994,4,2,0,3,3.0,9.0,False,True,False,False,True,False,False,False,9.0,0,3.0,719.0,-0.27378,0.164961,0.588146,1.764438,In1|Ni2|Zr1,False
Ni2ZrSi,10,4,4.0,0.0,28.0,6,6.0,0.0,1.91,1.33,1.9,0.0,1.7625000000000002,0.5799999999999998,0.010000000000000009,28,40,14.0,0.0,1.24,1.6,1.11,0.0,1.3166666666666667,0.49,-0.3600000000000001,0.1299999999999999,4,2,0,3,4.0,10.0,False,True,False,False,True,False,False,False,10.0,0,3.0,754.0,-0.23624,0.0618,0.655287,1.965861,Ni2|Si1|Zr1,False
NiCrAs,10,6,5.0,0.0,21.0,4,5.0,1.0,1.91,1.66,2.18,0.0,1.9166666666666667,0.25,-0.27000000000000024,28,24,33.0,0.0,1.24,1.28,1.19,0.0,1.2366666666666666,0.09000000000000008,-0.040000000000000036,0.050000000000000044,3,2,0,3,-3.0,3.0,False,True,False,False,False,False,True,False,3.0,0,6.0,676.0,-0.04831,0.146252,0.374391,2.246343,As1|Cr1|Ni1,False
NiCrSb,10,6,5.0,0.0,21.0,4,5.0,1.0,1.91,1.66,2.05,0.0,1.873333333333333,0.25,-0.1399999999999999,28,24,51.0,0.0,1.24,1.28,1.59,0.0,1.37,0.3500000000000001,-0.040000000000000036,-0.3500000000000001,3,2,0,3,-3.0,3.0,False,True,False,False,True,False,False,False,3.0,0,3.0,647.0,-0.14899,0.105861,0.537832,1.613495,Cr1|Ni1|Sb1,False
NiFeGa,10,8,3.0,0.0,21.0,2,7.0,5.0,1.91,1.83,1.81,0.0,1.8500000000000003,0.07999999999999985,0.09999999999999987,28,26,31.0,0.0,1.24,1.26,1.35,0.0,1.2833333333333334,0.1100000000000001,-0.020000000000000018,-0.1100000000000001,3,2,0,3,-3.0,3.0,False,True,False,False,True,False,False,False,3.0,0,3.0,540.0,-0.15916,0.174269,0.400929,1.202786,Fe1|Ga1|Ni1,False
NiFeGe,10,8,4.0,0.0,22.0,2,6.0,4.0,1.91,1.83,2.01,0.0,1.9166666666666667,0.07999999999999985,-0.09999999999999987,28,26,32.0,0.0,1.24,1.26,1.22,0.0,1.24,0.040000000000000036,-0.020000000000000018,0.020000000000000018,3,2,0,3,-2.0,4.0,False,True,False,False,True,False,False,False,4.0,0,3.0,830.0,-0.27793,0.017885,0.755915,2.267746,Fe1|Ge1|Ni1,False
NiMnAs,10,7,5.0,0.0,22.0,3,5.0,2.0,1.91,1.55,2.18,0.0,1.8800000000000001,0.3599999999999999,-0.27000000000000024,28,25,33.0,0.0,1.24,1.27,1.19,0.0,1.2333333333333332,0.08000000000000007,-0.030000000000000027,0.050000000000000044,3,2,0,3,-2.0,4.0,False,True,False,False,True,False,False,False,4.0,0,3.0,672.0,-0.03187,0.142015,0.644617,1.93385,As1|Mn1|Ni1,False
NiMnGe,10,7,4.0,0.0,21.0,3,6.0,3.0,1.91,1.55,2.01,0.0,1.8233333333333333,0.3599999999999999,-0.09999999999999987,28,25,32.0,0.0,1.24,1.27,1.22,0.0,1.2433333333333332,0.050000000000000044,-0.030000000000000027,0.020000000000000018,3,2,0,3,-3.0,3.0,False,True,False,False,False,False,True,False,3.0,0,6.0,781.0,-0.21073,0.109024,0.361813,2.170878,Ge1|Mn1|Ni1,False
NiMnSi,10,7,4.0,0.0,21.0,3,6.0,3.0,1.91,1.55,1.9,0.0,1.7866666666666664,0.3599999999999999,0.010000000000000009,28,25,14.0,0.0,1.24,1.27,1.11,0.0,1.2066666666666668,0.15999999999999992,-0.030000000000000027,0.1299999999999999,3,2,0,3,-3.0,3.0,False,True,False,False,True,False,False,False,3.0,0,3.0,616.0,-0.05397,0.208965,0.648178,1.944534,Mn1|Ni1|Si1,False
NiTiAl,10,4,3.0,0.0,17.0,6,7.0,1.0,1.91,1.54,1.61,0.0,1.6866666666666668,0.3699999999999999,0.2999999999999998,28,22,13.0,0.0,1.24,1.47,1.43,0.0,1.38,0.22999999999999998,-0.22999999999999998,-0.18999999999999995,3,1,0,3,-7.0,-1.0,False,True,False,False,True,False,False,False,-1.0,0,3.0,859.0,-0.29336,0.073194,0.867487,2.602461,Al1|Ni1|Ti1,False
NiTiGa,10,4,3.0,0.0,17.0,6,7.0,1.0,1.91,1.54,1.81,0.0,1.7533333333333332,0.3699999999999999,0.09999999999999987,28,22,31.0,0.0,1.24,1.47,1.35,0.0,1.3533333333333335,0.22999999999999998,-0.22999999999999998,-0.1100000000000001,3,1,0,3,-7.0,-1.0,False,True,False,False,True,False,False,False,-1.0,0,3.0,624.0,-0.22178,0.104548,0.553806,1.661419,Ga1|Ni1|Ti1,False
NiVAs,10,5,5.0,0.0,20.0,5,5.0,0.0,1.91,1.63,2.18,0.0,1.906666666666667,0.28,-0.27000000000000024,28,23,33.0,0.0,1.24,1.34,1.19,0.0,1.2566666666666666,0.15000000000000013,-0.10000000000000009,0.050000000000000044,3,1,0,3,-4.0,2.0,False,True,False,False,False,False,True,False,2.0,0,6.0,763.0,-0.13369,0.133547,0.406045,2.436271,As1|Ni1|V1,True
NiVSb,10,5,5.0,0.0,20.0,5,5.0,0.0,1.91,1.63,2.05,0.0,1.8633333333333333,0.28,-0.1399999999999999,28,23,51.0,0.0,1.24,1.34,1.59,0.0,1.39,0.3500000000000001,-0.10000000000000009,-0.3500000000000001,3,1,0,3,-4.0,2.0,False,True,False,False,True,False,False,False,2.0,0,3.0,784.0,-0.12513,0.188521,0.80961,2.42883,Ni1|Sb1|V1,False
RhFeGe,9,8,4.0,0.0,21.0,1,5.0,4.0,2.28,1.83,2.01,0.0,2.0399999999999996,0.44999999999999973,0.27,45,26,32.0,0.0,1.34,1.26,1.22,0.0,1.2733333333333334,0.1200000000000001,0.08000000000000007,0.1200000000000001,3,1,0,3,-3.0,3.0,False,True,False,False,False,False,True,False,3.0,0,6.0,794.0,-0.14075,0.170758,0.33896,2.033759,Fe1|Ge1|Rh1,False
Sc2CoAl,3,9,3.0,0.0,18.0,-6,0.0,6.0,1.36,1.88,1.61,0.0,1.5525,-0.5199999999999998,-0.25,21,27,13.0,0.0,1.62,1.25,1.43,0.0,1.4333333333333333,0.3700000000000001,0.3700000000000001,0.19000000000000017,4,1,0,3,-6.0,0.0,False,True,False,False,True,False,False,False,0.0,0,3.0,699.0,-0.14344,0.070756,0.73397,2.20191,Al1|Co1|Sc2,False
Sc2CoGa,3,9,3.0,0.0,18.0,-6,0.0,6.0,1.36,1.88,1.81,0.0,1.6025,-0.5199999999999998,-0.44999999999999996,21,27,31.0,0.0,1.62,1.25,1.35,0.0,1.406666666666667,0.3700000000000001,0.3700000000000001,0.27,4,1,0,3,-6.0,0.0,False,True,False,False,True,False,False,False,0.0,0,3.0,790.0,-0.11168,0.12002,0.83959,2.51877,Co1|Ga1|Sc2,True
Sc2CoGe,3,9,4.0,0.0,19.0,-6,-1.0,5.0,1.36,1.88,2.01,0.0,1.6524999999999999,-0.5199999999999998,-0.6499999999999997,21,27,32.0,0.0,1.62,1.25,1.22,0.0,1.3633333333333333,0.40000000000000013,0.3700000000000001,0.40000000000000013,4,1,0,3,-5.0,1.0,False,True,False,False,True,False,False,False,1.0,0,3.0,781.0,-0.14625,0.20693,0.765046,2.295137,Co1|Ge1|Sc2,False
Sc2CoIn,3,9,3.0,0.0,18.0,-6,0.0,6.0,1.36,1.88,1.78,0.0,1.595,-0.5199999999999998,-0.41999999999999993,21,27,49.0,0.0,1.62,1.25,1.67,0.0,1.5133333333333334,0.41999999999999993,0.3700000000000001,-0.04999999999999982,4,1,0,3,-6.0,0.0,False,True,False,False,True,False,False,False,0.0,0,3.0,847.0,-0.19421,0.157831,0.828926,2.486779,Co1|In1|Sc2,True
Sc2CoSi,3,9,4.0,0.0,19.0,-6,-1.0,5.0,1.36,1.88,1.9,0.0,1.625,-0.5199999999999998,-0.5399999999999998,21,27,14.0,0.0,1.62,1.25,1.11,0.0,1.3266666666666669,0.51,0.3700000000000001,0.51,4,1,0,3,-5.0,1.0,False,True,False,False,True,False,False,False,1.0,0,3.0,779.0,-0.2923,0.189763,0.775728,2.327183,Co1|Sc2|Si1,False
Sc2CrAl,3,6,3.0,0.0,15.0,-3,0.0,3.0,1.36,1.66,1.61,0.0,1.4975,-0.2999999999999998,-0.25,21,24,13.0,0.0,1.62,1.28,1.43,0.0,1.4433333333333334,0.3400000000000001,0.3400000000000001,0.19000000000000017,4,1,0,3,-9.0,-3.0,False,True,False,False,True,False,False,False,-3.0,0,3.0,715.0,-0.13288,0.09326,0.629838,1.889515,Al1|Cr1|Sc2,False
Sc2CrGe,3,6,4.0,0.0,16.0,-3,-1.0,2.0,1.36,1.66,2.01,0.0,1.5975,-0.2999999999999998,-0.6499999999999997,21,24,32.0,0.0,1.62,1.28,1.22,0.0,1.3733333333333333,0.40000000000000013,0.3400000000000001,0.40000000000000013,4,1,0,3,-8.0,-2.0,False,True,False,False,True,False,False,False,-2.0,0,3.0,744.0,-0.2189,0.191387,0.756485,2.269455,Cr1|Ge1|Sc2,False
Sc2CrSi,3,6,4.0,0.0,16.0,-3,-1.0,2.0,1.36,1.66,1.9,0.0,1.5699999999999998,-0.2999999999999998,-0.5399999999999998,21,24,14.0,0.0,1.62,1.28,1.11,0.0,1.336666666666667,0.51,0.3400000000000001,0.51,4,1,0,3,-8.0,-2.0,False,True,False,False,False,False,True,False,-2.0,0,6.0,774.0,-0.21186,0.078953,0.351519,2.109111,Cr1|Sc2|Si1,False
Sc2CuAl,3,11,3.0,0.0,20.0,-8,0.0,8.0,1.36,1.9,1.61,0.0,1.5575,-0.5399999999999998,-0.25,21,29,13.0,0.0,1.62,1.28,1.43,0.0,1.4433333333333334,0.3400000000000001,0.3400000000000001,0.19000000000000017,4,0,0,3,-4.0,2.0,False,True,False,False,False,False,True,False,2.0,0,6.0,433.0,-0.03891,0.0,0.160135,0.960812,Al1|Cu1|Sc2,False
Sc2CuGa,3,11,3.0,0.0,20.0,-8,0.0,8.0,1.36,1.9,1.81,0.0,1.6075,-0.5399999999999998,-0.44999999999999996,21,29,31.0,0.0,1.62,1.28,1.35,0.0,1.4166666666666667,0.3400000000000001,0.3400000000000001,0.27,4,0,0,3,-4.0,2.0,False,True,False,False,False,False,True,False,2.0,0,6.0,829.0,-0.23885,0.205136,0.411307,2.467839,Cu1|Ga1|Sc2,True
Sc2CuGe,3,11,4.0,0.0,21.0,-8,-1.0,7.0,1.36,1.9,2.01,0.0,1.6575,-0.5399999999999998,-0.6499999999999997,21,29,32.0,0.0,1.62,1.28,1.22,0.0,1.3733333333333333,0.40000000000000013,0.3400000000000001,0.40000000000000013,4,0,0,3,-3.0,3.0,False,True,False,False,False,False,True,False,3.0,0,6.0,454.0,-0.2153,0.178946,0.187241,1.123446,Cu1|Ge1|Sc2,False
Sc2CuIn,3,11,3.0,0.0,20.0,-8,0.0,8.0,1.36,1.9,1.78,0.0,1.6,-0.5399999999999998,-0.41999999999999993,21,29,49.0,0.0,1.62,1.28,1.67,0.0,1.5233333333333334,0.3899999999999999,0.3400000000000001,-0.04999999999999982,4,0,0,3,-4.0,2.0,False,True,False,False,False,False,True,False,2.0,0,6.0,705.0,-0.10996,0.036804,0.30411,1.824659,Cu1|In1|Sc2,False
Sc2CuSi,3,11,4.0,0.0,21.0,-8,-1.0,7.0,1.36,1.9,1.9,0.0,1.63,-0.5399999999999998,-0.5399999999999998,21,29,14.0,0.0,1.62,1.28,1.11,0.0,1.336666666666667,0.51,0.3400000000000001,0.51,4,0,0,3,-3.0,3.0,False,True,False,False,True,False,False,False,3.0,0,3.0,746.0,-0.05725,0.035136,0.769323,2.307968,Cu1|Sc2|Si1,False
Sc2FeAl,3,8,3.0,0.0,17.0,-5,0.0,5.0,1.36,1.83,1.61,0.0,1.5400000000000003,-0.47,-0.25,21,26,13.0,0.0,1.62,1.26,1.43,0.0,1.4366666666666665,0.3600000000000001,0.3600000000000001,0.19000000000000017,4,1,0,3,-7.0,-1.0,False,True,False,False,False,False,True,False,-1.0,0,6.0,629.0,-0.08314,0.032218,0.377484,2.264902,Al1|Fe1|Sc2,False
Sc2FeGa,3,8,3.0,0.0,17.0,-5,0.0,5.0,1.36,1.83,1.81,0.0,1.5900000000000003,-0.47,-0.44999999999999996,21,26,31.0,0.0,1.62,1.26,1.35,0.0,1.4100000000000001,0.3600000000000001,0.3600000000000001,0.27,4,1,0,3,-7.0,-1.0,False,True,False,False,False,False,True,False,-1.0,0,6.0,658.0,-0.11096,0.194808,0.323346,1.940075,Fe1|Ga1|Sc2,False
Sc2FeGe,3,8,4.0,0.0,18.0,-5,-1.0,4.0,1.36,1.83,2.01,0.0,1.6400000000000001,-0.47,-0.6499999999999997,21,26,32.0,0.0,1.62,1.26,1.22,0.0,1.3666666666666665,0.40000000000000013,0.3600000000000001,0.40000000000000013,4,1,0,3,-6.0,0.0,False,True,False,False,True,False,False,False,0.0,0,3.0,569.0,-0.13115,0.146252,0.420236,1.260707,Fe1|Ge1|Sc2,False
Sc2FeSi,3,8,4.0,0.0,18.0,-5,-1.0,4.0,1.36,1.83,1.9,0.0,1.6125000000000003,-0.47,-0.5399999999999998,21,26,14.0,0.0,1.62,1.26,1.11,0.0,1.33,0.51,0.3600000000000001,0.51,4,1,0,3,-6.0,0.0,False,True,False,False,True,False,False,False,0.0,0,3.0,616.0,-0.32843,0.163096,0.526076,1.578228,Fe1|Sc2|Si1,False
Sc2MnAl,3,7,3.0,0.0,16.0,-4,0.0,4.0,1.36,1.55,1.61,0.0,1.4700000000000002,-0.18999999999999995,-0.25,21,25,13.0,0.0,1.62,1.27,1.43,0.0,1.4400000000000002,0.3500000000000001,0.3500000000000001,0.19000000000000017,4,1,0,3,-8.0,-2.0,False,True,False,False,False,False,True,False,-2.0,0,6.0,700.0,-0.0747,0.101661,0.343947,2.063683,Al1|Mn1|Sc2,True
Sc2MnGe,3,7,4.0,0.0,17.0,-4,-1.0,3.0,1.36,1.55,2.01,0.0,1.57,-0.18999999999999995,-0.6499999999999997,21,25,32.0,0.0,1.62,1.27,1.22,0.0,1.37,0.40000000000000013,0.3500000000000001,0.40000000000000013,4,1,0,3,-7.0,-1.0,False,True,False,False,False,False,True,False,-1.0,0,6.0,970.0,-0.24113,0.116065,0.565315,3.391889,Ge1|Mn1|Sc2,False
Sc2MnSi,3,7,4.0,0.0,17.0,-4,-1.0,3.0,1.36,1.55,1.9,0.0,1.5425,-0.18999999999999995,-0.5399999999999998,21,25,14.0,0.0,1.62,1.27,1.11,0.0,1.3333333333333333,0.51,0.3500000000000001,0.51,4,1,0,3,-7.0,-1.0,False,True,False,False,True,False,False,False,-1.0,0,3.0,542.0,-0.20301,0.134236,0.539457,1.61837,Mn1|Sc2|Si1,False
Sc2NiAl,3,10,3.0,0.0,19.0,-7,0.0,7.0,1.36,1.91,1.61,0.0,1.56,-0.5499999999999998,-0.25,21,28,13.0,0.0,1.62,1.24,1.43,0.0,1.43,0.3800000000000001,0.3800000000000001,0.19000000000000017,4,1,0,3,-5.0,1.0,False,True,False,False,False,False,True,False,1.0,0,6.0,742.0,-0.1909,0.040624,0.322851,1.937107,Al1|Ni1|Sc2,False
Sc2NiGa,3,10,3.0,0.0,19.0,-7,0.0,7.0,1.36,1.91,1.81,0.0,1.6099999999999999,-0.5499999999999998,-0.44999999999999996,21,28,31.0,0.0,1.62,1.24,1.35,0.0,1.4033333333333335,0.3800000000000001,0.3800000000000001,0.27,4,1,0,3,-5.0,1.0,False,True,False,False,True,False,False,False,1.0,0,3.0,773.0,-0.06432,0.065032,0.808708,2.426123,Ga1|Ni1|Sc2,False
Sc2NiGe,3,10,4.0,0.0,20.0,-7,-1.0,6.0,1.36,1.91,2.01,0.0,1.66,-0.5499999999999998,-0.6499999999999997,21,28,32.0,0.0,1.62,1.24,1.22,0.0,1.36,0.40000000000000013,0.3800000000000001,0.40000000000000013,4,1,0,3,-4.0,2.0,False,True,False,False,True,False,False,False,2.0,0,3.0,691.0,-0.14889,0.098552,0.699681,2.099042,Ge1|Ni1|Sc2,True
Sc2NiIn,3,10,3.0,0.0,19.0,-7,0.0,7.0,1.36,1.91,1.78,0.0,1.6025,-0.5499999999999998,-0.41999999999999993,21,28,49.0,0.0,1.62,1.24,1.67,0.0,1.51,0.42999999999999994,0.3800000000000001,-0.04999999999999982,4,1,0,3,-5.0,1.0,False,True,False,False,False,False,True,False,1.0,0,6.0,540.0,-0.17077,0.009811,0.312855,1.877128,In1|Ni1|Sc2,False
Sc2NiSi,3,10,4.0,0.0,20.0,-7,-1.0,6.0,1.36,1.91,1.9,0.0,1.6324999999999998,-0.5499999999999998,-0.5399999999999998,21,28,14.0,0.0,1.62,1.24,1.11,0.0,1.3233333333333335,0.51,0.3800000000000001,0.51,4,1,0,3,-4.0,2.0,False,True,False,False,True,False,False,False,2.0,0,3.0,743.0,-0.29759,0.038968,0.752778,2.258335,Ni1|Sc2|Si1,False
Sc2VAl,3,5,3.0,0.0,14.0,-2,0.0,2.0,1.36,1.63,1.61,0.0,1.49,-0.2699999999999998,-0.25,21,23,13.0,0.0,1.62,1.34,1.43,0.0,1.4633333333333332,0.28,0.28,0.19000000000000017,4,0,0,3,-10.0,-4.0,False,True,False,False,True,False,False,False,-4.0,0,3.0,570.0,-0.03088,0.15267,0.594392,1.783175,Al1|Sc2|V1,False
Sc2VGa,3,5,3.0,0.0,14.0,-2,0.0,2.0,1.36,1.63,1.81,0.0,1.54,-0.2699999999999998,-0.44999999999999996,21,23,31.0,0.0,1.62,1.34,1.35,0.0,1.4366666666666668,0.28,0.28,0.27,4,0,0,3,-10.0,-4.0,False,True,False,False,True,False,False,False,-4.0,0,3.0,638.0,-0.0926,0.190141,0.679016,2.037047,Ga1|Sc2|V1,False
Sc2VGe,3,5,4.0,0.0,15.0,-2,-1.0,1.0,1.36,1.63,2.01,0.0,1.5899999999999999,-0.2699999999999998,-0.6499999999999997,21,23,32.0,0.0,1.62,1.34,1.22,0.0,1.3933333333333333,0.40000000000000013,0.28,0.40000000000000013,4,0,0,3,-9.0,-3.0,False,True,False,False,False,False,True,False,-3.0,0,6.0,700.0,-0.26473,0.088508,0.338123,2.028737,Ge1|Sc2|V1,True
Sc2VIn,3,5,3.0,0.0,14.0,-2,0.0,2.0,1.36,1.63,1.78,0.0,1.5325,-0.2699999999999998,-0.41999999999999993,21,23,49.0,0.0,1.62,1.34,1.67,0.0,1.5433333333333332,0.32999999999999985,0.28,-0.04999999999999982,4,0,0,3,-10.0,-4.0,False,True,False,False,True,False,False,False,-4.0,0,3.0,755.0,-0.17251,0.000118,0.665633,1.9969,In1|Sc2|V1,False
Sc2VSi,3,5,4.0,0.0,15.0,-2,-1.0,1.0,1.36,1.63,1.9,0.0,1.5625,-0.2699999999999998,-0.5399999999999998,21,23,14.0,0.0,1.62,1.34,1.11,0.0,1.3566666666666667,0.51,0.28,0.51,4,0,0,3,-9.0,-3.0,False,True,False,False,False,False,True,False,-3.0,0,6.0,644.0,-0.19111,0.036447,0.32811,1.96866,Sc2|Si1|V1,False
Sc2ZrAl,3,4,3.0,0.0,13.0,-1,0.0,1.0,1.36,1.33,1.61,0.0,1.4150000000000003,0.030000000000000027,-0.25,21,40,13.0,0.0,1.62,1.6,1.43,0.0,1.55,0.19000000000000017,0.020000000000000018,0.19000000000000017,4,0,0,3,-11.0,-5.0,False,True,False,False,True,False,False,False,-5.0,0,3.0,643.0,-0.13312,0.094197,0.575847,1.72754,Al1|Sc2|Zr1,False
Sc2ZrGa,3,4,3.0,0.0,13.0,-1,0.0,1.0,1.36,1.33,1.81,0.0,1.4650000000000003,0.030000000000000027,-0.44999999999999996,21,40,31.0,0.0,1.62,1.6,1.35,0.0,1.5233333333333334,0.27,0.020000000000000018,0.27,4,0,0,3,-11.0,-5.0,False,True,False,False,True,False,False,False,-5.0,0,3.0,746.0,-0.04232,0.229314,0.77871,2.336129,Ga1|Sc2|Zr1,True
Sc2ZrGe,3,4,4.0,0.0,14.0,-1,-1.0,0.0,1.36,1.33,2.01,0.0,1.5150000000000001,0.030000000000000027,-0.6499999999999997,21,40,32.0,0.0,1.62,1.6,1.22,0.0,1.4800000000000002,0.40000000000000013,0.020000000000000018,0.40000000000000013,4,0,0,3,-10.0,-4.0,False,True,False,False,True,False,False,False,-4.0,0,3.0,761.0,-0.19999,0.101565,0.752943,2.25883,Ge1|Sc2|Zr1,False
Sc2ZrIn,3,4,3.0,0.0,13.0,-1,0.0,1.0,1.36,1.33,1.78,0.0,1.4575000000000002,0.030000000000000027,-0.41999999999999993,21,40,49.0,0.0,1.62,1.6,1.67,0.0,1.6300000000000001,0.06999999999999984,0.020000000000000018,-0.04999999999999982,4,0,0,3,-11.0,-5.0,False,True,False,False,True,False,False,False,-5.0,0,3.0,739.0,-0.19318,0.053302,0.699308,2.097923,In1|Sc2|Zr1,False
Sc2ZrSi,3,4,4.0,0.0,14.0,-1,-1.0,0.0,1.36,1.33,1.9,0.0,1.4875000000000003,0.030000000000000027,-0.5399999999999998,21,40,14.0,0.0,1.62,1.6,1.11,0.0,1.4433333333333334,0.51,0.020000000000000018,0.51,4,0,0,3,-10.0,-4.0,False,True,False,False,True,False,False,False,-4.0,0,3.0,882.0,-0.10785,0.197232,0.928416,2.785247,Sc2|Si1|Zr1,False
Ti2CoAl,4,9,3.0,0.0,20.0,-5,1.0,6.0,1.54,1.88,1.61,0.0,1.6425,-0.33999999999999986,-0.07000000000000006,22,27,13.0,0.0,1.47,1.25,1.43,0.0,1.383333333333333,0.21999999999999997,0.21999999999999997,0.040000000000000036,4,1,0,3,-4.0,2.0,False,True,False,False,True,False,False,False,2.0,0,3.0,632.0,-0.18211,0.132281,0.674659,2.023977,Al1|Co1|Ti2,True
Ti2CoGa,4,9,3.0,0.0,20.0,-5,1.0,6.0,1.54,1.88,1.81,0.0,1.6925,-0.33999999999999986,-0.27,22,27,31.0,0.0,1.47,1.25,1.35,0.0,1.3566666666666667,0.21999999999999997,0.21999999999999997,0.11999999999999988,4,1,0,3,-4.0,2.0,False,True,False,False,True,False,False,False,2.0,0,3.0,773.0,-0.06411,0.038409,0.688828,2.066485,Co1|Ga1|Ti2,False
Ti2CoGe,4,9,4.0,0.0,21.0,-5,0.0,5.0,1.54,1.88,2.01,0.0,1.7425,-0.33999999999999986,-0.46999999999999975,22,27,32.0,0.0,1.47,1.25,1.22,0.0,1.3133333333333332,0.25,0.21999999999999997,0.25,4,1,0,3,-3.0,3.0,False,True,False,False,False,False,True,False,3.0,0,6.0,846.0,-0.24176,0.093125,0.386106,2.316634,Co1|Ge1|Ti2,False
Ti2CoSi,4,9,4.0,0.0,21.0,-5,0.0,5.0,1.54,1.88,1.9,0.0,1.7149999999999999,-0.33999999999999986,-0.3599999999999999,22,27,14.0,0.0,1.47,1.25,1.11,0.0,1.2766666666666666,0.3599999999999999,0.21999999999999997,0.3599999999999999,4,1,0,3,-3.0,3.0,False,True,False,False,True,False,False,False,3.0,0,3.0,685.0,-0.3259,0.126401,0.582991,1.748973,Co1|Si1|Ti2,True
Ti2CrGe,4,6,4.0,0.0,18.0,-2,0.0,2.0,1.54,1.66,2.01,0.0,1.6875,-0.11999999999999988,-0.46999999999999975,22,24,32.0,0.0,1.47,1.28,1.22,0.0,1.3233333333333333,0.25,0.18999999999999995,0.25,4,1,0,3,-6.0,0.0,False,True,False,False,True,False,False,False,0.0,0,3.0,633.0,-0.03373,0.194774,0.579523,1.73857,Cr1|Ge1|Ti2,True
Ti2CrIn,4,6,3.0,0.0,17.0,-2,1.0,3.0,1.54,1.66,1.78,0.0,1.6300000000000001,-0.11999999999999988,-0.24,22,24,49.0,0.0,1.47,1.28,1.67,0.0,1.4733333333333334,0.3899999999999999,0.18999999999999995,-0.19999999999999996,4,1,0,3,-7.0,-1.0,False,True,False,False,True,False,False,False,-1.0,0,3.0,645.0,-0.18518,0.186819,0.699426,2.098277,Cr1|In1|Ti2,False
Ti2CrSi,4,6,4.0,0.0,18.0,-2,0.0,2.0,1.54,1.66,1.9,0.0,1.6600000000000001,-0.11999999999999988,-0.3599999999999999,22,24,14.0,0.0,1.47,1.28,1.11,0.0,1.2866666666666668,0.3599999999999999,0.18999999999999995,0.3599999999999999,4,1,0,3,-6.0,0.0,False,True,False,False,True,False,False,False,0.0,0,3.0,796.0,-0.09293,0.102821,0.870528,2.611585,Cr1|Si1|Ti2,False
Ti2CuAl,4,11,3.0,0.0,22.0,-7,1.0,8.0,1.54,1.9,1.61,0.0,1.6475000000000002,-0.3599999999999999,-0.07000000000000006,22,29,13.0,0.0,1.47,1.28,1.43,0.0,1.3933333333333333,0.18999999999999995,0.18999999999999995,0.040000000000000036,4,0,0,3,-2.0,4.0,False,True,False,False,False,False,True,False,4.0,0,6.0,699.0,-0.00747,0.047421,0.336472,2.01883,Al1|Cu1|Ti2,False
Ti2CuGa,4,11,3.0,0.0,22.0,-7,1.0,8.0,1.54,1.9,1.81,0.0,1.6975000000000002,-0.3599999999999999,-0.27,22,29,31.0,0.0,1.47,1.28,1.35,0.0,1.3666666666666665,0.18999999999999995,0.18999999999999995,0.11999999999999988,4,0,0,3,-2.0,4.0,False,True,False,False,False,False,True,False,4.0,0,6.0,803.0,-0.09873,0.065729,0.381049,2.286291,Cu1|Ga1|Ti2,False
Ti2CuGe,4,11,4.0,0.0,23.0,-7,0.0,7.0,1.54,1.9,2.01,0.0,1.7475,-0.3599999999999999,-0.46999999999999975,22,29,32.0,0.0,1.47,1.28,1.22,0.0,1.3233333333333333,0.25,0.18999999999999995,0.25,4,0,0,3,-1.0,5.0,False,True,False,False,True,False,False,False,5.0,0,3.0,808.0,-0.19234,0.137121,0.854887,2.564662,Cu1|Ge1|Ti2,False
Ti2CuIn,4,11,3.0,0.0,22.0,-7,1.0,8.0,1.54,1.9,1.78,0.0,1.6900000000000002,-0.3599999999999999,-0.24,22,29,49.0,0.0,1.47,1.28,1.67,0.0,1.4733333333333334,0.3899999999999999,0.18999999999999995,-0.19999999999999996,4,0,0,3,-2.0,4.0,False,True,False,False,False,False,True,False,4.0,0,6.0,856.0,-0.09548,0.065232,0.424084,2.544505,Cu1|In1|Ti2,False
Ti2CuSi,4,11,4.0,0.0,23.0,-7,0.0,7.0,1.54,1.9,1.9,0.0,1.7200000000000002,-0.3599999999999999,-0.3599999999999999,22,29,14.0,0.0,1.47,1.28,1.11,0.0,1.2866666666666668,0.3599999999999999,0.18999999999999995,0.3599999999999999,4,0,0,3,-1.0,5.0,False,True,False,False,True,False,False,False,5.0,0,3.0,618.0,-0.01112,0.111875,0.558097,1.674291,Cu1|Si1|Ti2,False
Ti2FeGa,4,8,3.0,0.0,19.0,-4,1.0,5.0,1.54,1.83,1.81,0.0,1.6800000000000002,-0.29000000000000004,-0.27,22,26,31.0,0.0,1.47,1.26,1.35,0.0,1.36,0.20999999999999996,0.20999999999999996,0.11999999999999988,4,1,0,3,-5.0,1.0,False,True,False,False,True,False,False,False,1.0,0,3.0,677.0,-0.21962,0.172338,0.723856,2.171568,Fe1|Ga1|Ti2,False
Ti2FeGe,4,8,4.0,0.0,20.0,-4,0.0,4.0,1.54,1.83,2.01,0.0,1.73,-0.29000000000000004,-0.46999999999999975,22,26,32.0,0.0,1.47,1.26,1.22,0.0,1.3166666666666667,0.25,0.20999999999999996,0.25,4,1,0,3,-4.0,2.0,False,True,False,False,True,False,False,False,2.0,0,3.0,596.0,-0.13471,0.102786,0.440024,1.320072,Fe1|Ge1|Ti2,False
Ti2FeIn,4,8,3.0,0.0,19.0,-4,1.0,5.0,1.54,1.83,1.78,0.0,1.6725,-0.29000000000000004,-0.24,22,26,49.0,0.0,1.47,1.26,1.67,0.0,1.4666666666666668,0.4099999999999999,0.20999999999999996,-0.19999999999999996,4,1,0,3,-5.0,1.0,False,True,False,False,True,False,False,False,1.0,0,3.0,835.0,-0.10275,0.166522,0.803414,2.410241,Fe1|In1|Ti2,False
Ti2FeSi,4,8,4.0,0.0,20.0,-4,0.0,4.0,1.54,1.83,1.9,0.0,1.7025000000000001,-0.29000000000000004,-0.3599999999999999,22,26,14.0,0.0,1.47,1.26,1.11,0.0,1.28,0.3599999999999999,0.20999999999999996,0.3599999999999999,4,1,0,3,-4.0,2.0,False,True,False,False,True,False,False,False,2.0,0,3.0,641.0,-0.11156,0.077781,0.52774,1.583221,Fe1|Si1|Ti2,False
Ti2MnAl,4,7,3.0,0.0,18.0,-3,1.0,4.0,1.54,1.55,1.61,0.0,1.56,-0.010000000000000009,-0.07000000000000006,22,25,13.0,0.0,1.47,1.27,1.43,0.0,1.39,0.19999999999999996,0.19999999999999996,0.040000000000000036,4,1,0,3,-6.0,0.0,False,True,False,False,True,False,False,False,0.0,0,3.0,584.0,-0.30469,0.027556,0.488237,1.464711,Al1|Mn1|Ti2,False
Ti2MnGa,4,7,3.0,0.0,18.0,-3,1.0,4.0,1.54,1.55,1.81,0.0,1.6099999999999999,-0.010000000000000009,-0.27,22,25,31.0,0.0,1.47,1.27,1.35,0.0,1.3633333333333333,0.19999999999999996,0.19999999999999996,0.11999999999999988,4,1,0,3,-6.0,0.0,False,True,False,False,True,False,False,False,0.0,0,3.0,762.0,-0.09601,0.032637,0.730402,2.191205,Ga1|Mn1|Ti2,False
Ti2MnGe,4,7,4.0,0.0,19.0,-3,0.0,3.0,1.54,1.55,2.01,0.0,1.66,-0.010000000000000009,-0.46999999999999975,22,25,32.0,0.0,1.47,1.27,1.22,0.0,1.32,0.25,0.19999999999999996,0.25,4,1,0,3,-5.0,1.0,False,True,False,False,False,False,True,False,1.0,0,6.0,812.0,-0.13682,0.078248,0.381983,2.2919,Ge1|Mn1|Ti2,False
Ti2MnIn,4,7,3.0,0.0,18.0,-3,1.0,4.0,1.54,1.55,1.78,0.0,1.6025,-0.010000000000000009,-0.24,22,25,49.0,0.0,1.47,1.27,1.67,0.0,1.47,0.3999999999999999,0.19999999999999996,-0.19999999999999996,4,1,0,3,-6.0,0.0,False,True,False,False,True,False,False,False,0.0,0,3.0,730.0,-0.1914,0.064065,0.759229,2.277688,In1|Mn1|Ti2,False
Ti2NiAl,4,10,3.0,0.0,21.0,-6,1.0,7.0,1.54,1.91,1.61,0.0,1.6500000000000001,-0.3699999999999999,-0.07000000000000006,22,28,13.0,0.0,1.47,1.24,1.43,0.0,1.38,0.22999999999999998,0.22999999999999998,0.040000000000000036,4,1,0,3,-3.0,3.0,False,True,False,False,False,False,True,False,3.0,0,6.0,900.0,-0.12184,0.024908,0.453647,2.721882,Al1|Ni1|Ti2,False
Ti2NiGa,4,10,3.0,0.0,21.0,-6,1.0,7.0,1.54,1.91,1.81,0.0,1.7000000000000002,-0.3699999999999999,-0.27,22,28,31.0,0.0,1.47,1.24,1.35,0.0,1.3533333333333335,0.22999999999999998,0.22999999999999998,0.11999999999999988,4,1,0,3,-3.0,3.0,False,True,False,False,True,False,False,False,3.0,0,3.0,698.0,-0.09338,0.143352,0.743322,2.229965,Ga1|Ni1|Ti2,False
Ti2NiGe,4,10,4.0,0.0,22.0,-6,0.0,6.0,1.54,1.91,2.01,0.0,1.75,-0.3699999999999999,-0.46999999999999975,22,28,32.0,0.0,1.47,1.24,1.22,0.0,1.3099999999999998,0.25,0.22999999999999998,0.25,4,1,0,3,-2.0,4.0,False,True,False,False,True,False,False,False,4.0,0,3.0,740.0,-0.08917,0.147148,0.737576,2.212729,Ge1|Ni1|Ti2,True
Ti2NiSi,4,10,4.0,0.0,22.0,-6,0.0,6.0,1.54,1.91,1.9,0.0,1.7225000000000001,-0.3699999999999999,-0.3599999999999999,22,28,14.0,0.0,1.47,1.24,1.11,0.0,1.2733333333333334,0.3599999999999999,0.22999999999999998,0.3599999999999999,4,1,0,3,-2.0,4.0,False,True,False,False,False,False,True,False,4.0,0,6.0,663.0,-0.20077,0.159745,0.310258,1.861551,Ni1|Si1|Ti2,False
Ti2VAl,4,5,3.0,0.0,16.0,-1,1.0,2.0,1.54,1.63,1.61,0.0,1.58,-0.08999999999999986,-0.07000000000000006,22,23,13.0,0.0,1.47,1.34,1.43,0.0,1.4133333333333333,0.1299999999999999,0.1299999999999999,0.040000000000000036,4,0,0,3,-8.0,-2.0,False,True,False,False,False,False,True,False,-2.0,0,6.0,861.0,-0.0427,0.046973,0.381164,2.286983,Al1|Ti2|V1,False
Ti2VGa,4,5,3.0,0.0,16.0,-1,1.0,2.0,1.54,1.63,1.81,0.0,1.63,-0.08999999999999986,-0.27,22,23,31.0,0.0,1.47,1.34,1.35,0.0,1.3866666666666667,0.1299999999999999,0.1299999999999999,0.11999999999999988,4,0,0,3,-8.0,-2.0,False,True,False,False,True,False,False,False,-2.0,0,3.0,707.0,-0.09398,0.065462,0.687002,2.061005,Ga1|Ti2|V1,False
Ti2VGe,4,5,4.0,0.0,17.0,-1,0.0,1.0,1.54,1.63,2.01,0.0,1.68,-0.08999999999999986,-0.46999999999999975,22,23,32.0,0.0,1.47,1.34,1.22,0.0,1.3433333333333335,0.25,0.1299999999999999,0.25,4,0,0,3,-7.0,-1.0,False,True,False,False,False,False,True,False,-1.0,0,6.0,805.0,-0.08466,0.13712,0.440522,2.643134,Ge1|Ti2|V1,False
Ti2VIn,4,5,3.0,0.0,16.0,-1,1.0,2.0,1.54,1.63,1.78,0.0,1.6225,-0.08999999999999986,-0.24,22,23,49.0,0.0,1.47,1.34,1.67,0.0,1.4933333333333334,0.32999999999999985,0.1299999999999999,-0.19999999999999996,4,0,0,3,-8.0,-2.0,False,True,False,False,False,False,True,False,-2.0,0,6.0,675.0,-0.17679,0.218502,0.329395,1.976368,In1|Ti2|V1,False
Ti2VSi,4,5,4.0,0.0,17.0,-1,0.0,1.0,1.54,1.63,1.9,0.0,1.6524999999999999,-0.08999999999999986,-0.3599999999999999,22,23,14.0,0.0,1.47,1.34,1.11,0.0,1.3066666666666666,0.3599999999999999,0.1299999999999999,0.3599999999999999,4,0,0,3,-7.0,-1.0,False,True,False,False,True,False,False,False,-1.0,0,3.0,623.0,-0.10026,0.005787,0.545477,1.636431,Si1|Ti2|V1,False
Ti2ZrAl,4,4,3.0,0.0,15.0,0,1.0,1.0,1.54,1.33,1.61,0.0,1.5050000000000001,0.20999999999999996,-0.07000000000000006,22,40,13.0,0.0,1.47,1.6,1.43,0.0,1.5,0.17000000000000015,-0.13000000000000012,0.040000000000000036,4,0,0,3,-9.0,-3.0,False,True,False,False,True,False,False,False,-3.0,0,3.0,694.0,-0.10092,0.038632,0.623771,1.871312,Al1|Ti2|Zr1,False
Ti2ZrGa,4,4,3.0,0.0,15.0,0,1.0,1.0,1.54,1.33,1.81,0.0,1.5550000000000002,0.20999999999999996,-0.27,22,40,31.0,0.0,1.47,1.6,1.35,0.0,1.4733333333333334,0.25,-0.13000000000000012,0.11999999999999988,4,0,0,3,-9.0,-3.0,False,True,False,False,True,False,False,False,-3.0,0,3.0,989.0,-0.22213,0.006292,1.00029,3.000869,Ga1|Ti2|Zr1,False
Ti2ZrGe,4,4,4.0,0.0,16.0,0,0.0,0.0,1.54,1.33,2.01,0.0,1.605,0.20999999999999996,-0.46999999999999975,22,40,32.0,0.0,1.47,1.6,1.22,0.0,1.43,0.3800000000000001,-0.13000000000000012,0.25,4,0,0,3,-8.0,-2.0,False,True,False,False,True,False,False,False,-2.0,0,3.0,547.0,-0.179,0.03282,0.450886,1.352659,Ge1|Ti2|Zr1,True
Ti2ZrIn,4,4,3.0,0.0,15.0,0,1.0,1.0,1.54,1.33,1.78,0.0,1.5475,0.20999999999999996,-0.24,22,40,49.0,0.0,1.47,1.6,1.67,0.0,1.58,0.19999999999999996,-0.13000000000000012,-0.19999999999999996,4,0,0,3,-9.0,-3.0,False,True,False,False,True,False,False,False,-3.0,0,3.0,816.0,-0.09781,0.005416,0.912757,2.73827,In1|Ti2|Zr1,False
Ti2ZrSi,4,4,4.0,0.0,16.0,0,0.0,0.0,1.54,1.33,1.9,0.0,1.5775000000000001,0.20999999999999996,-0.3599999999999999,22,40,14.0,0.0,1.47,1.6,1.11,0.0,1.3933333333333335,0.49,-0.13000000000000012,0.3599999999999999,4,0,0,3,-8.0,-2.0,False,True,False,False,True,False,False,False,-2.0,0,3.0,748.0,-0.17332,0.000971,0.658263,1.974789,Si1|Ti2|Zr1,False
V2CoGe,5,9,4.0,0.0,23.0,-4,1.0,5.0,1.63,1.88,2.01,0.0,1.7874999999999999,-0.25,-0.3799999999999999,23,27,32.0,0.0,1.34,1.25,1.22,0.0,1.2699999999999998,0.1200000000000001,0.09000000000000008,0.1200000000000001,4,1,0,3,-1.0,5.0,False,True,False,False,False,False,True,False,5.0,0,6.0,924.0,-0.2232,0.104877,0.465289,2.791733,Co1|Ge1|V2,False
V2CoIn,5,9,3.0,0.0,22.0,-4,2.0,6.0,1.63,1.88,1.78,0.0,1.73,-0.25,-0.15000000000000013,23,27,49.0,0.0,1.34,1.25,1.67,0.0,1.42,0.41999999999999993,0.09000000000000008,-0.32999999999999985,4,1,0,3,-2.0,4.0,False,True,False,False,False,False,True,False,4.0,0,6.0,826.0,-0.19975,0.142082,0.419255,2.515531,Co1|In1|V2,False
V2CoSi,5,9,4.0,0.0,23.0,-4,1.0,5.0,1.63,1.88,1.9,0.0,1.7599999999999998,-0.25,-0.27,23,27,14.0,0.0,1.34,1.25,1.11,0.0,1.2333333333333334,0.22999999999999998,0.09000000000000008,0.22999999999999998,4,1,0,3,-1.0,5.0,False,True,False,False,False,False,True,False,5.0,0,6.0,657.0,-0.01619,0.125141,0.274582,1.647494,Co1|Si1|V2,False
V2CrAl,5,6,3.0,0.0,19.0,-1,2.0,3.0,1.63,1.66,1.61,0.0,1.6325,-0.030000000000000027,0.019999999999999796,23,24,13.0,0.0,1.34,1.28,1.43,0.0,1.3499999999999999,0.1499999999999999,0.06000000000000005,-0.08999999999999986,4,1,0,3,-5.0,1.0,False,True,False,False,False,False,True,False,1.0,0,6.0,950.0,-0.13797,0.121898,0.533618,3.201708,Al1|Cr1|V2,False
V2CrGa,5,6,3.0,0.0,19.0,-1,2.0,3.0,1.63,1.66,1.81,0.0,1.6825,-0.030000000000000027,-0.18000000000000016,23,24,31.0,0.0,1.34,1.28,1.35,0.0,1.3233333333333335,0.07000000000000006,0.06000000000000005,-0.010000000000000009,4,1,0,3,-5.0,1.0,False,True,False,False,False,False,True,False,1.0,0,6.0,552.0,-0.23613,0.140104,0.242534,1.455203,Cr1|Ga1|V2,False
V2CrIn,5,6,3.0,0.0,19.0,-1,2.0,3.0,1.63,1.66,1.78,0.0,1.675,-0.030000000000000027,-0.15000000000000013,23,24,49.0,0.0,1.34,1.28,1.67,0.0,1.43,0.3899999999999999,0.06000000000000005,-0.32999999999999985,4,1,0,3,-5.0,1.0,False,True,False,False,True,False,False,False,1.0,0,3.0,764.0,-0.1237,0.119281,0.736987,2.21096,Cr1|In1|V2,False
V2CuAl,5,11,3.0,0.0,24.0,-6,2.0,8.0,1.63,1.9,1.61,0.0,1.6925000000000001,-0.27,0.019999999999999796,23,29,13.0,0.0,1.34,1.28,1.43,0.0,1.3499999999999999,0.1499999999999999,0.06000000000000005,-0.08999999999999986,4,0,0,3,0.0,6.0,False,True,False,False,False,False,True,False,6.0,0,6.0,656.0,-0.10762,0.0,0.338663,2.031978,Al1|Cu1|V2,False
V2CuGa,5,11,3.0,0.0,24.0,-6,2.0,8.0,1.63,1.9,1.81,0.0,1.7425000000000002,-0.27,-0.18000000000000016,23,29,31.0,0.0,1.34,1.28,1.35,0.0,1.3233333333333335,0.07000000000000006,0.06000000000000005,-0.010000000000000009,4,0,0,3,0.0,6.0,False,True,False,False,False,False,True,False,6.0,0,6.0,495.0,-0.11108,0.103868,0.168711,1.012267,Cu1|Ga1|V2,False
V2CuGe,5,11,4.0,0.0,25.0,-6,1.0,7.0,1.63,1.9,2.01,0.0,1.7925,-0.27,-0.3799999999999999,23,29,32.0,0.0,1.34,1.28,1.22,0.0,1.28,0.1200000000000001,0.06000000000000005,0.1200000000000001,4,0,0,3,1.0,7.0,False,True,False,False,False,False,True,False,7.0,0,6.0,661.0,-0.23352,0.087462,0.322624,1.935746,Cu1|Ge1|V2,False
V2CuIn,5,11,3.0,0.0,24.0,-6,2.0,8.0,1.63,1.9,1.78,0.0,1.735,-0.27,-0.15000000000000013,23,29,49.0,0.0,1.34,1.28,1.67,0.0,1.43,0.3899999999999999,0.06000000000000005,-0.32999999999999985,4,0,0,3,0.0,6.0,False,True,False,False,True,False,False,False,6.0,0,3.0,602.0,-0.22732,0.125031,0.551889,1.655667,Cu1|In1|V2,False
V2CuSi,5,11,4.0,0.0,25.0,-6,1.0,7.0,1.63,1.9,1.9,0.0,1.7650000000000001,-0.27,-0.27,23,29,14.0,0.0,1.34,1.28,1.11,0.0,1.2433333333333334,0.22999999999999998,0.06000000000000005,0.22999999999999998,4,0,0,3,1.0,7.0,False,True,False,False,False,False,True,False,7.0,0,6.0,737.0,-0.18105,0.110225,0.346714,2.080287,Cu1|Si1|V2,False
V2FeIn,5,8,3.0,0.0,21.0,-3,2.0,5.0,1.63,1.83,1.78,0.0,1.7175,-0.20000000000000018,-0.15000000000000013,23,26,49.0,0.0,1.34,1.26,1.67,0.0,1.4233333333333331,0.4099999999999999,0.08000000000000007,-0.32999999999999985,4,1,0,3,-3.0,3.0,False,True,False,False,True,False,False,False,3.0,0,3.0,851.0,-0.20543,0.056896,0.815821,2.447462,Fe1|In1|V2,False
V2MnIn,5,7,3.0,0.0,20.0,-2,2.0,4.0,1.63,1.55,1.78,0.0,1.6475,0.07999999999999985,-0.15000000000000013,23,25,49.0,0.0,1.34,1.27,1.67,0.0,1.4266666666666667,0.3999999999999999,0.07000000000000006,-0.32999999999999985,4,1,0,3,-4.0,2.0,False,True,False,False,True,False,False,False,2.0,0,3.0,679.0,-0.17021,0.123525,0.635184,1.905552,In1|Mn1|V2,False
V2NiAl,5,10,3.0,0.0,23.0,-5,2.0,7.0,1.63,1.91,1.61,0.0,1.695,-0.28,0.019999999999999796,23,28,13.0,0.0,1.34,1.24,1.43,0.0,1.3366666666666667,0.18999999999999995,0.10000000000000009,-0.08999999999999986,4,1,0,3,-1.0,5.0,False,True,False,False,True,False,False,False,5.0,0,3.0,733.0,-0.17531,0.172786,0.690286,2.070858,Al1|Ni1|V2,False
V2NiGa,5,10,3.0,0.0,23.0,-5,2.0,7.0,1.63,1.91,1.81,0.0,1.745,-0.28,-0.18000000000000016,23,28,31.0,0.0,1.34,1.24,1.35,0.0,1.31,0.1100000000000001,0.10000000000000009,-0.010000000000000009,4,1,0,3,-1.0,5.0,False,True,False,False,False,False,True,False,5.0,0,6.0,599.0,-0.10341,0.035764,0.259188,1.555127,Ga1|Ni1|V2,False
V2NiGe,5,10,4.0,0.0,24.0,-5,1.0,6.0,1.63,1.91,2.01,0.0,1.795,-0.28,-0.3799999999999999,23,28,32.0,0.0,1.34,1.24,1.22,0.0,1.2666666666666666,0.1200000000000001,0.10000000000000009,0.1200000000000001,4,1,0,3,0.0,6.0,False,True,False,False,False,False,True,False,6.0,0,6.0,722.0,-0.22188,0.101691,0.332573,1.995441,Ge1|Ni1|V2,False
V2NiIn,5,10,3.0,0.0,23.0,-5,2.0,7.0,1.63,1.91,1.78,0.0,1.7375,-0.28,-0.15000000000000013,23,28,49.0,0.0,1.34,1.24,1.67,0.0,1.4166666666666667,0.42999999999999994,0.10000000000000009,-0.32999999999999985,4,1,0,3,-1.0,5.0,False,True,False,False,True,False,False,False,5.0,0,3.0,738.0,-0.23827,0.0,0.73143,2.194289,In1|Ni1|V2,True
V2NiSi,5,10,4.0,0.0,24.0,-5,1.0,6.0,1.63,1.91,1.9,0.0,1.7675,-0.28,-0.27,23,28,14.0,0.0,1.34,1.24,1.11,0.0,1.2300000000000002,0.22999999999999998,0.10000000000000009,0.22999999999999998,4,1,0,3,0.0,6.0,False,True,False,False,True,False,False,False,6.0,0,3.0,846.0,-0.11288,0.073685,0.86105,2.583151,Ni1|Si1|V2,False
V2VAl,5,5,3.0,0.0,18.0,0,2.0,2.0,1.63,1.63,1.61,0.0,1.625,0.0,0.019999999999999796,23,23,13.0,0.0,1.34,1.34,1.43,0.0,1.37,0.08999999999999986,0.0,-0.08999999999999986,4,0,0,2,-6.0,0.0,False,True,False,False,True,False,False,False,0.0,1,3.0,787.0,-0.17179,0.0,0.709029,2.127087,Al1|V3,False
V2VGa,5,5,3.0,0.0,18.0,0,2.0,2.0,1.63,1.63,1.81,0.0,1.6749999999999998,0.0,-0.18000000000000016,23,23,31.0,0.0,1.34,1.34,1.35,0.0,1.3433333333333335,0.010000000000000009,0.0,-0.010000000000000009,4,0,0,2,-6.0,0.0,False,True,False,False,False,False,True,False,0.0,1,6.0,929.0,-0.17794,0.080702,0.506396,3.038374,Ga1|V3,False
V2VGe,5,5,4.0,0.0,19.0,0,1.0,1.0,1.63,1.63,2.01,0.0,1.7249999999999999,0.0,-0.3799999999999999,23,23,32.0,0.0,1.34,1.34,1.22,0.0,1.3,0.1200000000000001,0.0,0.1200000000000001,4,0,0,2,-5.0,1.0,False,True,False,False,True,False,False,False,1.0,1,3.0,781.0,-0.22508,0.138656,0.712762,2.138285,Ge1|V3,False
V2VIn,5,5,3.0,0.0,18.0,0,2.0,2.0,1.63,1.63,1.78,0.0,1.6675,0.0,-0.15000000000000013,23,23,49.0,0.0,1.34,1.34,1.67,0.0,1.45,0.32999999999999985,0.0,-0.32999999999999985,4,0,0,2,-6.0,0.0,False,True,False,False,True,False,False,False,0.0,1,3.0,698.0,-0.17615,0.066943,0.674731,2.024193,In1|V3,False
V2VSi,5,5,4.0,0.0,19.0,0,1.0,1.0,1.63,1.63,1.9,0.0,1.6974999999999998,0.0,-0.27,23,23,14.0,0.0,1.34,1.34,1.11,0.0,1.2633333333333334,0.22999999999999998,0.0,0.22999999999999998,4,0,0,2,-5.0,1.0,False,True,False,False,True,False,False,False,1.0,1,3.0,589.0,-0.30986,0.15498,0.724415,2.173244,Si1|V3,False
V2ZrAl,5,4,3.0,0.0,17.0,1,2.0,1.0,1.63,1.33,1.61,0.0,1.55,0.2999999999999998,0.019999999999999796,23,40,13.0,0.0,1.34,1.6,1.43,0.0,1.4566666666666668,0.26,-0.26,-0.08999999999999986,4,0,0,3,-7.0,-1.0,False,True,False,False,True,False,False,False,-1.0,0,3.0,460.0,-0.08927,0.065409,0.234826,0.704479,Al1|V2|Zr1,False
V2ZrGa,5,4,3.0,0.0,17.0,1,2.0,1.0,1.63,1.33,1.81,0.0,1.6,0.2999999999999998,-0.18000000000000016,23,40,31.0,0.0,1.34,1.6,1.35,0.0,1.4300000000000004,0.26,-0.26,-0.010000000000000009,4,0,0,3,-7.0,-1.0,False,True,False,False,True,False,False,False,-1.0,0,3.0,639.0,-0.30681,0.223634,0.467823,1.40347,Ga1|V2|Zr1,False
V2ZrGe,5,4,4.0,0.0,18.0,1,1.0,0.0,1.63,1.33,2.01,0.0,1.65,0.2999999999999998,-0.3799999999999999,23,40,32.0,0.0,1.34,1.6,1.22,0.0,1.3866666666666667,0.3800000000000001,-0.26,0.1200000000000001,4,0,0,3,-6.0,0.0,False,True,False,False,True,False,False,False,0.0,0,3.0,639.0,-0.21027,0.127598,0.553714,1.661142,Ge1|V2|Zr1,False
V2ZrIn,5,4,3.0,0.0,17.0,1,2.0,1.0,1.63,1.33,1.78,0.0,1.5925,0.2999999999999998,-0.15000000000000013,23,40,49.0,0.0,1.34,1.6,1.67,0.0,1.5366666666666668,0.32999999999999985,-0.26,-0.32999999999999985,4,0,0,3,-7.0,-1.0,False,True,False,False,True,False,False,False,-1.0,0,3.0,731.0,-0.27908,0.18827,0.631779,1.895338,In1|V2|Zr1,False
V2ZrSi,5,4,4.0,0.0,18.0,1,1.0,0.0,1.63,1.33,1.9,0.0,1.6225,0.2999999999999998,-0.27,23,40,14.0,0.0,1.34,1.6,1.11,0.0,1.3500000000000003,0.49,-0.26,0.22999999999999998,4,0,0,3,-6.0,0.0,False,True,False,False,True,False,False,False,0.0,0,3.0,854.0,-0.15707,0.155281,0.901761,2.705284,Si1|V2|Zr1,False
Zn2CoAl,12,9,3.0,0.0,36.0,3,9.0,6.0,1.65,1.88,1.61,0.0,1.6975,-0.22999999999999998,0.039999999999999813,30,27,13.0,0.0,1.34,1.25,1.43,0.0,1.3399999999999999,0.17999999999999994,0.09000000000000008,-0.08999999999999986,4,1,0,3,12.0,18.0,False,True,False,False,True,False,False,False,18.0,0,3.0,705.0,-0.23008,0.082979,0.894683,2.684049,Al1|Co1|Zn2,False
Zn2CoGa,12,9,3.0,0.0,36.0,3,9.0,6.0,1.65,1.88,1.81,0.0,1.7475,-0.22999999999999998,-0.16000000000000014,30,27,31.0,0.0,1.34,1.25,1.35,0.0,1.3133333333333332,0.10000000000000009,0.09000000000000008,-0.010000000000000009,4,1,0,3,12.0,18.0,False,True,False,False,True,False,False,False,18.0,0,3.0,655.0,-0.00138,0.093794,0.460158,1.380474,Co1|Ga1|Zn2,False
Zn2CoGe,12,9,4.0,0.0,37.0,3,8.0,5.0,1.65,1.88,2.01,0.0,1.7974999999999999,-0.22999999999999998,-0.3599999999999999,30,27,32.0,0.0,1.34,1.25,1.22,0.0,1.2699999999999998,0.1200000000000001,0.09000000000000008,0.1200000000000001,4,1,0,3,13.0,19.0,False,True,False,False,True,False,False,False,19.0,0,3.0,799.0,-0.17881,0.046527,0.65636,1.96908,Co1|Ge1|Zn2,False
Zn2CoIn,12,9,3.0,0.0,36.0,3,9.0,6.0,1.65,1.88,1.78,0.0,1.74,-0.22999999999999998,-0.13000000000000012,30,27,49.0,0.0,1.34,1.25,1.67,0.0,1.42,0.41999999999999993,0.09000000000000008,-0.32999999999999985,4,1,0,3,12.0,18.0,False,True,False,False,False,False,True,False,18.0,0,6.0,919.0,-0.1153,0.13689,0.481555,2.889328,Co1|In1|Zn2,False
Zn2CoSi,12,9,4.0,0.0,37.0,3,8.0,5.0,1.65,1.88,1.9,0.0,1.77,-0.22999999999999998,-0.25,30,27,14.0,0.0,1.34,1.25,1.11,0.0,1.2333333333333334,0.22999999999999998,0.09000000000000008,0.22999999999999998,4,1,0,3,13.0,19.0,False,True,False,False,True,False,False,False,19.0,0,3.0,642.0,-0.19252,0.005928,0.724452,2.173355,Co1|Si1|Zn2,False
Zn2CrAl,12,6,3.0,0.0,33.0,6,9.0,3.0,1.65,1.66,1.61,0.0,1.6425,-0.010000000000000009,0.039999999999999813,30,24,13.0,0.0,1.34,1.28,1.43,0.0,1.3499999999999999,0.1499999999999999,0.06000000000000005,-0.08999999999999986,4,1,0,3,9.0,15.0,False,True,False,False,True,False,False,False,15.0,0,3.0,688.0,-0.03087,0.236287,0.599267,1.797801,Al1|Cr1|Zn2,True
Zn2CrGa,12,6,3.0,0.0,33.0,6,9.0,3.0,1.65,1.66,1.81,0.0,1.6925,-0.010000000000000009,-0.16000000000000014,30,24,31.0,0.0,1.34,1.28,1.35,0.0,1.3233333333333335,0.07000000000000006,0.06000000000000005,-0.010000000000000009,4,1,0,3,9.0,15.0,False,True,False,False,False,False,True,False,15.0,0,6.0,776.0,-0.18942,0.258012,0.377645,2.265872,Cr1|Ga1|Zn2,False
Zn2CrGe,12,6,4.0,0.0,34.0,6,8.0,2.0,1.65,1.66,2.01,0.0,1.7425,-0.010000000000000009,-0.3599999999999999,30,24,32.0,0.0,1.34,1.28,1.22,0.0,1.28,0.1200000000000001,0.06000000000000005,0.1200000000000001,4,1,0,3,10.0,16.0,False,True,False,False,True,False,False,False,16.0,0,3.0,865.0,-0.11268,0.180774,0.753708,2.261125,Cr1|Ge1|Zn2,False
Zn2CrIn,12,6,3.0,0.0,33.0,6,9.0,3.0,1.65,1.66,1.78,0.0,1.685,-0.010000000000000009,-0.13000000000000012,30,24,49.0,0.0,1.34,1.28,1.67,0.0,1.43,0.3899999999999999,0.06000000000000005,-0.32999999999999985,4,1,0,3,9.0,15.0,False,True,False,False,True,False,False,False,15.0,0,3.0,687.0,0.00932,0.050076,0.574981,1.724942,Cr1|In1|Zn2,False
Zn2CrSi,12,6,4.0,0.0,34.0,6,8.0,2.0,1.65,1.66,1.9,0.0,1.7149999999999999,-0.010000000000000009,-0.25,30,24,14.0,0.0,1.34,1.28,1.11,0.0,1.2433333333333334,0.22999999999999998,0.06000000000000005,0.22999999999999998,4,1,0,3,10.0,16.0,False,True,False,False,True,False,False,False,16.0,0,3.0,792.0,-0.26595,0.11955,0.868058,2.604174,Cr1|Si1|Zn2,False
Zn2CuAl,12,11,3.0,0.0,38.0,1,9.0,8.0,1.65,1.9,1.61,0.0,1.7025,-0.25,0.039999999999999813,30,29,13.0,0.0,1.34,1.28,1.43,0.0,1.3499999999999999,0.1499999999999999,0.06000000000000005,-0.08999999999999986,4,0,0,3,14.0,20.0,False,True,False,False,False,False,True,False,20.0,0,6.0,693.0,-0.08927,0.147508,0.398818,2.392906,Al1|Cu1|Zn2,False
Zn2CuGa,12,11,3.0,0.0,38.0,1,9.0,8.0,1.65,1.9,1.81,0.0,1.7525,-0.25,-0.16000000000000014,30,29,31.0,0.0,1.34,1.28,1.35,0.0,1.3233333333333335,0.07000000000000006,0.06000000000000005,-0.010000000000000009,4,0,0,3,14.0,20.0,False,True,False,False,False,False,True,False,20.0,0,6.0,759.0,-0.11833,0.141571,0.394553,2.367319,Cu1|Ga1|Zn2,False
Zn2CuGe,12,11,4.0,0.0,39.0,1,8.0,7.0,1.65,1.9,2.01,0.0,1.8024999999999998,-0.25,-0.3599999999999999,30,29,32.0,0.0,1.34,1.28,1.22,0.0,1.28,0.1200000000000001,0.06000000000000005,0.1200000000000001,4,0,0,3,15.0,21.0,False,True,False,False,True,False,False,False,21.0,0,3.0,604.0,-0.24256,0.098619,0.54522,1.635661,Cu1|Ge1|Zn2,False
Zn2CuIn,12,11,3.0,0.0,38.0,1,9.0,8.0,1.65,1.9,1.78,0.0,1.7449999999999999,-0.25,-0.13000000000000012,30,29,49.0,0.0,1.34,1.28,1.67,0.0,1.43,0.3899999999999999,0.06000000000000005,-0.32999999999999985,4,0,0,3,14.0,20.0,False,True,False,False,True,False,False,False,20.0,0,3.0,695.0,-0.14822,0.012345,0.552129,1.656387,Cu1|In1|Zn2,False
Zn2CuSi,12,11,4.0,0.0,39.0,1,8.0,7.0,1.65,1.9,1.9,0.0,1.775,-0.25,-0.25,30,29,14.0,0.0,1.34,1.28,1.11,0.0,1.2433333333333334,0.22999999999999998,0.06000000000000005,0.22999999999999998,4,0,0,3,15.0,21.0,False,True,False,False,False,False,True,False,21.0,0,6.0,697.0,-0.10228,0.061943,0.313669,1.882015,Cu1|Si1|Zn2,False
Zn2FeAl,12,8,3.0,0.0,35.0,4,9.0,5.0,1.65,1.83,1.61,0.0,1.685,-0.18000000000000016,0.039999999999999813,30,26,13.0,0.0,1.34,1.26,1.43,0.0,1.3433333333333335,0.16999999999999993,0.08000000000000007,-0.08999999999999986,4,1,0,3,11.0,17.0,False,True,False,False,True,False,False,False,17.0,0,3.0,436.0,-0.03909,0.081869,0.23281,0.698431,Al1|Fe1|Zn2,False
Zn2FeGa,12,8,3.0,0.0,35.0,4,9.0,5.0,1.65,1.83,1.81,0.0,1.7349999999999999,-0.18000000000000016,-0.16000000000000014,30,26,31.0,0.0,1.34,1.26,1.35,0.0,1.3166666666666667,0.09000000000000008,0.08000000000000007,-0.010000000000000009,4,1,0,3,11.0,17.0,False,True,False,False,False,False,True,False,17.0,0,6.0,695.0,-0.05926,0.01637,0.286156,1.716936,Fe1|Ga1|Zn2,True
Zn2FeGe,12,8,4.0,0.0,36.0,4,8.0,4.0,1.65,1.83,2.01,0.0,1.785,-0.18000000000000016,-0.3599999999999999,30,26,32.0,0.0,1.34,1.26,1.22,0.0,1.2733333333333334,0.1200000000000001,0.08000000000000007,0.1200000000000001,4,1,0,3,12.0,18.0,False,True,False,False,True,False,False,False,18.0,0,3.0,353.0,-0.11605,0.176771,0.297197,0.891591,Fe1|Ge1|Zn2,True
Zn2FeIn,12,8,3.0,0.0,35.0,4,9.0,5.0,1.65,1.83,1.78,0.0,1.7275,-0.18000000000000016,-0.13000000000000012,30,26,49.0,0.0,1.34,1.26,1.67,0.0,1.4233333333333331,0.4099999999999999,0.08000000000000007,-0.32999999999999985,4,1,0,3,11.0,17.0,False,True,False,False,True,False,False,False,17.0,0,3.0,820.0,-0.16465,0.0786,0.86344,2.59032,Fe1|In1|Zn2,False
Zn2FeSi,12,8,4.0,0.0,36.0,4,8.0,4.0,1.65,1.83,1.9,0.0,1.7574999999999998,-0.18000000000000016,-0.25,30,26,14.0,0.0,1.34,1.26,1.11,0.0,1.2366666666666666,0.22999999999999998,0.08000000000000007,0.22999999999999998,4,1,0,3,12.0,18.0,False,True,False,False,False,False,True,False,18.0,0,6.0,704.0,-0.19779,0.164674,0.287162,1.722972,Fe1|Si1|Zn2,False
Zn2MnAl,12,7,3.0,0.0,34.0,5,9.0,4.0,1.65,1.55,1.61,0.0,1.615,0.09999999999999987,0.039999999999999813,30,25,13.0,0.0,1.34,1.27,1.43,0.0,1.3466666666666667,0.15999999999999992,0.07000000000000006,-0.08999999999999986,4,1,0,3,10.0,16.0,False,True,False,False,False,False,True,False,16.0,0,6.0,515.0,-0.03797,0.133253,0.204635,1.227811,Al1|Mn1|Zn2,False
Zn2MnGa,12,7,3.0,0.0,34.0,5,9.0,4.0,1.65,1.55,1.81,0.0,1.665,0.09999999999999987,-0.16000000000000014,30,25,31.0,0.0,1.34,1.27,1.35,0.0,1.32,0.08000000000000007,0.07000000000000006,-0.010000000000000009,4,1,0,3,10.0,16.0,False,True,False,False,True,False,False,False,16.0,0,3.0,546.0,-0.18309,0.071341,0.457477,1.372432,Ga1|Mn1|Zn2,False
Zn2MnGe,12,7,4.0,0.0,35.0,5,8.0,3.0,1.65,1.55,2.01,0.0,1.7149999999999999,0.09999999999999987,-0.3599999999999999,30,25,32.0,0.0,1.34,1.27,1.22,0.0,1.2766666666666666,0.1200000000000001,0.07000000000000006,0.1200000000000001,4,1,0,3,11.0,17.0,False,True,False,False,True,False,False,False,17.0,0,3.0,715.0,-0.28101,0.107176,0.71986,2.15958,Ge1|Mn1|Zn2,True
Zn2MnIn,12,7,3.0,0.0,34.0,5,9.0,4.0,1.65,1.55,1.78,0.0,1.6575,0.09999999999999987,-0.13000000000000012,30,25,49.0,0.0,1.34,1.27,1.67,0.0,1.4266666666666667,0.3999999999999999,0.07000000000000006,-0.32999999999999985,4,1,0,3,10.0,16.0,False,True,False,False,True,False,False,False,16.0,0,3.0,633.0,-0.16582,0.111347,0.545388,1.636164,In1|Mn1|Zn2,True
Zn2MnSi,12,7,4.0,0.0,35.0,5,8.0,3.0,1.65,1.55,1.9,0.0,1.6875,0.09999999999999987,-0.25,30,25,14.0,0.0,1.34,1.27,1.11,0.0,1.2400000000000002,0.22999999999999998,0.07000000000000006,0.22999999999999998,4,1,0,3,11.0,17.0,False,True,False,False,True,False,False,False,17.0,0,3.0,572.0,-0.06812,0.110517,0.443879,1.331637,Mn1|Si1|Zn2,False
Zn2NiAl,12,10,3.0,0.0,37.0,2,9.0,7.0,1.65,1.91,1.61,0.0,1.705,-0.26,0.039999999999999813,30,28,13.0,0.0,1.34,1.24,1.43,0.0,1.3366666666666667,0.18999999999999995,0.10000000000000009,-0.08999999999999986,4,1,0,3,13.0,19.0,False,True,False,False,True,False,False,False,19.0,0,3.0,707.0,-0.13167,0.164459,0.704057,2.11217,Al1|Ni1|Zn2,False
Zn2NiGa,12,10,3.0,0.0,37.0,2,9.0,7.0,1.65,1.91,1.81,0.0,1.755,-0.26,-0.16000000000000014,30,28,31.0,0.0,1.34,1.24,1.35,0.0,1.31,0.1100000000000001,0.10000000000000009,-0.010000000000000009,4,1,0,3,13.0,19.0,False,True,False,False,True,False,False,False,19.0,0,3.0,583.0,-0.08387,0.065668,0.534998,1.604994,Ga1|Ni1|Zn2,True
Zn2NiGe,12,10,4.0,0.0,38.0,2,8.0,6.0,1.65,1.91,2.01,0.0,1.805,-0.26,-0.3599999999999999,30,28,32.0,0.0,1.34,1.24,1.22,0.0,1.2666666666666666,0.1200000000000001,0.10000000000000009,0.1200000000000001,4,1,0,3,14.0,20.0,False,True,False,False,True,False,False,False,20.0,0,3.0,641.0,-0.06943,0.120169,0.628754,1.886262,Ge1|Ni1|Zn2,True
Zn2NiIn,12,10,3.0,0.0,37.0,2,9.0,7.0,1.65,1.91,1.78,0.0,1.7475,-0.26,-0.13000000000000012,30,28,49.0,0.0,1.34,1.24,1.67,0.0,1.4166666666666667,0.42999999999999994,0.10000000000000009,-0.32999999999999985,4,1,0,3,13.0,19.0,False,True,False,False,False,False,True,False,19.0,0,6.0,524.0,-0.24783,0.104275,0.225541,1.353246,In1|Ni1|Zn2,False
Zn2NiSi,12,10,4.0,0.0,38.0,2,8.0,6.0,1.65,1.91,1.9,0.0,1.7774999999999999,-0.26,-0.25,30,28,14.0,0.0,1.34,1.24,1.11,0.0,1.2300000000000002,0.22999999999999998,0.10000000000000009,0.22999999999999998,4,1,0,3,14.0,20.0,False,True,False,False,True,False,False,False,20.0,0,3.0,914.0,-0.15859,0.159965,0.983882,2.951646,Ni1|Si1|Zn2,False
Zn2VGa,12,5,3.0,0.0,32.0,7,9.0,2.0,1.65,1.63,1.81,0.0,1.685,0.020000000000000018,-0.16000000000000014,30,23,31.0,0.0,1.34,1.34,1.35,0.0,1.3433333333333335,0.010000000000000009,0.0,-0.010000000000000009,4,0,0,3,8.0,14.0,False,True,False,False,True,False,False,False,14.0,0,3.0,667.0,-0.20672,0.217196,0.57902,1.73706,Ga1|V1|Zn2,False
Zn2VGe,12,5,4.0,0.0,33.0,7,8.0,1.0,1.65,1.63,2.01,0.0,1.7349999999999999,0.020000000000000018,-0.3599999999999999,30,23,32.0,0.0,1.34,1.34,1.22,0.0,1.3,0.1200000000000001,0.0,0.1200000000000001,4,0,0,3,9.0,15.0,False,True,False,False,True,False,False,False,15.0,0,3.0,611.0,-0.16634,0.148235,0.53821,1.614631,Ge1|V1|Zn2,False
Zn2VIn,12,5,3.0,0.0,32.0,7,9.0,2.0,1.65,1.63,1.78,0.0,1.6775,0.020000000000000018,-0.13000000000000012,30,23,49.0,0.0,1.34,1.34,1.67,0.0,1.45,0.32999999999999985,0.0,-0.32999999999999985,4,0,0,3,8.0,14.0,False,True,False,False,False,False,True,False,14.0,0,6.0,560.0,-0.29374,0.189423,0.263886,1.583313,In1|V1|Zn2,False
Zn2VSi,12,5,4.0,0.0,33.0,7,8.0,1.0,1.65,1.63,1.9,0.0,1.7075,0.020000000000000018,-0.25,30,23,14.0,0.0,1.34,1.34,1.11,0.0,1.2633333333333334,0.22999999999999998,0.0,0.22999999999999998,4,0,0,3,9.0,15.0,False,True,False,False,True,False,False,False,15.0,0,3.0,774.0,-0.05476,0.112754,0.837831,2.513493,Si1|V1|Zn2,False
Zn2ZrAl,12,4,3.0,0.0,31.0,8,9.0,1.0,1.65,1.33,1.61,0.0,1.56,0.31999999999999984,0.039999999999999813,30,40,13.0,0.0,1.34,1.6,1.43,0.0,1.4566666666666668,0.26,-0.26,-0.08999999999999986,4,0,0,3,7.0,13.0,False,True,False,False,False,False,True,False,13.0,0,6.0,713.0,-0.18449,0.124483,0.379233,2.275399,Al1|Zn2|Zr1,True
Zn2ZrGa,12,4,3.0,0.0,31.0,8,9.0,1.0,1.65,1.33,1.81,0.0,1.6099999999999999,0.31999999999999984,-0.16000000000000014,30,40,31.0,0.0,1.34,1.6,1.35,0.0,1.4300000000000004,0.26,-0.26,-0.010000000000000009,4,0,0,3,7.0,13.0,False,True,False,False,True,False,False,False,13.0,0,3.0,644.0,0.02765,0.10053,0.492274,1.476823,Ga1|Zn2|Zr1,False
Zn2ZrGe,12,4,4.0,0.0,32.0,8,8.0,0.0,1.65,1.33,2.01,0.0,1.66,0.31999999999999984,-0.3599999999999999,30,40,32.0,0.0,1.34,1.6,1.22,0.0,1.3866666666666667,0.3800000000000001,-0.26,0.1200000000000001,4,0,0,3,8.0,14.0,False,True,False,False,True,False,False,False,14.0,0,3.0,780.0,-0.18148,0.110722,0.871536,2.614607,Ge1|Zn2|Zr1,False
Zn2ZrIn,12,4,3.0,0.0,31.0,8,9.0,1.0,1.65,1.33,1.78,0.0,1.6025,0.31999999999999984,-0.13000000000000012,30,40,49.0,0.0,1.34,1.6,1.67,0.0,1.5366666666666668,0.32999999999999985,-0.26,-0.32999999999999985,4,0,0,3,7.0,13.0,False,True,False,False,True,False,False,False,13.0,0,3.0,775.0,-0.25063,0.143883,0.76507,2.295211,In1|Zn2|Zr1,False
Zn2ZrSi,12,4,4.0,0.0,32.0,8,8.0,0.0,1.65,1.33,1.9,0.0,1.6324999999999998,0.31999999999999984,-0.25,30,40,14.0,0.0,1.34,1.6,1.11,0.0,1.3500000000000003,0.49,-0.26,0.22999999999999998,4,0,0,3,8.0,14.0,False,True,False,False,True,False,False,False,14.0,0,3.0,745.0,-0.08236,0.169073,0.758894,2.276682,Si1|Zn2|Zr1,False
Zr2CoAl,4,9,3.0,0.0,20.0,-5,1.0,6.0,1.33,1.88,1.61,0.0,1.5375,-0.5499999999999998,-0.28,40,27,13.0,0.0,1.6,1.25,1.43,0.0,1.4266666666666667,0.3500000000000001,0.3500000000000001,0.17000000000000015,4,1,0,3,-4.0,2.0,False,True,False,False,True,False,False,False,2.0,0,3.0,725.0,-0.10731,0.184613,0.642487,1.927462,Al1|Co1|Zr2,False
Zr2CoGa,4,9,3.0,0.0,20.0,-5,1.0,6.0,1.33,1.88,1.81,0.0,1.5875,-0.5499999999999998,-0.48,40,27,31.0,0.0,1.6,1.25,1.35,0.0,1.4000000000000001,0.3500000000000001,0.3500000000000001,0.25,4,1,0,3,-4.0,2.0,False,True,False,False,True,False,False,False,2.0,0,3.0,605.0,-0.26166,0.135481,0.546002,1.638005,Co1|Ga1|Zr2,False
Zr2CoGe,4,9,4.0,0.0,21.0,-5,0.0,5.0,1.33,1.88,2.01,0.0,1.6375,-0.5499999999999998,-0.6799999999999997,40,27,32.0,0.0,1.6,1.25,1.22,0.0,1.3566666666666667,0.3800000000000001,0.3500000000000001,0.3800000000000001,4,1,0,3,-3.0,3.0,False,True,False,False,True,False,False,False,3.0,0,3.0,767.0,-0.16923,0.0,0.79065,2.371951,Co1|Ge1|Zr2,False
Zr2CoIn,4,9,3.0,0.0,20.0,-5,1.0,6.0,1.33,1.88,1.78,0.0,1.58,-0.5499999999999998,-0.44999999999999996,40,27,49.0,0.0,1.6,1.25,1.67,0.0,1.5066666666666666,0.41999999999999993,0.3500000000000001,-0.06999999999999984,4,1,0,3,-4.0,2.0,False,True,False,False,False,False,True,False,2.0,0,6.0,816.0,-0.11217,0.087192,0.38856,2.331363,Co1|In1|Zr2,False
Zr2CoSi,4,9,4.0,0.0,21.0,-5,0.0,5.0,1.33,1.88,1.9,0.0,1.6099999999999999,-0.5499999999999998,-0.5699999999999998,40,27,14.0,0.0,1.6,1.25,1.11,0.0,1.32,0.49,0.3500000000000001,0.49,4,1,0,3,-3.0,3.0,False,True,False,False,True,False,False,False,3.0,0,3.0,611.0,-0.13738,0.034158,0.420513,1.261538,Co1|Si1|Zr2,True
Zr2CrGa,4,6,3.0,0.0,17.0,-2,1.0,3.0,1.33,1.66,1.81,0.0,1.5325000000000002,-0.32999999999999985,-0.48,40,24,31.0,0.0,1.6,1.28,1.35,0.0,1.4100000000000001,0.32000000000000006,0.32000000000000006,0.25,4,1,0,3,-7.0,-1.0,False,True,False,False,True,False,False,False,-1.0,0,3.0,741.0,-0.14832,0.0863,0.769968,2.309905,Cr1|Ga1|Zr2,False
Zr2CrGe,4,6,4.0,0.0,18.0,-2,0.0,2.0,1.33,1.66,2.01,0.0,1.5825,-0.32999999999999985,-0.6799999999999997,40,24,32.0,0.0,1.6,1.28,1.22,0.0,1.3666666666666665,0.3800000000000001,0.32000000000000006,0.3800000000000001,4,1,0,3,-6.0,0.0,False,True,False,False,True,False,False,False,0.0,0,3.0,740.0,-0.15178,0.119325,0.664818,1.994454,Cr1|Ge1|Zr2,False
Zr2CrIn,4,6,3.0,0.0,17.0,-2,1.0,3.0,1.33,1.66,1.78,0.0,1.5250000000000001,-0.32999999999999985,-0.44999999999999996,40,24,49.0,0.0,1.6,1.28,1.67,0.0,1.5166666666666666,0.3899999999999999,0.32000000000000006,-0.06999999999999984,4,1,0,3,-7.0,-1.0,False,True,False,False,False,False,True,False,-1.0,0,6.0,690.0,-0.13656,0.040291,0.318208,1.909248,Cr1|In1|Zr2,True
Zr2CrSi,4,6,4.0,0.0,18.0,-2,0.0,2.0,1.33,1.66,1.9,0.0,1.5550000000000002,-0.32999999999999985,-0.5699999999999998,40,24,14.0,0.0,1.6,1.28,1.11,0.0,1.33,0.49,0.32000000000000006,0.49,4,1,0,3,-6.0,0.0,False,True,False,False,True,False,False,False,0.0,0,3.0,737.0,-0.15852,0.072772,0.571012,1.713035,Cr1|Si1|Zr2,False
Zr2CuAl,4,11,3.0,0.0,22.0,-7,1.0,8.0,1.33,1.9,1.61,0.0,1.5425000000000002,-0.5699999999999998,-0.28,40,29,13.0,0.0,1.6,1.28,1.43,0.0,1.4366666666666665,0.32000000000000006,0.32000000000000006,0.17000000000000015,4,0,0,3,-2.0,4.0,False,True,False,False,False,False,True,False,4.0,0,6.0,823.0,-0.13548,0.172898,0.372828,2.236967,Al1|Cu1|Zr2,False
Zr2CuGa,4,11,3.0,0.0,22.0,-7,1.0,8.0,1.33,1.9,1.81,0.0,1.5925000000000002,-0.5699999999999998,-0.48,40,29,31.0,0.0,1.6,1.28,1.35,0.0,1.4100000000000001,0.32000000000000006,0.32000000000000006,0.25,4,0,0,3,-2.0,4.0,False,True,False,False,True,False,False,False,4.0,0,3.0,528.0,-0.11894,0.17497,0.444537,1.333611,Cu1|Ga1|Zr2,True
Zr2CuGe,4,11,4.0,0.0,23.0,-7,0.0,7.0,1.33,1.9,2.01,0.0,1.6425,-0.5699999999999998,-0.6799999999999997,40,29,32.0,0.0,1.6,1.28,1.22,0.0,1.3666666666666665,0.3800000000000001,0.32000000000000006,0.3800000000000001,4,0,0,3,-1.0,5.0,False,True,False,False,False,False,True,False,5.0,0,6.0,700.0,-0.07958,0.135319,0.326339,1.958036,Cu1|Ge1|Zr2,False
Zr2CuIn,4,11,3.0,0.0,22.0,-7,1.0,8.0,1.33,1.9,1.78,0.0,1.5850000000000002,-0.5699999999999998,-0.44999999999999996,40,29,49.0,0.0,1.6,1.28,1.67,0.0,1.5166666666666666,0.3899999999999999,0.32000000000000006,-0.06999999999999984,4,0,0,3,-2.0,4.0,False,True,False,False,True,False,False,False,4.0,0,3.0,790.0,-0.05683,0.094765,0.808904,2.426711,Cu1|In1|Zr2,True
Zr2CuSi,4,11,4.0,0.0,23.0,-7,0.0,7.0,1.33,1.9,1.9,0.0,1.6150000000000002,-0.5699999999999998,-0.5699999999999998,40,29,14.0,0.0,1.6,1.28,1.11,0.0,1.33,0.49,0.32000000000000006,0.49,4,0,0,3,-1.0,5.0,False,True,False,False,True,False,False,False,5.0,0,3.0,645.0,-0.25232,0.130918,0.52762,1.582859,Cu1|Si1|Zr2,False
Zr2FeAl,4,8,3.0,0.0,19.0,-4,1.0,5.0,1.33,1.83,1.61,0.0,1.5250000000000001,-0.5,-0.28,40,26,13.0,0.0,1.6,1.26,1.43,0.0,1.43,0.3400000000000001,0.3400000000000001,0.17000000000000015,4,1,0,3,-5.0,1.0,False,True,False,False,False,False,True,False,1.0,0,6.0,557.0,-0.0976,0.148648,0.250511,1.503069,Al1|Fe1|Zr2,False
Zr2FeGa,4,8,3.0,0.0,19.0,-4,1.0,5.0,1.33,1.83,1.81,0.0,1.5750000000000002,-0.5,-0.48,40,26,31.0,0.0,1.6,1.26,1.35,0.0,1.4033333333333335,0.3400000000000001,0.3400000000000001,0.25,4,1,0,3,-5.0,1.0,False,True,False,False,True,False,False,False,1.0,0,3.0,734.0,-0.15757,0.091951,0.735352,2.206055,Fe1|Ga1|Zr2,True
Zr2FeGe,4,8,4.0,0.0,20.0,-4,0.0,4.0,1.33,1.83,2.01,0.0,1.625,-0.5,-0.6799999999999997,40,26,32.0,0.0,1.6,1.26,1.22,0.0,1.36,0.3800000000000001,0.3400000000000001,0.3800000000000001,4,1,0,3,-4.0,2.0,False,True,False,False,True,False,False,False,2.0,0,3.0,878.0,-0.19915,0.057413,0.829815,2.489445,Fe1|Ge1|Zr2,False
Zr2FeIn,4,8,3.0,0.0,19.0,-4,1.0,5.0,1.33,1.83,1.78,0.0,1.5675000000000001,-0.5,-0.44999999999999996,40,26,49.0,0.0,1.6,1.26,1.67,0.0,1.51,0.4099999999999999,0.3400000000000001,-0.06999999999999984,4,1,0,3,-5.0,1.0,False,True,False,False,False,False,True,False,1.0,0,6.0,841.0,-0.1354,0.059793,0.430976,2.585859,Fe1|In1|Zr2,False
Zr2FeSi,4,8,4.0,0.0,20.0,-4,0.0,4.0,1.33,1.83,1.9,0.0,1.5975000000000001,-0.5,-0.5699999999999998,40,26,14.0,0.0,1.6,1.26,1.11,0.0,1.3233333333333335,0.49,0.3400000000000001,0.49,4,1,0,3,-4.0,2.0,False,True,False,False,False,False,True,False,2.0,0,6.0,777.0,-0.23864,0.015886,0.443349,2.660092,Fe1|Si1|Zr2,True
Zr2MnGa,4,7,3.0,0.0,18.0,-3,1.0,4.0,1.33,1.55,1.81,0.0,1.505,-0.21999999999999997,-0.48,40,25,31.0,0.0,1.6,1.27,1.35,0.0,1.406666666666667,0.33000000000000007,0.33000000000000007,0.25,4,1,0,3,-6.0,0.0,False,True,False,False,False,False,True,False,0.0,0,6.0,484.0,-0.29649,0.026293,0.160368,0.962206,Ga1|Mn1|Zr2,False
Zr2MnGe,4,7,4.0,0.0,19.0,-3,0.0,3.0,1.33,1.55,2.01,0.0,1.555,-0.21999999999999997,-0.6799999999999997,40,25,32.0,0.0,1.6,1.27,1.22,0.0,1.3633333333333333,0.3800000000000001,0.33000000000000007,0.3800000000000001,4,1,0,3,-5.0,1.0,False,True,False,False,True,False,False,False,1.0,0,3.0,817.0,-0.21818,0.012234,0.822124,2.466372,Ge1|Mn1|Zr2,False
Zr2MnSi,4,7,4.0,0.0,19.0,-3,0.0,3.0,1.33,1.55,1.9,0.0,1.5274999999999999,-0.21999999999999997,-0.5699999999999998,40,25,14.0,0.0,1.6,1.27,1.11,0.0,1.3266666666666669,0.49,0.33000000000000007,0.49,4,1,0,3,-5.0,1.0,False,True,False,False,True,False,False,False,1.0,0,3.0,659.0,-0.18299,0.115432,0.626556,1.879667,Mn1|Si1|Zr2,False
Zr2NiAl,4,10,3.0,0.0,21.0,-6,1.0,7.0,1.33,1.91,1.61,0.0,1.5450000000000002,-0.5799999999999998,-0.28,40,28,13.0,0.0,1.6,1.24,1.43,0.0,1.4233333333333331,0.3600000000000001,0.3600000000000001,0.17000000000000015,4,1,0,3,-3.0,3.0,False,True,False,False,False,False,True,False,3.0,0,6.0,748.0,-0.32569,0.090273,0.345254,2.071524,Al1|Ni1|Zr2,False
Zr2NiGa,4,10,3.0,0.0,21.0,-6,1.0,7.0,1.33,1.91,1.81,0.0,1.5950000000000002,-0.5799999999999998,-0.48,40,28,31.0,0.0,1.6,1.24,1.35,0.0,1.3966666666666665,0.3600000000000001,0.3600000000000001,0.25,4,1,0,3,-3.0,3.0,False,True,False,False,False,False,True,False,3.0,0,6.0,755.0,-0.05451,0.066682,0.346637,2.079824,Ga1|Ni1|Zr2,True
Zr2NiGe,4,10,4.0,0.0,22.0,-6,0.0,6.0,1.33,1.91,2.01,0.0,1.645,-0.5799999999999998,-0.6799999999999997,40,28,32.0,0.0,1.6,1.24,1.22,0.0,1.3533333333333333,0.3800000000000001,0.3600000000000001,0.3800000000000001,4,1,0,3,-2.0,4.0,False,True,False,False,False,False,True,False,4.0,0,6.0,868.0,-0.07403,0.096435,0.487959,2.927752,Ge1|Ni1|Zr2,False
Zr2NiIn,4,10,3.0,0.0,21.0,-6,1.0,7.0,1.33,1.91,1.78,0.0,1.5875000000000001,-0.5799999999999998,-0.44999999999999996,40,28,49.0,0.0,1.6,1.24,1.67,0.0,1.5033333333333332,0.42999999999999994,0.3600000000000001,-0.06999999999999984,4,1,0,3,-3.0,3.0,False,True,False,False,True,False,False,False,3.0,0,3.0,589.0,-0.1604,0.200144,0.509574,1.528721,In1|Ni1|Zr2,False
Zr2NiSi,4,10,4.0,0.0,22.0,-6,0.0,6.0,1.33,1.91,1.9,0.0,1.6175000000000002,-0.5799999999999998,-0.5699999999999998,40,28,14.0,0.0,1.6,1.24,1.11,0.0,1.3166666666666667,0.49,0.3600000000000001,0.49,4,1,0,3,-2.0,4.0,False,True,False,False,True,False,False,False,4.0,0,3.0,628.0,-0.12623,0.197274,0.5576,1.672799,Ni1|Si1|Zr2,False
Zr2VAl,4,5,3.0,0.0,16.0,-1,1.0,2.0,1.33,1.63,1.61,0.0,1.475,-0.2999999999999998,-0.28,40,23,13.0,0.0,1.6,1.34,1.43,0.0,1.4566666666666668,0.26,0.26,0.17000000000000015,4,0,0,3,-8.0,-2.0,False,True,False,False,True,False,False,False,-2.0,0,3.0,664.0,-0.1197,0.12267,0.567821,1.703464,Al1|V1|Zr2,False
Zr2VGa,4,5,3.0,0.0,16.0,-1,1.0,2.0,1.33,1.63,1.81,0.0,1.525,-0.2999999999999998,-0.48,40,23,31.0,0.0,1.6,1.34,1.35,0.0,1.4300000000000004,0.26,0.26,0.25,4,0,0,3,-8.0,-2.0,False,True,False,False,True,False,False,False,-2.0,0,3.0,722.0,-0.17521,0.065695,0.722101,2.166304,Ga1|V1|Zr2,False
Zr2VGe,4,5,4.0,0.0,17.0,-1,0.0,1.0,1.33,1.63,2.01,0.0,1.575,-0.2999999999999998,-0.6799999999999997,40,23,32.0,0.0,1.6,1.34,1.22,0.0,1.3866666666666667,0.3800000000000001,0.26,0.3800000000000001,4,0,0,3,-7.0,-1.0,False,True,False,False,True,False,False,False,-1.0,0,3.0,614.0,-0.13281,0.066293,0.407762,1.223286,Ge1|V1|Zr2,False
Zr2VIn,4,5,3.0,0.0,16.0,-1,1.0,2.0,1.33,1.63,1.78,0.0,1.5175,-0.2999999999999998,-0.44999999999999996,40,23,49.0,0.0,1.6,1.34,1.67,0.0,1.5366666666666668,0.32999999999999985,0.26,-0.06999999999999984,4,0,0,3,-8.0,-2.0,False,True,False,False,False,False,True,False,-2.0,0,6.0,611.0,-0.08654,0.159791,0.272528,1.635168,In1|V1|Zr2,True
Zr2VSi,4,5,4.0,0.0,17.0,-1,0.0,1.0,1.33,1.63,1.9,0.0,1.5474999999999999,-0.2999999999999998,-0.5699999999999998,40,23,14.0,0.0,1.6,1.34,1.11,0.0,1.3500000000000003,0.49,0.26,0.49,4,0,0,3,-7.0,-1.0,False,True,False,False,False,False,True,False,-1.0,0,6.0,478.0,-0.25527,0.116861,0.155617,0.933702,Si1|V1|Zr2,False
Zr2ZrAl,4,4,3.0,0.0,15.0,0,1.0,1.0,1.33,1.33,1.61,0.0,1.4000000000000001,0.0,-0.28,40,40,13.0,0.0,1.6,1.6,1.43,0.0,1.5433333333333332,0.17000000000000015,0.0,0.17000000000000015,4,0,0,2,-9.0,-3.0,False,True,False,False,True,False,False,False,-3.0,1,3.0,881.0,-0.12511,0.0,1.002546,3.007638,Al1|Zr3,False
Zr2ZrGa,4,4,3.0,0.0,15.0,0,1.0,1.0,1.33,1.33,1.81,0.0,1.4500000000000002,0.0,-0.48,40,40,31.0,0.0,1.6,1.6,1.35,0.0,1.5166666666666668,0.25,0.0,0.25,4,0,0,2,-9.0,-3.0,False,True,False,False,True,False,False,False,-3.0,1,3.0,813.0,-0.14007,0.02353,0.729925,2.189775,Ga1|Zr3,False
Zr2ZrGe,4,4,4.0,0.0,16.0,0,0.0,0.0,1.33,1.33,2.01,0.0,1.5,0.0,-0.6799999999999997,40,40,32.0,0.0,1.6,1.6,1.22,0.0,1.4733333333333334,0.3800000000000001,0.0,0.3800000000000001,4,0,0,2,-8.0,-2.0,False,True,False,False,False,False,True,False,-2.0,1,6.0,720.0,-0.12115,0.04819,0.330733,1.984398,Ge1|Zr3,False
Sc2CrGa,3,6,3.0,0.0,15.0,-3,0.0,3.0,1.36,1.66,1.81,0.0,1.5474999999999999,-0.2999999999999998,-0.44999999999999996,21,24,31.0,0.0,1.62,1.28,1.35,0.0,1.4166666666666667,0.3400000000000001,0.3400000000000001,0.27,4,1,0,3,-9.0,-3.0,False,False,True,False,False,False,True,False,-9.0,0,2.0,480.6,-0.08118561,0.285965919,2.5512051,5.1024102,Cr1|Ga1|Sc2,False
Sc2CrIn,3,6,3.0,0.0,15.0,-3,0.0,3.0,1.36,1.66,1.78,0.0,1.54,-0.2999999999999998,-0.41999999999999993,21,24,49.0,0.0,1.62,1.28,1.67,0.0,1.5233333333333334,0.3899999999999999,0.3400000000000001,-0.04999999999999982,4,1,0,3,-9.0,-3.0,False,False,True,False,False,False,True,False,-9.0,0,2.0,538.0,-0.004866155,0.284283465,2.578588,5.157176,Cr1|In1|Sc2,False
Sc2MnGa,3,7,3.0,0.0,16.0,-4,0.0,4.0,1.36,1.55,1.81,0.0,1.52,-0.18999999999999995,-0.44999999999999996,21,25,31.0,0.0,1.62,1.27,1.35,0.0,1.4133333333333333,0.3500000000000001,0.3500000000000001,0.27,4,1,0,3,-8.0,-2.0,False,False,True,False,False,False,True,False,-8.0,0,2.0,567.3,-0.21989727,0.189652891,1.7809266,3.5618532,Ga1|Mn1|Sc2,False
Sc2MnIn,3,7,3.0,0.0,16.0,-4,0.0,4.0,1.36,1.55,1.78,0.0,1.5125000000000002,-0.18999999999999995,-0.41999999999999993,21,25,49.0,0.0,1.62,1.27,1.67,0.0,1.5200000000000002,0.3999999999999999,0.3500000000000001,-0.04999999999999982,4,1,0,3,-8.0,-2.0,False,False,True,False,False,False,True,False,-8.0,0,2.0,723.3,-0.136404664,0.169516667,1.8006537,3.6013074,In1|Mn1|Sc2,False
Sc2MnSn,3,7,4.0,0.0,17.0,-4,-1.0,3.0,1.36,1.55,1.96,0.0,1.5575,-0.18999999999999995,-0.5999999999999999,21,25,50.0,0.0,1.62,1.27,0.0,0.0,0.9633333333333334,1.62,0.3500000000000001,1.62,4,1,0,3,-7.0,-1.0,False,False,True,False,False,False,True,False,-7.0,0,2.0,646.4,-0.276100575,0.238022989,2.1602004,4.3204008,Mn1|Sc2|Sn1,False
Sc2MnSb,3,7,5.0,0.0,18.0,-4,-2.0,2.0,1.36,1.55,2.05,0.0,1.58,-0.18999999999999995,-0.6899999999999997,21,25,51.0,0.0,1.62,1.27,1.59,0.0,1.4933333333333334,0.3500000000000001,0.3500000000000001,0.030000000000000027,4,1,0,3,-6.0,0.0,False,False,True,False,False,False,True,False,-6.0,0,2.0,670.8,-0.362384639,0.246447695,2.4114956,4.8229912,Mn1|Sb1|Sc2,False
Sc2MnPb,3,7,4.0,0.0,17.0,-4,-1.0,3.0,1.36,1.55,2.33,0.0,1.6500000000000001,-0.18999999999999995,-0.97,21,25,82.0,0.0,1.62,1.27,1.75,0.0,1.5466666666666669,0.48,0.3500000000000001,-0.1299999999999999,4,1,0,3,-7.0,-1.0,False,False,True,False,False,False,True,False,-7.0,0,2.0,701.9,-0.109756003,0.238716407,2.21518715,4.4303743,Mn1|Pb1|Sc2,False
Sc2FeIn,3,8,3.0,0.0,17.0,-5,0.0,5.0,1.36,1.83,1.78,0.0,1.5825000000000002,-0.47,-0.41999999999999993,21,26,49.0,0.0,1.62,1.26,1.67,0.0,1.5166666666666666,0.4099999999999999,0.3600000000000001,-0.04999999999999982,4,1,0,3,-7.0,-1.0,False,False,True,False,False,False,True,False,-7.0,0,2.0,491.0,-0.086296701,0.271875653,1.35856345,2.7171269,Fe1|In1|Sc2,False
Ti2CrAl,4,6,3.0,0.0,17.0,-2,1.0,3.0,1.54,1.66,1.61,0.0,1.5875000000000001,-0.11999999999999988,-0.07000000000000006,22,24,13.0,0.0,1.47,1.28,1.43,0.0,1.3933333333333333,0.18999999999999995,0.18999999999999995,0.040000000000000036,4,1,0,3,-7.0,-1.0,False,False,True,False,False,False,True,False,-7.0,0,2.0,1292.7,-0.136203734,0.1603411,0.79170815,1.5834163,Al1|Cr1|Ti2,False
Ti2CrGa,4,6,3.0,0.0,17.0,-2,1.0,3.0,1.54,1.66,1.81,0.0,1.6375000000000002,-0.11999999999999988,-0.27,22,24,31.0,0.0,1.47,1.28,1.35,0.0,1.3666666666666665,0.18999999999999995,0.18999999999999995,0.11999999999999988,4,1,0,3,-7.0,-1.0,False,False,True,False,True,False,False,False,-7.0,0,1.0,1332.3,-0.152162845,0.191767193,0.8619343,0.8619343,Cr1|Ga1|Ti2,False
Ti2CrSn,4,6,4.0,0.0,18.0,-2,0.0,2.0,1.54,1.66,1.96,0.0,1.675,-0.11999999999999988,-0.41999999999999993,22,24,50.0,0.0,1.47,1.28,0.0,0.0,0.9166666666666666,1.47,0.18999999999999995,1.47,4,1,0,3,-6.0,0.0,False,False,True,False,True,False,False,False,-6.0,0,2.0,1691.3,-0.131087416,0.188060489,5e-08,1e-07,Cr1|Sn1|Ti2,False
Ti2MnSi,4,7,4.0,0.0,19.0,-3,0.0,3.0,1.54,1.55,1.9,0.0,1.6324999999999998,-0.010000000000000009,-0.3599999999999999,22,25,14.0,0.0,1.47,1.27,1.11,0.0,1.2833333333333334,0.3599999999999999,0.19999999999999996,0.3599999999999999,4,1,0,3,-5.0,1.0,False,False,True,False,False,False,True,False,-5.0,0,2.0,549.7,-0.399752469,0.226116821,1.00061145,2.0012229,Mn1|Si1|Ti2,False
Ti2FeAl,4,8,3.0,0.0,19.0,-4,1.0,5.0,1.54,1.83,1.61,0.0,1.6300000000000001,-0.29000000000000004,-0.07000000000000006,22,26,13.0,0.0,1.47,1.26,1.43,0.0,1.3866666666666667,0.20999999999999996,0.20999999999999996,0.040000000000000036,4,1,0,3,-5.0,1.0,False,False,True,False,True,False,False,False,-5.0,0,1.0,568.7,-0.232970613,0.210374687,1.0000109,1.0000109,Al1|Fe1|Ti2,False
Ti2CoIn,4,9,3.0,0.0,20.0,-5,1.0,6.0,1.54,1.88,1.78,0.0,1.685,-0.33999999999999986,-0.24,22,27,49.0,0.0,1.47,1.25,1.67,0.0,1.4633333333333332,0.41999999999999993,0.21999999999999997,-0.19999999999999996,4,1,0,3,-4.0,2.0,False,False,True,False,True,False,False,False,-4.0,0,2.0,843.3,-0.064708664,0.246705254,2.00000005,4.0000001,Co1|In1|Ti2,False
Ti2CoSn,4,9,4.0,0.0,21.0,-5,0.0,5.0,1.54,1.88,1.96,0.0,1.73,-0.33999999999999986,-0.41999999999999993,22,27,50.0,0.0,1.47,1.25,0.0,0.0,0.9066666666666666,1.47,0.21999999999999997,1.47,4,1,0,3,-3.0,3.0,False,False,True,False,True,False,False,False,-3.0,0,2.0,1034.4,-0.16896306,0.26769391,3.0,6.0,Co1|Sn1|Ti2,False
Ti2NiIn,4,10,3.0,0.0,21.0,-6,1.0,7.0,1.54,1.91,1.78,0.0,1.6925000000000001,-0.3699999999999999,-0.24,22,28,49.0,0.0,1.47,1.24,1.67,0.0,1.46,0.42999999999999994,0.22999999999999998,-0.19999999999999996,4,1,0,3,-3.0,3.0,False,False,True,False,False,False,True,False,-3.0,0,2.0,1251.4,-0.108101586,0.235475253,3.00000125,6.0000025,In1|Ni1|Ti2,False
V2ScAl,5,3,3.0,0.0,16.0,2,2.0,0.0,1.63,1.36,1.61,0.0,1.5575,0.2699999999999998,0.019999999999999796,23,21,13.0,0.0,1.34,1.62,1.43,0.0,1.4633333333333332,0.28,-0.28,-0.08999999999999986,4,0,0,3,-8.0,-2.0,False,False,True,False,True,False,False,False,-8.0,0,2.0,555.6,-0.013621916,0.213860895,0.5501074,1.1002148,Al1|Sc1|V2,True
V2ScGa,5,3,3.0,0.0,16.0,2,2.0,0.0,1.63,1.36,1.81,0.0,1.6075,0.2699999999999998,-0.18000000000000016,23,21,31.0,0.0,1.34,1.62,1.35,0.0,1.4366666666666668,0.28,-0.28,-0.010000000000000009,4,0,0,3,-8.0,-2.0,False,False,True,False,True,False,False,False,-8.0,0,2.0,585.3,-0.051773682,0.250091743,0.29753295,0.5950659,Ga1|Sc1|V2,False
V2ScSn,5,3,4.0,0.0,17.0,2,1.0,-1.0,1.63,1.36,1.96,0.0,1.645,0.2699999999999998,-0.33000000000000007,23,21,50.0,0.0,1.34,1.62,0.0,0.0,0.9866666666666667,1.62,-0.28,1.34,4,0,0,3,-7.0,-1.0,False,False,True,False,False,False,True,False,-7.0,0,2.0,1191.0,-0.047882516,0.276510838,0.42231205,0.8446241,Sc1|Sn1|V2,False
V2TiSn,5,4,4.0,0.0,18.0,1,1.0,0.0,1.63,1.54,1.96,0.0,1.69,0.08999999999999986,-0.33000000000000007,23,22,50.0,0.0,1.34,1.47,0.0,0.0,0.9366666666666666,1.47,-0.1299999999999999,1.34,4,0,0,3,-6.0,0.0,False,False,True,False,True,False,False,False,-6.0,0,2.0,699.8,-0.080136274,0.140000301,0.0409507,0.0819014,Sn1|Ti1|V2,True
V2CrSi,5,6,4.0,0.0,20.0,-1,1.0,2.0,1.63,1.66,1.9,0.0,1.705,-0.030000000000000027,-0.27,23,24,14.0,0.0,1.34,1.28,1.11,0.0,1.2433333333333334,0.22999999999999998,0.06000000000000005,0.22999999999999998,4,1,0,3,-4.0,2.0,False,False,True,False,True,False,False,False,-4.0,0,2.0,376.1,-0.271957255,0.208485271,1.8225733,3.6451466,Cr1|Si1|V2,True
V2CrGe,5,6,4.0,0.0,20.0,-1,1.0,2.0,1.63,1.66,2.01,0.0,1.7325,-0.030000000000000027,-0.3799999999999999,23,24,32.0,0.0,1.34,1.28,1.22,0.0,1.28,0.1200000000000001,0.06000000000000005,0.1200000000000001,4,1,0,3,-4.0,2.0,False,False,True,False,False,False,True,False,-4.0,0,2.0,426.8,-0.114216499,0.200758519,2.00835595,4.0167119,Cr1|Ge1|V2,False
V2MnAl,5,7,3.0,0.0,20.0,-2,2.0,4.0,1.63,1.55,1.61,0.0,1.605,0.07999999999999985,0.019999999999999796,23,25,13.0,0.0,1.34,1.27,1.43,0.0,1.3466666666666667,0.15999999999999992,0.07000000000000006,-0.08999999999999986,4,1,0,3,-4.0,2.0,False,False,True,False,True,False,False,False,-4.0,0,2.0,428.4,-0.189868511,0.068953165,1.9885514,3.9771028,Al1|Mn1|V2,False
V2MnSi,5,7,4.0,0.0,21.0,-2,1.0,3.0,1.63,1.55,1.9,0.0,1.6774999999999998,0.07999999999999985,-0.27,23,25,14.0,0.0,1.34,1.27,1.11,0.0,1.2400000000000002,0.22999999999999998,0.07000000000000006,0.22999999999999998,4,1,0,3,-3.0,3.0,False,False,True,False,True,False,False,False,-3.0,0,2.0,598.1,-0.393820034,0.099274879,2.56100525,5.1220105,Mn1|Si1|V2,True
V2MnGa,5,7,3.0,0.0,20.0,-2,2.0,4.0,1.63,1.55,1.81,0.0,1.6549999999999998,0.07999999999999985,-0.18000000000000016,23,25,31.0,0.0,1.34,1.27,1.35,0.0,1.32,0.08000000000000007,0.07000000000000006,-0.010000000000000009,4,1,0,3,-4.0,2.0,False,False,True,False,True,False,False,False,-4.0,0,2.0,375.9,-0.153394404,0.093273175,1.9808418,3.9616836,Ga1|Mn1|V2,False
V2MnGe,5,7,4.0,0.0,21.0,-2,1.0,3.0,1.63,1.55,2.01,0.0,1.7049999999999998,0.07999999999999985,-0.3799999999999999,23,25,32.0,0.0,1.34,1.27,1.22,0.0,1.2766666666666666,0.1200000000000001,0.07000000000000006,0.1200000000000001,4,1,0,3,-3.0,3.0,False,False,True,False,True,False,False,False,-3.0,0,2.0,765.5,-0.226370582,0.093599174,2.81933485,5.6386697,Ge1|Mn1|V2,False
V2MnSn,5,7,4.0,0.0,21.0,-2,1.0,3.0,1.63,1.55,1.96,0.0,1.6925,0.07999999999999985,-0.33000000000000007,23,25,50.0,0.0,1.34,1.27,0.0,0.0,0.8700000000000001,1.34,0.07000000000000006,1.34,4,1,0,3,-3.0,3.0,False,False,True,False,True,False,False,False,-3.0,0,2.0,961.9,-0.020626792,0.179137741,2.9551679,5.9103358,Mn1|Sn1|V2,False
V2MnSb,5,7,5.0,0.0,22.0,-2,0.0,2.0,1.63,1.55,2.05,0.0,1.7149999999999999,0.07999999999999985,-0.41999999999999993,23,25,51.0,0.0,1.34,1.27,1.59,0.0,1.4000000000000001,0.32000000000000006,0.07000000000000006,-0.25,4,1,0,3,-2.0,4.0,False,False,True,False,True,False,False,False,-2.0,0,1.0,717.7,-0.018407234,0.194683678,1.9911277,1.9911277,Mn1|Sb1|V2,False
V2FeAl,5,8,3.0,0.0,21.0,-3,2.0,5.0,1.63,1.83,1.61,0.0,1.675,-0.20000000000000018,0.019999999999999796,23,26,13.0,0.0,1.34,1.26,1.43,0.0,1.3433333333333335,0.16999999999999993,0.08000000000000007,-0.08999999999999986,4,1,0,3,-3.0,3.0,False,False,True,False,True,False,False,False,-3.0,0,2.0,747.6,-0.198215438,0.093335993,2.8953822,5.7907644,Al1|Fe1|V2,False
V2FeSi,5,8,4.0,0.0,22.0,-3,1.0,4.0,1.63,1.83,1.9,0.0,1.7475,-0.20000000000000018,-0.27,23,26,14.0,0.0,1.34,1.26,1.11,0.0,1.2366666666666666,0.22999999999999998,0.08000000000000007,0.22999999999999998,4,1,0,3,-2.0,4.0,False,False,True,False,True,False,False,False,-2.0,0,1.0,618.7,-0.33642387,0.142734178,1.9927308,1.9927308,Fe1|Si1|V2,False
V2FeGa,5,8,3.0,0.0,21.0,-3,2.0,5.0,1.63,1.83,1.81,0.0,1.725,-0.20000000000000018,-0.18000000000000016,23,26,31.0,0.0,1.34,1.26,1.35,0.0,1.3166666666666667,0.09000000000000008,0.08000000000000007,-0.010000000000000009,4,1,0,3,-3.0,3.0,False,False,True,False,True,False,False,False,-3.0,0,2.0,757.4,-0.146116795,0.096181517,2.8525686,5.7051372,Fe1|Ga1|V2,True
V2FeGe,5,8,4.0,0.0,22.0,-3,1.0,4.0,1.63,1.83,2.01,0.0,1.775,-0.20000000000000018,-0.3799999999999999,23,26,32.0,0.0,1.34,1.26,1.22,0.0,1.2733333333333334,0.1200000000000001,0.08000000000000007,0.1200000000000001,4,1,0,3,-2.0,4.0,False,False,True,False,True,False,False,False,-2.0,0,1.0,624.9,-0.159919442,0.151084849,1.9669301,1.9669301,Fe1|Ge1|V2,False
V2CoAl,5,9,3.0,0.0,22.0,-4,2.0,6.0,1.63,1.88,1.61,0.0,1.6875,-0.25,0.019999999999999796,23,27,13.0,0.0,1.34,1.25,1.43,0.0,1.3399999999999999,0.17999999999999994,0.09000000000000008,-0.08999999999999986,4,1,0,3,-2.0,4.0,False,False,True,False,True,False,False,False,-2.0,0,2.0,552.4,-0.176337453,0.149438466,1.99170425,3.9834085,Al1|Co1|V2,True
V2MoSi,5,6,4.0,0.0,20.0,-1,1.0,2.0,1.63,2.16,1.9,0.0,1.83,-0.5300000000000002,-0.27,23,42,14.0,0.0,1.34,1.39,1.11,0.0,1.28,0.2799999999999998,-0.04999999999999982,0.22999999999999998,4,0,0,3,-4.0,2.0,False,False,True,False,False,False,True,False,-4.0,0,2.0,464.1,-0.240725588,0.23996801,1.5578185,3.115637,Mo1|Si1|V2,False
V2RuSb,5,8,5.0,0.0,23.0,-3,0.0,3.0,1.63,2.2,2.05,0.0,1.8775,-0.5700000000000003,-0.41999999999999993,23,44,51.0,0.0,1.34,1.34,1.59,0.0,1.4233333333333336,0.25,0.0,-0.25,4,0,0,3,-1.0,5.0,False,False,True,False,False,False,True,False,-1.0,0,2.0,408.7,-0.055797127,0.216838803,0.8525875,1.705175,Ru1|Sb1|V2,False
V2RhIn,5,9,3.0,0.0,22.0,-4,2.0,6.0,1.63,2.28,1.78,0.0,1.8299999999999998,-0.6499999999999999,-0.15000000000000013,23,45,49.0,0.0,1.34,1.34,1.67,0.0,1.45,0.32999999999999985,0.0,-0.32999999999999985,4,0,0,3,-2.0,4.0,False,False,True,False,True,False,False,False,-2.0,0,2.0,516.6,-0.048807104,0.271329015,1.8449298,3.6898596,In1|Rh1|V2,False
V2RhSn,5,9,4.0,0.0,23.0,-4,1.0,5.0,1.63,2.28,1.96,0.0,1.8749999999999998,-0.6499999999999999,-0.33000000000000007,23,45,50.0,0.0,1.34,1.34,0.0,0.0,0.8933333333333334,1.34,0.0,1.34,4,0,0,3,-1.0,5.0,False,False,True,False,True,False,False,False,-1.0,0,2.0,603.4,-0.131741809,0.218719471,0.9432268,1.8864536,Rh1|Sn1|V2,False
Cr2TiGa,6,4,3.0,0.0,19.0,2,3.0,1.0,1.66,1.54,1.81,0.0,1.6675,0.11999999999999988,-0.15000000000000013,24,22,31.0,0.0,1.28,1.47,1.35,0.0,1.3666666666666665,0.18999999999999995,-0.18999999999999995,-0.07000000000000006,4,2,0,3,-5.0,1.0,False,False,True,False,False,False,True,False,-5.0,0,2.0,604.2,-0.033214549,0.218566783,0.89696155,1.7939231,Cr2|Ga1|Ti1,False
Cr2VAl,6,5,3.0,0.0,20.0,1,3.0,2.0,1.66,1.63,1.61,0.0,1.64,0.030000000000000027,0.04999999999999982,24,23,13.0,0.0,1.28,1.34,1.43,0.0,1.3499999999999999,0.1499999999999999,-0.06000000000000005,-0.1499999999999999,4,2,0,3,-4.0,2.0,False,False,True,False,True,False,False,False,-4.0,0,2.0,668.7,-0.011610799,0.141161578,2.00074565,4.0014913,Al1|Cr2|V1,False
Cr2VGe,6,5,4.0,0.0,21.0,1,2.0,1.0,1.66,1.63,2.01,0.0,1.7399999999999998,0.030000000000000027,-0.34999999999999987,24,23,32.0,0.0,1.28,1.34,1.22,0.0,1.28,0.1200000000000001,-0.06000000000000005,0.06000000000000005,4,2,0,3,-3.0,3.0,False,False,True,False,True,False,False,False,-3.0,0,2.0,929.9,-0.008644368,0.239687501,2.3267488,4.6534976,Cr2|Ge1|V1,False
Cr2MnAl,6,7,3.0,0.0,22.0,-1,3.0,4.0,1.66,1.55,1.61,0.0,1.62,0.10999999999999988,0.04999999999999982,24,25,13.0,0.0,1.28,1.27,1.43,0.0,1.3266666666666664,0.15999999999999992,0.010000000000000009,-0.1499999999999999,4,3,0,3,-2.0,4.0,False,False,True,False,True,False,False,False,-2.0,0,2.0,1179.5,-0.129187533,0.016786396,1.99966575,3.9993315,Al1|Cr2|Mn1,False
Cr2MnSi,6,7,4.0,0.0,23.0,-1,2.0,3.0,1.66,1.55,1.9,0.0,1.6925,0.10999999999999988,-0.24,24,25,14.0,0.0,1.28,1.27,1.11,0.0,1.22,0.16999999999999993,0.010000000000000009,0.16999999999999993,4,3,0,3,-1.0,5.0,False,False,True,False,True,False,False,False,-1.0,0,2.0,367.2,-0.273964255,0.0751827,1.16487615,2.3297523,Cr2|Mn1|Si1,True
Cr2MnGa,6,7,3.0,0.0,22.0,-1,3.0,4.0,1.66,1.55,1.81,0.0,1.67,0.10999999999999988,-0.15000000000000013,24,25,31.0,0.0,1.28,1.27,1.35,0.0,1.3,0.08000000000000007,0.010000000000000009,-0.07000000000000006,4,3,0,3,-2.0,4.0,False,False,True,False,True,False,False,False,-2.0,0,1.0,1208.9,-0.039552605,0.029435252,1.9938038,1.9938038,Cr2|Ga1|Mn1,False
Cr2MnAs,6,7,5.0,0.0,24.0,-1,1.0,2.0,1.66,1.55,2.18,0.0,1.7625000000000002,0.10999999999999988,-0.5200000000000002,24,25,33.0,0.0,1.28,1.27,1.19,0.0,1.2466666666666666,0.09000000000000008,0.010000000000000009,0.09000000000000008,4,3,0,3,0.0,6.0,False,False,True,False,False,False,True,False,0.0,0,2.0,1240.8,-0.014624794,0.123145367,2.008505,4.01701,As1|Cr2|Mn1,False
Cr2FeAl,6,8,3.0,0.0,23.0,-2,3.0,5.0,1.66,1.83,1.61,0.0,1.6900000000000002,-0.17000000000000015,0.04999999999999982,24,26,13.0,0.0,1.28,1.26,1.43,0.0,1.3233333333333333,0.16999999999999993,0.020000000000000018,-0.1499999999999999,4,3,0,3,-1.0,5.0,False,False,True,False,True,False,False,False,-1.0,0,2.0,727.5,-0.071155346,0.094738419,1.013222,2.026444,Al1|Cr2|Fe1,False
Cr2CoAl,6,9,3.0,0.0,24.0,-3,3.0,6.0,1.66,1.88,1.61,0.0,1.7025,-0.21999999999999997,0.04999999999999982,24,27,13.0,0.0,1.28,1.25,1.43,0.0,1.32,0.17999999999999994,0.030000000000000027,-0.1499999999999999,4,3,0,3,0.0,6.0,False,False,True,False,True,False,False,False,0.0,0,2.0,1274.5,-0.085866235,0.221211697,0.0087234,0.0174468,Al1|Co1|Cr2,False
Cr2CoSi,6,9,4.0,0.0,25.0,-3,2.0,5.0,1.66,1.88,1.9,0.0,1.775,-0.21999999999999997,-0.24,24,27,14.0,0.0,1.28,1.25,1.11,0.0,1.2133333333333336,0.16999999999999993,0.030000000000000027,0.16999999999999993,4,3,0,3,1.0,7.0,False,False,True,False,True,False,False,False,1.0,0,2.0,670.2,-0.218776519,0.139858473,1.00590455,2.0118091,Co1|Cr2|Si1,False
Cr2CoGe,6,9,4.0,0.0,25.0,-3,2.0,5.0,1.66,1.88,2.01,0.0,1.8024999999999998,-0.21999999999999997,-0.34999999999999987,24,27,32.0,0.0,1.28,1.25,1.22,0.0,1.25,0.06000000000000005,0.030000000000000027,0.06000000000000005,4,3,0,3,1.0,7.0,False,False,True,False,True,False,False,False,1.0,0,2.0,1320.5,-0.012995375,0.117624519,1.0122818,2.0245636,Co1|Cr2|Ge1,False
Cr2NiAl,6,10,3.0,0.0,25.0,-4,3.0,7.0,1.66,1.91,1.61,0.0,1.71,-0.25,0.04999999999999982,24,28,13.0,0.0,1.28,1.24,1.43,0.0,1.3166666666666667,0.18999999999999995,0.040000000000000036,-0.1499999999999999,4,3,0,3,1.0,7.0,False,False,True,False,True,False,False,False,1.0,0,2.0,1482.2,-0.102997021,0.231726156,1.00103805,2.0020761,Al1|Cr2|Ni1,True
Cr2NiSi,6,10,4.0,0.0,26.0,-4,2.0,6.0,1.66,1.91,1.9,0.0,1.7824999999999998,-0.25,-0.24,24,28,14.0,0.0,1.28,1.24,1.11,0.0,1.21,0.16999999999999993,0.040000000000000036,0.16999999999999993,4,3,0,3,2.0,8.0,False,False,True,False,False,False,True,False,2.0,0,2.0,968.0,-0.195311861,0.200638911,1.88388155,3.7677631,Cr2|Ni1|Si1,False
Cr2NiGa,6,10,3.0,0.0,25.0,-4,3.0,7.0,1.66,1.91,1.81,0.0,1.7599999999999998,-0.25,-0.15000000000000013,24,28,31.0,0.0,1.28,1.24,1.35,0.0,1.29,0.1100000000000001,0.040000000000000036,-0.07000000000000006,4,3,0,3,1.0,7.0,False,False,True,False,False,False,True,False,1.0,0,2.0,1612.7,-0.041109545,0.165034227,0.34113425,0.6822685,Cr2|Ga1|Ni1,False
Cr2NiGe,6,10,4.0,0.0,26.0,-4,2.0,6.0,1.66,1.91,2.01,0.0,1.8099999999999998,-0.25,-0.34999999999999987,24,28,32.0,0.0,1.28,1.24,1.22,0.0,1.2466666666666668,0.06000000000000005,0.040000000000000036,0.06000000000000005,4,3,0,3,2.0,8.0,False,False,True,False,False,False,True,False,2.0,0,2.0,1556.9,-0.048502935,0.139864003,0.00940505,0.0188101,Cr2|Ge1|Ni1,False
Cr2NiAs,6,10,5.0,0.0,27.0,-4,1.0,5.0,1.66,1.91,2.18,0.0,1.8525,-0.25,-0.5200000000000002,24,28,33.0,0.0,1.28,1.24,1.19,0.0,1.2366666666666666,0.09000000000000008,0.040000000000000036,0.09000000000000008,4,3,0,3,3.0,9.0,False,False,True,False,False,False,True,False,3.0,0,2.0,1080.1,-0.009921513,0.173909599,0.95964245,1.9192849,As1|Cr2|Ni1,False
Cr2CuSi,6,11,4.0,0.0,27.0,-5,2.0,7.0,1.66,1.9,1.9,0.0,1.7799999999999998,-0.24,-0.24,24,29,14.0,0.0,1.28,1.28,1.11,0.0,1.2233333333333334,0.16999999999999993,0.0,0.16999999999999993,4,2,0,3,3.0,9.0,False,False,True,False,False,False,True,False,3.0,0,2.0,1120.1,-0.001245611,0.271431925,0.9422596,1.8845192,Cr2|Cu1|Si1,True
Cr2RhSi,6,9,4.0,0.0,25.0,-3,2.0,5.0,1.66,2.28,1.9,0.0,1.875,-0.6199999999999999,-0.24,24,45,14.0,0.0,1.28,1.34,1.11,0.0,1.2433333333333334,0.22999999999999998,-0.06000000000000005,0.16999999999999993,4,2,0,3,1.0,7.0,False,False,True,False,True,False,False,False,1.0,0,2.0,1164.2,-0.268308465,0.193592059,1.0093899,2.0187798,Cr2|Rh1|Si1,False
Cr2RhSb,6,9,5.0,0.0,26.0,-3,1.0,4.0,1.66,2.28,2.05,0.0,1.9124999999999999,-0.6199999999999999,-0.3899999999999999,24,45,51.0,0.0,1.28,1.34,1.59,0.0,1.4033333333333333,0.31000000000000005,-0.06000000000000005,-0.31000000000000005,4,2,0,3,2.0,8.0,False,False,True,False,False,False,True,False,2.0,0,2.0,1621.4,-0.041587218,0.212614582,0.03406015,0.0681203,Cr2|Rh1|Sb1,False
Cr2PdAl,6,10,3.0,0.0,25.0,-4,3.0,7.0,1.66,2.2,1.61,0.0,1.7825,-0.5400000000000003,0.04999999999999982,24,46,13.0,0.0,1.28,1.37,1.43,0.0,1.36,0.1499999999999999,-0.09000000000000008,-0.1499999999999999,4,2,0,3,1.0,7.0,False,False,True,False,False,False,True,False,1.0,0,2.0,1802.5,-0.162123314,0.294070194,0.10314915,0.2062983,Al1|Cr2|Pd1,False
Mn2ScSi,7,3,4.0,0.0,21.0,4,3.0,-1.0,1.55,1.36,1.9,0.0,1.5899999999999999,0.18999999999999995,-0.34999999999999987,25,21,14.0,0.0,1.27,1.62,1.11,0.0,1.3333333333333333,0.51,-0.3500000000000001,0.15999999999999992,4,2,0,3,-3.0,3.0,False,False,True,False,False,False,True,False,-3.0,0,2.0,640.1,-0.248052609,0.222593286,4.8808437,9.7616874,Mn2|Sc1|Si1,False
Mn2ScGa,7,3,3.0,0.0,20.0,4,4.0,0.0,1.55,1.36,1.81,0.0,1.5675,0.18999999999999995,-0.26,25,21,31.0,0.0,1.27,1.62,1.35,0.0,1.4133333333333333,0.3500000000000001,-0.3500000000000001,-0.08000000000000007,4,2,0,3,-4.0,2.0,False,False,True,False,False,False,True,False,-4.0,0,2.0,892.2,-0.126298984,0.175566441,0.66415225,1.3283045,Ga1|Mn2|Sc1,False
Mn2ScGe,7,3,4.0,0.0,21.0,4,3.0,-1.0,1.55,1.36,2.01,0.0,1.6175,0.18999999999999995,-0.45999999999999974,25,21,32.0,0.0,1.27,1.62,1.22,0.0,1.37,0.40000000000000013,-0.3500000000000001,0.050000000000000044,4,2,0,3,-3.0,3.0,False,False,True,False,False,False,True,False,-3.0,0,2.0,696.7,-0.211694389,0.213981311,5.30769495,10.6153899,Ge1|Mn2|Sc1,False
Mn2ScSn,7,3,4.0,0.0,21.0,4,3.0,-1.0,1.55,1.36,1.96,0.0,1.605,0.18999999999999995,-0.4099999999999999,25,21,50.0,0.0,1.27,1.62,0.0,0.0,0.9633333333333334,1.62,-0.3500000000000001,1.27,4,2,0,3,-3.0,3.0,False,False,True,False,False,False,True,False,-3.0,0,2.0,667.3,-0.087120851,0.237272503,0.562168,1.124336,Mn2|Sc1|Sn1,True
Mn2TiGa,7,4,3.0,0.0,21.0,3,4.0,1.0,1.55,1.54,1.81,0.0,1.6125000000000003,0.010000000000000009,-0.26,25,22,31.0,0.0,1.27,1.47,1.35,0.0,1.3633333333333333,0.19999999999999996,-0.19999999999999996,-0.08000000000000007,4,2,0,3,-3.0,3.0,False,False,True,False,False,False,True,False,-3.0,0,2.0,782.8,-0.2641743,0.031768622,4.3444403,8.6888806,Ga1|Mn2|Ti1,False
Mn2TiAs,7,4,5.0,0.0,23.0,3,2.0,-1.0,1.55,1.54,2.18,0.0,1.705,0.010000000000000009,-0.6300000000000001,25,22,33.0,0.0,1.27,1.47,1.19,0.0,1.31,0.28,-0.19999999999999996,0.08000000000000007,4,2,0,3,-1.0,5.0,False,False,True,False,False,False,True,False,-1.0,0,2.0,663.9,-0.316395235,0.216388545,1.17724755,2.3544951,As1|Mn2|Ti1,False
Mn2VAs,7,5,5.0,0.0,24.0,2,2.0,0.0,1.55,1.63,2.18,0.0,1.7275,-0.07999999999999985,-0.6300000000000001,25,23,33.0,0.0,1.27,1.34,1.19,0.0,1.2666666666666668,0.15000000000000013,-0.07000000000000006,0.08000000000000007,4,2,0,3,0.0,6.0,False,False,True,False,False,False,True,False,0.0,0,2.0,674.3,-0.212716126,0.067283051,0.8223697,1.6447394,As1|Mn2|V1,True
Mn2VSb,7,5,5.0,0.0,24.0,2,2.0,0.0,1.55,1.63,2.05,0.0,1.695,-0.07999999999999985,-0.4999999999999998,25,23,51.0,0.0,1.27,1.34,1.59,0.0,1.4000000000000001,0.32000000000000006,-0.07000000000000006,-0.32000000000000006,4,2,0,3,0.0,6.0,False,False,True,False,False,False,True,False,0.0,0,2.0,577.1,-0.022603294,0.138282356,0.21928555,0.4385711,Mn2|Sb1|V1,False
Mn2CrGe,7,6,4.0,0.0,24.0,1,3.0,2.0,1.55,1.66,2.01,0.0,1.6925,-0.10999999999999988,-0.45999999999999974,25,24,32.0,0.0,1.27,1.28,1.22,0.0,1.2566666666666666,0.06000000000000005,-0.010000000000000009,0.050000000000000044,4,3,0,3,0.0,6.0,False,False,True,False,False,False,True,False,0.0,0,2.0,979.1,-0.138388374,0.0,0.0141289,0.0282578,Cr1|Ge1|Mn2,False
Mn2CrAs,7,6,5.0,0.0,25.0,1,2.0,1.0,1.55,1.66,2.18,0.0,1.7349999999999999,-0.10999999999999988,-0.6300000000000001,25,24,33.0,0.0,1.27,1.28,1.19,0.0,1.2466666666666666,0.09000000000000008,-0.010000000000000009,0.08000000000000007,4,3,0,3,1.0,7.0,False,False,True,False,False,False,True,False,1.0,0,2.0,565.7,-0.118164569,0.021189148,1.0143957,2.0287914,As1|Cr1|Mn2,False
Mn2FeAl,7,8,3.0,0.0,25.0,-1,4.0,5.0,1.55,1.83,1.61,0.0,1.635,-0.28,-0.06000000000000005,25,26,13.0,0.0,1.27,1.26,1.43,0.0,1.32,0.16999999999999993,0.010000000000000009,-0.15999999999999992,4,3,0,3,1.0,7.0,False,False,True,False,False,False,True,False,1.0,0,2.0,928.5,-0.234882277,0.0,0.76027605,1.5205521,Al1|Fe1|Mn2,False
Mn2FeAs,7,8,5.0,0.0,27.0,-1,2.0,3.0,1.55,1.83,2.18,0.0,1.7774999999999999,-0.28,-0.6300000000000001,25,26,33.0,0.0,1.27,1.26,1.19,0.0,1.24,0.08000000000000007,0.010000000000000009,0.08000000000000007,4,3,0,3,3.0,9.0,False,False,True,False,True,False,False,False,3.0,0,2.0,439.0,-0.130251567,0.026833026,2.9995978,5.9991956,As1|Fe1|Mn2,False
Mn2CoAl,7,9,3.0,0.0,26.0,-2,4.0,6.0,1.55,1.88,1.61,0.0,1.6475000000000002,-0.32999999999999985,-0.06000000000000005,25,27,13.0,0.0,1.27,1.25,1.43,0.0,1.3166666666666667,0.17999999999999994,0.020000000000000018,-0.15999999999999992,4,3,0,3,2.0,8.0,False,False,True,False,True,False,False,False,2.0,0,2.0,1075.1,-0.346060006,0.0,2.00001025,4.0000205,Al1|Co1|Mn2,True
Mn2CoSi,7,9,4.0,0.0,27.0,-2,3.0,5.0,1.55,1.88,1.9,0.0,1.7200000000000002,-0.32999999999999985,-0.34999999999999987,25,27,14.0,0.0,1.27,1.25,1.11,0.0,1.21,0.15999999999999992,0.020000000000000018,0.15999999999999992,4,3,0,3,3.0,9.0,False,False,True,False,True,False,False,False,3.0,0,2.0,694.0,-0.438323469,0.0,3.0,6.0,Co1|Mn2|Si1,True
Mn2CoGa,7,9,3.0,0.0,26.0,-2,4.0,6.0,1.55,1.88,1.81,0.0,1.6975000000000002,-0.32999999999999985,-0.26,25,27,31.0,0.0,1.27,1.25,1.35,0.0,1.29,0.10000000000000009,0.020000000000000018,-0.08000000000000007,4,3,0,3,2.0,8.0,False,False,True,False,True,False,False,False,2.0,0,1.0,1102.8,-0.236541106,0.0,2.0060855,2.0060855,Co1|Ga1|Mn2,False
Mn2CoGe,7,9,4.0,0.0,27.0,-2,3.0,5.0,1.55,1.88,2.01,0.0,1.7475,-0.32999999999999985,-0.45999999999999974,25,27,32.0,0.0,1.27,1.25,1.22,0.0,1.2466666666666668,0.050000000000000044,0.020000000000000018,0.050000000000000044,4,3,0,3,3.0,9.0,False,False,True,False,False,False,True,False,3.0,0,2.0,807.0,-0.23333574,0.0,1.00355215,2.0071043,Co1|Ge1|Mn2,False
Mn2CoAs,7,9,5.0,0.0,28.0,-2,2.0,4.0,1.55,1.88,2.18,0.0,1.79,-0.32999999999999985,-0.6300000000000001,25,27,33.0,0.0,1.27,1.25,1.19,0.0,1.2366666666666666,0.08000000000000007,0.020000000000000018,0.08000000000000007,4,3,0,3,4.0,10.0,False,False,True,False,True,False,False,False,4.0,0,2.0,764.7,-0.144981916,0.069894843,4.00004455,8.0000891,As1|Co1|Mn2,False
Mn2CoSn,7,9,4.0,0.0,27.0,-2,3.0,5.0,1.55,1.88,1.96,0.0,1.735,-0.32999999999999985,-0.4099999999999999,25,27,50.0,0.0,1.27,1.25,0.0,0.0,0.84,1.27,0.020000000000000018,1.27,4,3,0,3,3.0,9.0,False,False,True,False,False,False,True,False,3.0,0,2.0,739.3,-0.04768587,0.038394777,0.9750521,1.9501042,Co1|Mn2|Sn1,False
Mn2CoSb,7,9,5.0,0.0,28.0,-2,2.0,4.0,1.55,1.88,2.05,0.0,1.7575,-0.32999999999999985,-0.4999999999999998,25,27,51.0,0.0,1.27,1.25,1.59,0.0,1.37,0.3400000000000001,0.020000000000000018,-0.32000000000000006,4,3,0,3,4.0,10.0,False,False,True,False,True,False,False,False,4.0,0,2.0,733.9,-0.020623353,0.073673249,4.00273295,8.0054659,Co1|Mn2|Sb1,False
Mn2NiGa,7,10,3.0,0.0,27.0,-3,4.0,7.0,1.55,1.91,1.81,0.0,1.705,-0.3599999999999999,-0.26,25,28,31.0,0.0,1.27,1.24,1.35,0.0,1.2866666666666666,0.1100000000000001,0.030000000000000027,-0.08000000000000007,4,3,0,3,3.0,9.0,False,False,True,False,False,False,True,False,3.0,0,2.0,955.6,-0.265971711,0.0,0.9989079,1.9978158,Ga1|Mn2|Ni1,False
Mn2NiGe,7,10,4.0,0.0,28.0,-3,3.0,6.0,1.55,1.91,2.01,0.0,1.755,-0.3599999999999999,-0.45999999999999974,25,28,32.0,0.0,1.27,1.24,1.22,0.0,1.2433333333333332,0.050000000000000044,0.030000000000000027,0.050000000000000044,4,3,0,3,4.0,10.0,False,False,True,False,False,False,True,False,4.0,0,2.0,916.9,-0.218604777,0.0,0.374588,0.749176,Ge1|Mn2|Ni1,True
Mn2NiIn,7,10,3.0,0.0,27.0,-3,4.0,7.0,1.55,1.91,1.78,0.0,1.6975,-0.3599999999999999,-0.22999999999999998,25,28,49.0,0.0,1.27,1.24,1.67,0.0,1.3933333333333333,0.42999999999999994,0.030000000000000027,-0.3999999999999999,4,3,0,3,3.0,9.0,False,False,True,False,False,False,True,False,3.0,0,2.0,573.3,-0.009103602,0.09345205,0.83169345,1.6633869,In1|Mn2|Ni1,False
Mn2NiSn,7,10,4.0,0.0,28.0,-3,3.0,6.0,1.55,1.91,1.96,0.0,1.7425,-0.3599999999999999,-0.4099999999999999,25,28,50.0,0.0,1.27,1.24,0.0,0.0,0.8366666666666666,1.27,0.030000000000000027,1.27,4,3,0,3,4.0,10.0,False,False,True,False,False,False,True,False,4.0,0,2.0,761.1,-0.083383575,0.070909684,0.38295935,0.7659187,Mn2|Ni1|Sn1,True
Mn2CuAl,7,11,3.0,0.0,28.0,-4,4.0,8.0,1.55,1.9,1.61,0.0,1.6525,-0.34999999999999987,-0.06000000000000005,25,29,13.0,0.0,1.27,1.28,1.43,0.0,1.3266666666666664,0.15999999999999992,-0.010000000000000009,-0.15999999999999992,4,2,0,3,4.0,10.0,False,False,True,False,False,False,True,False,4.0,0,2.0,1264.0,-0.180655693,0.008613677,0.19557865,0.3911573,Al1|Cu1|Mn2,False
Mn2CuSi,7,11,4.0,0.0,29.0,-4,3.0,7.0,1.55,1.9,1.9,0.0,1.725,-0.34999999999999987,-0.34999999999999987,25,29,14.0,0.0,1.27,1.28,1.11,0.0,1.22,0.16999999999999993,-0.010000000000000009,0.15999999999999992,4,2,0,3,5.0,11.0,False,False,True,False,False,False,True,False,5.0,0,2.0,684.5,-0.168603882,0.109587987,1.00035135,2.0007027,Cu1|Mn2|Si1,True
Mn2CuGa,7,11,3.0,0.0,28.0,-4,4.0,8.0,1.55,1.9,1.81,0.0,1.7025000000000001,-0.34999999999999987,-0.26,25,29,31.0,0.0,1.27,1.28,1.35,0.0,1.3,0.08000000000000007,-0.010000000000000009,-0.08000000000000007,4,2,0,3,4.0,10.0,False,False,True,False,False,False,True,False,4.0,0,2.0,1204.7,-0.106842684,0.0,0.34941615,0.6988323,Cu1|Ga1|Mn2,False
Mn2CuGe,7,11,4.0,0.0,29.0,-4,3.0,7.0,1.55,1.9,2.01,0.0,1.7525,-0.34999999999999987,-0.45999999999999974,25,29,32.0,0.0,1.27,1.28,1.22,0.0,1.2566666666666666,0.06000000000000005,-0.010000000000000009,0.050000000000000044,4,2,0,3,5.0,11.0,False,False,True,False,False,False,True,False,5.0,0,2.0,783.7,-0.044657475,0.050551381,0.6146778,1.2293556,Cu1|Ge1|Mn2,False
Mn2ZnAl,7,12,3.0,0.0,29.0,-5,4.0,9.0,1.55,1.65,1.61,0.0,1.59,-0.09999999999999987,-0.06000000000000005,25,30,13.0,0.0,1.27,1.34,1.43,0.0,1.3466666666666667,0.15999999999999992,-0.07000000000000006,-0.15999999999999992,4,2,0,3,5.0,11.0,False,False,True,False,True,False,False,False,5.0,0,2.0,733.9,-0.124976089,0.064293281,0.22058485,0.4411697,Al1|Mn2|Zn1,True
Mn2ZnGe,7,12,4.0,0.0,30.0,-5,3.0,8.0,1.55,1.65,2.01,0.0,1.69,-0.09999999999999987,-0.45999999999999974,25,30,32.0,0.0,1.27,1.34,1.22,0.0,1.2766666666666666,0.1200000000000001,-0.07000000000000006,0.050000000000000044,4,2,0,3,6.0,12.0,False,False,True,False,False,False,True,False,6.0,0,2.0,652.4,-0.04103194,0.055606835,5.8425164,11.6850328,Ge1|Mn2|Zn1,False
Mn2NbSb,7,5,5.0,0.0,24.0,2,2.0,0.0,1.55,1.6,2.05,0.0,1.6875,-0.050000000000000044,-0.4999999999999998,25,41,51.0,0.0,1.27,1.46,1.59,0.0,1.4400000000000002,0.32000000000000006,-0.18999999999999995,-0.32000000000000006,4,2,0,3,0.0,6.0,False,False,True,False,False,False,True,False,0.0,0,2.0,810.1,-0.040712881,0.118159655,0.41606315,0.8321263,Mn2|Nb1|Sb1,True
Mn2PdGa,7,10,3.0,0.0,27.0,-3,4.0,7.0,1.55,2.2,1.81,0.0,1.7775000000000003,-0.6500000000000001,-0.26,25,46,31.0,0.0,1.27,1.37,1.35,0.0,1.33,0.10000000000000009,-0.10000000000000009,-0.08000000000000007,4,2,0,3,3.0,9.0,False,False,True,False,False,False,True,False,3.0,0,2.0,695.2,-0.305938396,0.023578716,0.8889329,1.7778658,Ga1|Mn2|Pd1,False
Fe2VSi,8,5,4.0,0.0,25.0,3,4.0,1.0,1.83,1.63,1.9,0.0,1.7974999999999999,0.20000000000000018,-0.06999999999999984,26,23,14.0,0.0,1.26,1.34,1.11,0.0,1.2366666666666666,0.22999999999999998,-0.08000000000000007,0.1499999999999999,4,2,0,3,1.0,7.0,False,False,True,False,False,False,True,False,1.0,0,2.0,690.9,-0.303859607,0.184700654,2.71559675,5.4311935,Fe2|Si1|V1,False
Fe2VGe,8,5,4.0,0.0,25.0,3,4.0,1.0,1.83,1.63,2.01,0.0,1.825,0.20000000000000018,-0.17999999999999972,26,23,32.0,0.0,1.26,1.34,1.22,0.0,1.2733333333333334,0.1200000000000001,-0.08000000000000007,0.040000000000000036,4,2,0,3,1.0,7.0,False,False,True,False,False,False,True,False,1.0,0,2.0,797.9,-0.137687468,0.13444515,2.57166285,5.1433257,Fe2|Ge1|V1,False
Fe2CrAl,8,6,3.0,0.0,25.0,2,5.0,3.0,1.83,1.66,1.61,0.0,1.7325000000000002,0.17000000000000015,0.21999999999999997,26,24,13.0,0.0,1.26,1.28,1.43,0.0,1.3233333333333333,0.16999999999999993,-0.020000000000000018,-0.16999999999999993,4,3,0,3,1.0,7.0,False,False,True,False,True,False,False,False,1.0,0,1.0,776.0,-0.077686458,0.105536109,2.3276277,2.3276277,Al1|Cr1|Fe2,False
Fe2CrSi,8,6,4.0,0.0,26.0,2,4.0,2.0,1.83,1.66,1.9,0.0,1.8050000000000002,0.17000000000000015,-0.06999999999999984,26,24,14.0,0.0,1.26,1.28,1.11,0.0,1.2166666666666668,0.16999999999999993,-0.020000000000000018,0.1499999999999999,4,3,0,3,2.0,8.0,False,False,True,False,True,False,False,False,2.0,0,1.0,595.6,-0.23946964,0.099808436,1.9767002,1.9767002,Cr1|Fe2|Si1,False
Fe2CrGa,8,6,3.0,0.0,25.0,2,5.0,3.0,1.83,1.66,1.81,0.0,1.7825000000000002,0.17000000000000015,0.020000000000000018,26,24,31.0,0.0,1.26,1.28,1.35,0.0,1.2966666666666666,0.09000000000000008,-0.020000000000000018,-0.09000000000000008,4,3,0,3,1.0,7.0,False,False,True,False,True,False,False,False,1.0,0,1.0,840.0,-0.011492845,0.103966708,2.2688961,2.2688961,Cr1|Fe2|Ga1,False
Fe2CrGe,8,6,4.0,0.0,26.0,2,4.0,2.0,1.83,1.66,2.01,0.0,1.8325,0.17000000000000015,-0.17999999999999972,26,24,32.0,0.0,1.26,1.28,1.22,0.0,1.2533333333333332,0.06000000000000005,-0.020000000000000018,0.040000000000000036,4,3,0,3,2.0,8.0,False,False,True,False,True,False,False,False,2.0,0,1.0,790.1,-0.035734647,0.085450646,1.9096573,1.9096573,Cr1|Fe2|Ge1,False
Fe2MnSi,8,7,4.0,0.0,27.0,1,4.0,3.0,1.83,1.55,1.9,0.0,1.7774999999999999,0.28,-0.06999999999999984,26,25,14.0,0.0,1.26,1.27,1.11,0.0,1.2133333333333336,0.15999999999999992,-0.010000000000000009,0.1499999999999999,4,3,0,3,3.0,9.0,False,False,True,False,True,False,False,False,3.0,0,1.0,421.4,-0.314267935,0.03039326,2.980409,2.980409,Fe2|Mn1|Si1,False
Fe2MnGa,8,7,3.0,0.0,26.0,1,5.0,4.0,1.83,1.55,1.81,0.0,1.755,0.28,0.020000000000000018,26,25,31.0,0.0,1.26,1.27,1.35,0.0,1.2933333333333334,0.09000000000000008,-0.010000000000000009,-0.09000000000000008,4,3,0,3,2.0,8.0,False,False,True,False,False,False,True,False,2.0,0,2.0,1019.5,-0.100970127,0.014489425,7.13294315,14.2658863,Fe2|Ga1|Mn1,False
Fe2MnAs,8,7,5.0,0.0,28.0,1,3.0,2.0,1.83,1.55,2.18,0.0,1.8475000000000001,0.28,-0.3500000000000001,26,25,33.0,0.0,1.26,1.27,1.19,0.0,1.24,0.08000000000000007,-0.010000000000000009,0.07000000000000006,4,3,0,3,4.0,10.0,False,False,True,False,False,False,True,False,4.0,0,2.0,741.5,-0.026703501,0.130381092,6.65901595,13.3180319,As1|Fe2|Mn1,True
Fe2CoAl,8,9,3.0,0.0,28.0,-1,5.0,6.0,1.83,1.88,1.61,0.0,1.7875,-0.04999999999999982,0.21999999999999997,26,27,13.0,0.0,1.26,1.25,1.43,0.0,1.3133333333333332,0.17999999999999994,0.010000000000000009,-0.16999999999999993,4,3,0,3,4.0,10.0,False,False,True,False,True,False,False,False,4.0,0,1.0,1121.0,-0.267998909,0.039079024,4.9253147,4.9253147,Al1|Co1|Fe2,False
Fe2CoSi,8,9,4.0,0.0,29.0,-1,4.0,5.0,1.83,1.88,1.9,0.0,1.8599999999999999,-0.04999999999999982,-0.06999999999999984,26,27,14.0,0.0,1.26,1.25,1.11,0.0,1.2066666666666668,0.1499999999999999,0.010000000000000009,0.1499999999999999,4,3,0,3,5.0,11.0,False,False,True,False,True,False,False,False,5.0,0,1.0,1166.8,-0.372092516,0.002990604,4.9430109,4.9430109,Co1|Fe2|Si1,False
Fe2CoGa,8,9,3.0,0.0,28.0,-1,5.0,6.0,1.83,1.88,1.81,0.0,1.8375,-0.04999999999999982,0.020000000000000018,26,27,31.0,0.0,1.26,1.25,1.35,0.0,1.2866666666666666,0.10000000000000009,0.010000000000000009,-0.09000000000000008,4,3,0,3,4.0,10.0,False,False,True,False,True,False,False,False,4.0,0,1.0,1081.4,-0.148036191,0.040276864,5.2593994,5.2593994,Co1|Fe2|Ga1,False
Fe2CoGe,8,9,4.0,0.0,29.0,-1,4.0,5.0,1.83,1.88,2.01,0.0,1.8875,-0.04999999999999982,-0.17999999999999972,26,27,32.0,0.0,1.26,1.25,1.22,0.0,1.2433333333333332,0.040000000000000036,0.010000000000000009,0.040000000000000036,4,3,0,3,5.0,11.0,False,False,True,False,True,False,False,False,5.0,0,1.0,1076.4,-0.159078404,0.009585359,5.0925534,5.0925534,Co1|Fe2|Ge1,False
Fe2NiSi,8,10,4.0,0.0,30.0,-2,4.0,6.0,1.83,1.91,1.9,0.0,1.8675000000000002,-0.07999999999999985,-0.06999999999999984,26,28,14.0,0.0,1.26,1.24,1.11,0.0,1.2033333333333334,0.1499999999999999,0.020000000000000018,0.1499999999999999,4,3,0,3,6.0,12.0,False,False,True,False,False,False,True,False,6.0,0,2.0,795.9,-0.306202764,0.068353853,4.8522813,9.7045626,Fe2|Ni1|Si1,False
Fe2NiGa,8,10,3.0,0.0,29.0,-2,5.0,7.0,1.83,1.91,1.81,0.0,1.8450000000000002,-0.07999999999999985,0.020000000000000018,26,28,31.0,0.0,1.26,1.24,1.35,0.0,1.2833333333333334,0.1100000000000001,0.020000000000000018,-0.09000000000000008,4,3,0,3,5.0,11.0,False,False,True,False,True,False,False,False,5.0,0,2.0,909.8,-0.175602871,0.036411244,4.90090565,9.8018113,Fe2|Ga1|Ni1,False
Fe2NiGe,8,10,4.0,0.0,30.0,-2,4.0,6.0,1.83,1.91,2.01,0.0,1.895,-0.07999999999999985,-0.17999999999999972,26,28,32.0,0.0,1.26,1.24,1.22,0.0,1.24,0.040000000000000036,0.020000000000000018,0.040000000000000036,4,3,0,3,6.0,12.0,False,False,True,False,False,False,True,False,6.0,0,2.0,802.2,-0.129329282,0.053369544,5.0417695,10.083539,Fe2|Ge1|Ni1,False
Fe2NiSn,8,10,4.0,0.0,30.0,-2,4.0,6.0,1.83,1.91,1.96,0.0,1.8825,-0.07999999999999985,-0.1299999999999999,26,28,50.0,0.0,1.26,1.24,0.0,0.0,0.8333333333333334,1.26,0.020000000000000018,1.26,4,3,0,3,6.0,12.0,False,False,True,False,False,False,True,False,6.0,0,2.0,880.8,-0.002030061,0.152263198,5.1541189,10.3082378,Fe2|Ni1|Sn1,False
Fe2CuAl,8,11,3.0,0.0,30.0,-3,5.0,8.0,1.83,1.9,1.61,0.0,1.7925000000000002,-0.06999999999999984,0.21999999999999997,26,29,13.0,0.0,1.26,1.28,1.43,0.0,1.3233333333333333,0.16999999999999993,-0.020000000000000018,-0.16999999999999993,4,2,0,3,6.0,12.0,False,False,True,False,False,False,True,False,6.0,0,2.0,766.6,-0.121024131,0.075647048,4.2570457,8.5140914,Al1|Cu1|Fe2,True
Fe2CuGa,8,11,3.0,0.0,30.0,-3,5.0,8.0,1.83,1.9,1.81,0.0,1.8425000000000002,-0.06999999999999984,0.020000000000000018,26,29,31.0,0.0,1.26,1.28,1.35,0.0,1.2966666666666666,0.09000000000000008,-0.020000000000000018,-0.09000000000000008,4,2,0,3,6.0,12.0,False,False,True,False,False,False,True,False,6.0,0,2.0,868.4,-0.019708168,0.105811616,4.43477895,8.8695579,Cu1|Fe2|Ga1,False
Fe2ZnAl,8,12,3.0,0.0,31.0,-4,5.0,9.0,1.83,1.65,1.61,0.0,1.7300000000000002,0.18000000000000016,0.21999999999999997,26,30,13.0,0.0,1.26,1.34,1.43,0.0,1.3433333333333335,0.16999999999999993,-0.08000000000000007,-0.16999999999999993,4,2,0,3,7.0,13.0,False,False,True,False,False,False,True,False,7.0,0,2.0,1173.6,-0.105367343,0.084363806,4.4241448,8.8482896,Al1|Fe2|Zn1,False
Fe2ZnSi,8,12,4.0,0.0,32.0,-4,4.0,8.0,1.83,1.65,1.9,0.0,1.8025000000000002,0.18000000000000016,-0.06999999999999984,26,30,14.0,0.0,1.26,1.34,1.11,0.0,1.2366666666666666,0.22999999999999998,-0.08000000000000007,0.1499999999999999,4,2,0,3,8.0,14.0,False,False,True,False,False,False,True,False,8.0,0,2.0,1158.9,-0.08584856,0.211856875,4.1402588,8.2805176,Fe2|Si1|Zn1,False
Fe2ZnGa,8,12,3.0,0.0,31.0,-4,5.0,9.0,1.83,1.65,1.81,0.0,1.7800000000000002,0.18000000000000016,0.020000000000000018,26,30,31.0,0.0,1.26,1.34,1.35,0.0,1.3166666666666667,0.09000000000000008,-0.08000000000000007,-0.09000000000000008,4,2,0,3,7.0,13.0,False,False,True,False,False,False,True,False,7.0,0,2.0,1203.2,-0.02090002,0.100732183,4.5973656,9.1947312,Fe2|Ga1|Zn1,True
Fe2RuAl,8,8,3.0,0.0,27.0,0,5.0,5.0,1.83,2.2,1.61,0.0,1.8675000000000002,-0.3700000000000001,0.21999999999999997,26,44,13.0,0.0,1.26,1.34,1.43,0.0,1.3433333333333335,0.16999999999999993,-0.08000000000000007,-0.16999999999999993,4,2,0,3,3.0,9.0,False,False,True,False,True,False,False,False,3.0,0,2.0,565.4,-0.213685133,0.117696297,5.07089915,10.1417983,Al1|Fe2|Ru1,False
Fe2RuSi,8,8,4.0,0.0,28.0,0,4.0,4.0,1.83,2.2,1.9,0.0,1.94,-0.3700000000000001,-0.06999999999999984,26,44,14.0,0.0,1.26,1.34,1.11,0.0,1.2366666666666666,0.22999999999999998,-0.08000000000000007,0.1499999999999999,4,2,0,3,4.0,10.0,False,False,True,False,False,False,True,False,4.0,0,2.0,857.0,-0.309062381,0.035864145,4.6730796,9.3461592,Fe2|Ru1|Si1,True
Fe2RhSi,8,9,4.0,0.0,29.0,-1,4.0,5.0,1.83,2.28,1.9,0.0,1.96,-0.44999999999999973,-0.06999999999999984,26,45,14.0,0.0,1.26,1.34,1.11,0.0,1.2366666666666666,0.22999999999999998,-0.08000000000000007,0.1499999999999999,4,2,0,3,5.0,11.0,False,False,True,False,True,False,False,False,5.0,0,1.0,1134.5,-0.387543513,0.063200419,4.9107682,4.9107682,Fe2|Rh1|Si1,False
Fe2RhGa,8,9,3.0,0.0,28.0,-1,5.0,6.0,1.83,2.28,1.81,0.0,1.9375,-0.44999999999999973,0.020000000000000018,26,45,31.0,0.0,1.26,1.34,1.35,0.0,1.3166666666666667,0.09000000000000008,-0.08000000000000007,-0.09000000000000008,4,2,0,3,4.0,10.0,False,False,True,False,True,False,False,False,4.0,0,1.0,1027.1,-0.250405398,0.094718831,5.0529064,5.0529064,Fe2|Ga1|Rh1,False
Fe2PdSi,8,10,4.0,0.0,30.0,-2,4.0,6.0,1.83,2.2,1.9,0.0,1.94,-0.3700000000000001,-0.06999999999999984,26,46,14.0,0.0,1.26,1.37,1.11,0.0,1.2466666666666668,0.26,-0.1100000000000001,0.1499999999999999,4,2,0,3,6.0,12.0,False,False,True,False,False,False,True,False,6.0,0,2.0,840.6,-0.21639394,0.206785388,5.0549444,10.1098888,Fe2|Pd1|Si1,False
Fe2ReSi,8,7,4.0,0.0,27.0,1,4.0,3.0,1.83,1.9,1.9,0.0,1.8650000000000002,-0.06999999999999984,-0.06999999999999984,26,75,14.0,0.0,1.26,1.37,1.11,0.0,1.2466666666666668,0.26,-0.1100000000000001,0.1499999999999999,4,2,0,3,3.0,9.0,False,False,True,False,False,False,True,False,3.0,0,2.0,466.0,-0.139904755,0.1526918,3.7555157,7.5110314,Fe2|Re1|Si1,False
Co2CrAl,9,6,3.0,0.0,27.0,3,6.0,3.0,1.88,1.66,1.61,0.0,1.7575,0.21999999999999997,0.2699999999999998,27,24,13.0,0.0,1.25,1.28,1.43,0.0,1.32,0.17999999999999994,-0.030000000000000027,-0.17999999999999994,4,3,0,3,3.0,9.0,False,False,True,False,False,False,True,False,3.0,0,2.0,521.1,-0.106921534,0.204845944,1.8301539,3.6603078,Al1|Co2|Cr1,False
Co2CrGa,9,6,3.0,0.0,27.0,3,6.0,3.0,1.88,1.66,1.81,0.0,1.8075,0.21999999999999997,0.06999999999999984,27,24,31.0,0.0,1.25,1.28,1.35,0.0,1.2933333333333334,0.10000000000000009,-0.030000000000000027,-0.10000000000000009,4,3,0,3,3.0,9.0,False,False,True,False,False,False,True,False,3.0,0,2.0,667.6,-0.020268039,0.1281236,1.8507586,3.7015172,Co2|Cr1|Ga1,False
Co2CrGe,9,6,4.0,0.0,28.0,3,5.0,2.0,1.88,1.66,2.01,0.0,1.8575,0.21999999999999997,-0.1299999999999999,27,24,32.0,0.0,1.25,1.28,1.22,0.0,1.25,0.06000000000000005,-0.030000000000000027,0.030000000000000027,4,3,0,3,4.0,10.0,False,False,True,False,False,False,True,False,4.0,0,2.0,572.2,-0.032309059,0.096973001,1.94937875,3.8987575,Co2|Cr1|Ge1,False
Co2MnAl,9,7,3.0,0.0,28.0,2,6.0,4.0,1.88,1.55,1.61,0.0,1.73,0.32999999999999985,0.2699999999999998,27,25,13.0,0.0,1.25,1.27,1.43,0.0,1.3166666666666667,0.17999999999999994,-0.020000000000000018,-0.17999999999999994,4,3,0,3,4.0,10.0,False,False,True,False,False,False,True,False,4.0,0,2.0,390.2,-0.21603811,0.148415758,2.4675862,4.9351724,Al1|Co2|Mn1,False
Co2MnGe,9,7,4.0,0.0,29.0,2,5.0,3.0,1.88,1.55,2.01,0.0,1.8299999999999998,0.32999999999999985,-0.1299999999999999,27,25,32.0,0.0,1.25,1.27,1.22,0.0,1.2466666666666668,0.050000000000000044,-0.020000000000000018,0.030000000000000027,4,3,0,3,5.0,11.0,False,False,True,False,False,False,True,False,5.0,0,2.0,704.1,-0.128793605,0.128562609,4.79061245,9.5812249,Co2|Ge1|Mn1,False
Co2MnAs,9,7,5.0,0.0,30.0,2,4.0,2.0,1.88,1.55,2.18,0.0,1.8725,0.32999999999999985,-0.30000000000000027,27,25,33.0,0.0,1.25,1.27,1.19,0.0,1.2366666666666666,0.08000000000000007,-0.020000000000000018,0.06000000000000005,4,3,0,3,6.0,12.0,False,False,True,False,False,False,True,False,6.0,0,2.0,759.8,-0.069897998,0.149201537,5.08622385,10.1724477,As1|Co2|Mn1,False
Co2FeSi,9,8,4.0,0.0,30.0,1,5.0,4.0,1.88,1.83,1.9,0.0,1.8725,0.04999999999999982,-0.020000000000000018,27,26,14.0,0.0,1.25,1.26,1.11,0.0,1.2066666666666668,0.1499999999999999,-0.010000000000000009,0.1399999999999999,4,3,0,3,6.0,12.0,False,False,True,False,False,False,True,False,6.0,0,2.0,772.8,-0.263993081,0.104246958,4.36106385,8.7221277,Co2|Fe1|Si1,False
Co2FeGa,9,8,3.0,0.0,29.0,1,6.0,5.0,1.88,1.83,1.81,0.0,1.85,0.04999999999999982,0.06999999999999984,27,26,31.0,0.0,1.25,1.26,1.35,0.0,1.2866666666666666,0.10000000000000009,-0.010000000000000009,-0.10000000000000009,4,3,0,3,5.0,11.0,False,False,True,False,False,False,True,False,5.0,0,2.0,1128.4,-0.097075732,0.142394911,5.16977185,10.3395437,Co2|Fe1|Ga1,False
Co2FeGe,9,8,4.0,0.0,30.0,1,5.0,4.0,1.88,1.83,2.01,0.0,1.9,0.04999999999999982,-0.1299999999999999,27,26,32.0,0.0,1.25,1.26,1.22,0.0,1.2433333333333332,0.040000000000000036,-0.010000000000000009,0.030000000000000027,4,3,0,3,6.0,12.0,False,False,True,False,False,False,True,False,6.0,0,2.0,863.8,-0.075559533,0.096955,4.4969855,8.993971,Co2|Fe1|Ge1,False
Co2FeAs,9,8,5.0,0.0,31.0,1,4.0,3.0,1.88,1.83,2.18,0.0,1.9425,0.04999999999999982,-0.30000000000000027,27,26,33.0,0.0,1.25,1.26,1.19,0.0,1.2333333333333332,0.07000000000000006,-0.010000000000000009,0.06000000000000005,4,3,0,3,7.0,13.0,False,False,True,False,False,False,True,False,7.0,0,2.0,789.2,-0.001582261,0.184616188,4.67366285,9.3473257,As1|Co2|Fe1,False
Co2NiAl,9,10,3.0,0.0,31.0,-1,6.0,7.0,1.88,1.91,1.61,0.0,1.82,-0.030000000000000027,0.2699999999999998,27,28,13.0,0.0,1.25,1.24,1.43,0.0,1.3066666666666666,0.18999999999999995,0.010000000000000009,-0.17999999999999994,4,3,0,3,7.0,13.0,False,False,True,False,False,False,True,False,7.0,0,2.0,776.6,-0.278886726,0.080223418,2.69960115,5.3992023,Al1|Co2|Ni1,False
Co2NiSi,9,10,4.0,0.0,32.0,-1,5.0,6.0,1.88,1.91,1.9,0.0,1.8925,-0.030000000000000027,-0.020000000000000018,27,28,14.0,0.0,1.25,1.24,1.11,0.0,1.2000000000000002,0.1399999999999999,0.010000000000000009,0.1399999999999999,4,3,0,3,8.0,14.0,False,False,True,False,False,False,True,False,8.0,0,2.0,590.0,-0.323894234,0.066421489,2.20737345,4.4147469,Co2|Ni1|Si1,False
Co2NiGa,9,10,3.0,0.0,31.0,-1,6.0,7.0,1.88,1.91,1.81,0.0,1.87,-0.030000000000000027,0.06999999999999984,27,28,31.0,0.0,1.25,1.24,1.35,0.0,1.28,0.1100000000000001,0.010000000000000009,-0.10000000000000009,4,3,0,3,7.0,13.0,False,False,True,False,False,False,True,False,7.0,0,2.0,746.2,-0.152096685,0.069078011,2.7589647,5.5179294,Co2|Ga1|Ni1,False
Co2NiGe,9,10,4.0,0.0,32.0,-1,5.0,6.0,1.88,1.91,2.01,0.0,1.92,-0.030000000000000027,-0.1299999999999999,27,28,32.0,0.0,1.25,1.24,1.22,0.0,1.2366666666666666,0.030000000000000027,0.010000000000000009,0.030000000000000027,4,3,0,3,8.0,14.0,False,False,True,False,False,False,True,False,8.0,0,2.0,592.5,-0.131027557,0.06532336,2.28174215,4.5634843,Co2|Ge1|Ni1,False
Co2CuAl,9,11,3.0,0.0,32.0,-2,6.0,8.0,1.88,1.9,1.61,0.0,1.8175000000000001,-0.020000000000000018,0.2699999999999998,27,29,13.0,0.0,1.25,1.28,1.43,0.0,1.32,0.17999999999999994,-0.030000000000000027,-0.17999999999999994,4,2,0,3,8.0,14.0,False,False,True,False,False,False,True,False,8.0,0,2.0,753.3,-0.148834378,0.16246633,2.38381585,4.7676317,Al1|Co2|Cu1,True
Co2CuGa,9,11,3.0,0.0,32.0,-2,6.0,8.0,1.88,1.9,1.81,0.0,1.8675000000000002,-0.020000000000000018,0.06999999999999984,27,29,31.0,0.0,1.25,1.28,1.35,0.0,1.2933333333333334,0.10000000000000009,-0.030000000000000027,-0.10000000000000009,4,2,0,3,8.0,14.0,False,False,True,False,False,False,True,False,8.0,0,2.0,742.8,-0.027537788,0.120825028,2.61053845,5.2210769,Co2|Cu1|Ga1,False
Co2RuSi,9,8,4.0,0.0,30.0,1,5.0,4.0,1.88,2.2,1.9,0.0,1.9649999999999999,-0.3200000000000003,-0.020000000000000018,27,44,14.0,0.0,1.25,1.34,1.11,0.0,1.2333333333333334,0.22999999999999998,-0.09000000000000008,0.1399999999999999,4,2,0,3,6.0,12.0,False,False,True,False,False,False,True,False,6.0,0,2.0,868.1,-0.231402575,0.117097102,3.21543945,6.4308789,Co2|Ru1|Si1,False
Co2RhSn,9,9,4.0,0.0,31.0,0,5.0,5.0,1.88,2.28,1.96,0.0,1.9999999999999998,-0.3999999999999999,-0.08000000000000007,27,45,50.0,0.0,1.25,1.34,0.0,0.0,0.8633333333333333,1.34,-0.09000000000000008,1.25,4,2,0,3,7.0,13.0,False,False,True,False,False,False,True,False,7.0,0,2.0,670.6,-0.039660664,0.232928991,2.9486728,5.8973456,Co2|Rh1|Sn1,False
Co2IrGa,9,9,3.0,0.0,30.0,0,6.0,6.0,1.88,2.2,1.81,0.0,1.9425,-0.3200000000000003,0.06999999999999984,27,77,31.0,0.0,1.25,1.35,1.35,0.0,1.3166666666666667,0.10000000000000009,-0.10000000000000009,-0.10000000000000009,4,2,0,3,6.0,12.0,False,False,True,False,False,False,True,False,6.0,0,2.0,630.0,-0.107017091,0.095956508,3.2662394,6.5324788,Co2|Ga1|Ir1,True
Co2AuAl,9,11,3.0,0.0,32.0,-2,6.0,8.0,1.88,2.54,1.61,0.0,1.9775,-0.6600000000000001,0.2699999999999998,27,79,13.0,0.0,1.25,1.44,1.43,0.0,1.3733333333333333,0.18999999999999995,-0.18999999999999995,-0.17999999999999994,4,2,0,3,8.0,14.0,False,False,True,False,False,False,True,False,8.0,0,2.0,723.0,-0.134881886,0.176418821,2.4251658,4.8503316,Al1|Au1|Co2,False
Ni2CrAl,10,6,3.0,0.0,29.0,4,7.0,3.0,1.91,1.66,1.61,0.0,1.7725,0.25,0.2999999999999998,28,24,13.0,0.0,1.24,1.28,1.43,0.0,1.3166666666666667,0.18999999999999995,-0.040000000000000036,-0.18999999999999995,4,3,0,3,5.0,11.0,False,False,True,False,False,False,True,False,5.0,0,2.0,329.5,-0.197800985,0.198764208,3.27446395,6.5489279,Al1|Cr1|Ni2,False
Ni2MnAl,10,7,3.0,0.0,30.0,3,7.0,4.0,1.91,1.55,1.61,0.0,1.745,0.3599999999999999,0.2999999999999998,28,25,13.0,0.0,1.24,1.27,1.43,0.0,1.3133333333333332,0.18999999999999995,-0.030000000000000027,-0.18999999999999995,4,3,0,3,6.0,12.0,False,False,True,False,False,False,True,False,6.0,0,2.0,426.5,-0.380994995,0.029081281,4.12399945,8.2479989,Al1|Mn1|Ni2,False
Ni2MnGa,10,7,3.0,0.0,30.0,3,7.0,4.0,1.91,1.55,1.81,0.0,1.795,0.3599999999999999,0.09999999999999987,28,25,31.0,0.0,1.24,1.27,1.35,0.0,1.2866666666666666,0.1100000000000001,-0.030000000000000027,-0.1100000000000001,4,3,0,3,6.0,12.0,False,False,True,False,False,False,True,False,6.0,0,2.0,445.7,-0.288386422,0.013551065,3.9948778,7.9897556,Ga1|Mn1|Ni2,True
Ni2MnIn,10,7,3.0,0.0,30.0,3,7.0,4.0,1.91,1.55,1.78,0.0,1.7875,0.3599999999999999,0.1299999999999999,28,25,49.0,0.0,1.24,1.27,1.67,0.0,1.3933333333333333,0.42999999999999994,-0.030000000000000027,-0.42999999999999994,4,3,0,3,6.0,12.0,False,False,True,False,False,False,True,False,6.0,0,2.0,468.4,-0.071529255,0.068101276,4.1978924,8.3957848,In1|Mn1|Ni2,False
Ni2FeAl,10,8,3.0,0.0,31.0,2,7.0,5.0,1.91,1.83,1.61,0.0,1.8150000000000002,0.07999999999999985,0.2999999999999998,28,26,13.0,0.0,1.24,1.26,1.43,0.0,1.3099999999999998,0.18999999999999995,-0.020000000000000018,-0.18999999999999995,4,3,0,3,7.0,13.0,False,False,True,False,False,False,True,False,7.0,0,2.0,610.5,-0.322000225,0.074564968,3.12964305,6.2592861,Al1|Fe1|Ni2,False
Ni2FeGa,10,8,3.0,0.0,31.0,2,7.0,5.0,1.91,1.83,1.81,0.0,1.8650000000000002,0.07999999999999985,0.09999999999999987,28,26,31.0,0.0,1.24,1.26,1.35,0.0,1.2833333333333334,0.1100000000000001,-0.020000000000000018,-0.1100000000000001,4,3,0,3,7.0,13.0,False,False,True,False,False,False,True,False,7.0,0,2.0,562.5,-0.210213814,0.06028969,3.09560555,6.1912111,Fe1|Ga1|Ni2,False
Ni2CoAl,10,9,3.0,0.0,32.0,1,7.0,6.0,1.91,1.88,1.61,0.0,1.8275,0.030000000000000027,0.2999999999999998,28,27,13.0,0.0,1.24,1.25,1.43,0.0,1.3066666666666666,0.18999999999999995,-0.010000000000000009,-0.18999999999999995,4,3,0,3,8.0,14.0,False,False,True,False,False,False,True,False,8.0,0,2.0,385.1,-0.323489594,0.077298374,1.8436162,3.6872324,Al1|Co1|Ni2,False
Ni2CoGa,10,9,3.0,0.0,32.0,1,7.0,6.0,1.91,1.88,1.81,0.0,1.8775,0.030000000000000027,0.09999999999999987,28,27,31.0,0.0,1.24,1.25,1.35,0.0,1.28,0.1100000000000001,-0.010000000000000009,-0.1100000000000001,4,3,0,3,8.0,14.0,False,False,True,False,False,False,True,False,8.0,0,2.0,373.9,-0.199027814,0.075698465,1.8358672,3.6717344,Co1|Ga1|Ni2,False
Cu2VSi,11,5,4.0,0.0,31.0,6,7.0,1.0,1.9,1.63,1.9,0.0,1.8325,0.27,0.0,29,23,14.0,0.0,1.28,1.34,1.11,0.0,1.2433333333333334,0.22999999999999998,-0.06000000000000005,0.16999999999999993,4,0,0,3,7.0,13.0,False,False,True,False,False,False,True,False,7.0,0,2.0,457.3,-0.013263244,0.252181977,1.4439671,2.8879342,Cu2|Si1|V1,False
Cu2MnAl,11,7,3.0,0.0,32.0,4,8.0,4.0,1.9,1.55,1.61,0.0,1.74,0.34999999999999987,0.2899999999999998,29,25,13.0,0.0,1.28,1.27,1.43,0.0,1.3266666666666664,0.15999999999999992,0.010000000000000009,-0.1499999999999999,4,1,0,3,8.0,14.0,False,False,True,False,False,False,True,False,8.0,0,2.0,508.6,-0.116714332,0.072375753,3.33839025,6.6767805,Al1|Cu2|Mn1,False
Cu2MnGa,11,7,3.0,0.0,32.0,4,8.0,4.0,1.9,1.55,1.81,0.0,1.79,0.34999999999999987,0.08999999999999986,29,25,31.0,0.0,1.28,1.27,1.35,0.0,1.3,0.08000000000000007,0.010000000000000009,-0.07000000000000006,4,1,0,3,8.0,14.0,False,False,True,False,False,False,True,False,8.0,0,2.0,574.2,-0.06378537,0.027376195,3.45008825,6.9001765,Cu2|Ga1|Mn1,False
Zn2VAl,12,5,3.0,0.0,32.0,7,9.0,2.0,1.65,1.63,1.61,0.0,1.635,0.020000000000000018,0.039999999999999813,30,23,13.0,0.0,1.34,1.34,1.43,0.0,1.37,0.08999999999999986,0.0,-0.08999999999999986,4,0,0,3,8.0,14.0,False,False,True,False,False,False,True,False,8.0,0,2.0,590.1,-0.002627139,0.140792536,1.91842005,3.8368401,Al1|V1|Zn2,False
Ru2MnAl,8,7,3.0,0.0,26.0,1,5.0,4.0,2.2,1.55,1.61,0.0,1.8900000000000001,0.6500000000000001,0.5900000000000001,44,25,13.0,0.0,1.34,1.27,1.43,0.0,1.3466666666666667,0.15999999999999992,0.07000000000000006,-0.08999999999999986,4,1,0,3,2.0,8.0,False,False,True,False,False,False,True,False,2.0,0,2.0,646.1,-0.231622094,0.167072482,2.53030705,5.0606141,Al1|Mn1|Ru2,True
Ru2MnGe,8,7,4.0,0.0,27.0,1,4.0,3.0,2.2,1.55,2.01,0.0,1.99,0.6500000000000001,0.1900000000000004,44,25,32.0,0.0,1.34,1.27,1.22,0.0,1.2766666666666666,0.1200000000000001,0.07000000000000006,0.1200000000000001,4,1,0,3,3.0,9.0,False,False,True,False,False,False,True,False,3.0,0,2.0,713.5,-0.079136846,0.185210378,2.54763925,5.0952785,Ge1|Mn1|Ru2,False
Rh2CrAl,9,6,3.0,0.0,27.0,3,6.0,3.0,2.28,1.66,1.61,0.0,1.9575,0.6199999999999999,0.6699999999999997,45,24,13.0,0.0,1.34,1.28,1.43,0.0,1.3499999999999999,0.1499999999999999,0.06000000000000005,-0.08999999999999986,4,1,0,3,3.0,9.0,False,False,True,False,False,False,True,False,3.0,0,2.0,670.3,-0.400238839,0.189678338,2.334411,4.668822,Al1|Cr1|Rh2,False
Sc2MnTl,3,7,3.0,0.0,16.0,-4,0.0,4.0,1.36,1.55,1.62,0.0,1.4725000000000001,-0.18999999999999995,-0.26,21,25,81.0,0.0,1.62,1.27,1.7,0.0,1.53,0.42999999999999994,0.3500000000000001,-0.07999999999999985,4,1,0,3,-8.0,-2.0,False,False,True,False,False,False,True,False,-8.0,0,2.0,757.0,-0.042453538,0.178087962,1.81276365,3.6255273,Mn1|Sc2|Tl1,False
Ti2RuSn,4,8,4.0,0.0,20.0,-4,0.0,4.0,1.54,2.2,1.96,0.0,1.81,-0.6600000000000001,-0.41999999999999993,22,44,50.0,0.0,1.47,1.34,0.0,0.0,0.9366666666666666,1.47,0.1299999999999999,1.47,4,0,0,3,-4.0,2.0,False,False,True,False,False,False,True,False,-4.0,0,2.0,746.4,-0.358980361,0.250265815,1.99999965,3.9999993,Ru1|Sn1|Ti2,False
Ti2RhAl,4,9,3.0,0.0,20.0,-5,1.0,6.0,1.54,2.28,1.61,0.0,1.7425,-0.7399999999999998,-0.07000000000000006,22,45,13.0,0.0,1.47,1.34,1.43,0.0,1.4133333333333333,0.1299999999999999,0.1299999999999999,0.040000000000000036,4,0,0,3,-4.0,2.0,False,False,True,False,True,False,False,False,-4.0,0,1.0,694.3,-0.567996515,0.105544043,2.0000193,2.0000193,Al1|Rh1|Ti2,False
Ti2RhIn,4,9,3.0,0.0,20.0,-5,1.0,6.0,1.54,2.28,1.78,0.0,1.785,-0.7399999999999998,-0.24,22,45,49.0,0.0,1.47,1.34,1.67,0.0,1.4933333333333334,0.32999999999999985,0.1299999999999999,-0.19999999999999996,4,0,0,3,-4.0,2.0,False,False,True,False,True,False,False,False,-4.0,0,2.0,712.4,-0.36513884,0.158163959,2.000161,4.000322,In1|Rh1|Ti2,False
Ti2RhSn,4,9,4.0,0.0,21.0,-5,0.0,5.0,1.54,2.28,1.96,0.0,1.8299999999999998,-0.7399999999999998,-0.41999999999999993,22,45,50.0,0.0,1.47,1.34,0.0,0.0,0.9366666666666666,1.47,0.1299999999999999,1.47,4,0,0,3,-3.0,3.0,False,False,True,False,True,False,False,False,-3.0,0,2.0,1132.9,-0.451015942,0.163093658,3.0000157,6.0000314,Rh1|Sn1|Ti2,True
Ti2PdAl,4,10,3.0,0.0,21.0,-6,1.0,7.0,1.54,2.2,1.61,0.0,1.7225000000000001,-0.6600000000000001,-0.07000000000000006,22,46,13.0,0.0,1.47,1.37,1.43,0.0,1.4233333333333331,0.09999999999999987,0.09999999999999987,0.040000000000000036,4,0,0,3,-3.0,3.0,False,False,True,False,True,False,False,False,-3.0,0,2.0,1258.8,-0.43989258,0.127790826,3.00000055,6.0000011,Al1|Pd1|Ti2,False
Ti2PdIn,4,10,3.0,0.0,21.0,-6,1.0,7.0,1.54,2.2,1.78,0.0,1.7650000000000001,-0.6600000000000001,-0.24,22,46,49.0,0.0,1.47,1.37,1.67,0.0,1.5033333333333332,0.2999999999999998,0.09999999999999987,-0.19999999999999996,4,0,0,3,-3.0,3.0,False,False,True,False,True,False,False,False,-3.0,0,1.0,1268.2,-0.301083053,0.104865026,3.0000372,3.0000372,In1|Pd1|Ti2,False
Ti2PdTl,4,10,3.0,0.0,21.0,-6,1.0,7.0,1.54,2.2,1.62,0.0,1.725,-0.6600000000000001,-0.08000000000000007,22,46,81.0,0.0,1.47,1.37,1.7,0.0,1.5133333333333334,0.32999999999999985,0.09999999999999987,-0.22999999999999998,4,0,0,3,-3.0,3.0,False,False,True,False,False,False,True,False,-3.0,0,2.0,842.5,-0.126978064,0.240460003,2.8549103,5.7098206,Pd1|Ti2|Tl1,False
Ti2PdPb,4,10,4.0,0.0,22.0,-6,0.0,6.0,1.54,2.2,2.33,0.0,1.9025,-0.6600000000000001,-0.79,22,46,82.0,0.0,1.47,1.37,1.75,0.0,1.53,0.3799999999999999,0.09999999999999987,-0.28,4,0,0,3,-2.0,4.0,False,False,True,False,False,False,True,False,-2.0,0,2.0,384.8,-0.162328496,0.205109571,2.01415415,4.0283083,Pb1|Pd1|Ti2,False
Ti2OsSi,4,8,4.0,0.0,20.0,-4,0.0,4.0,1.54,2.2,1.9,0.0,1.795,-0.6600000000000001,-0.3599999999999999,22,76,14.0,0.0,1.47,1.35,1.11,0.0,1.3100000000000003,0.3599999999999999,0.11999999999999988,0.3599999999999999,4,0,0,3,-4.0,2.0,False,False,True,False,True,False,False,False,-4.0,0,1.0,611.6,-0.513238594,0.266571179,1.9971367,1.9971367,Os1|Si1|Ti2,False
Ti2IrAl,4,9,3.0,0.0,20.0,-5,1.0,6.0,1.54,2.2,1.61,0.0,1.7225000000000001,-0.6600000000000001,-0.07000000000000006,22,77,13.0,0.0,1.47,1.35,1.43,0.0,1.4166666666666667,0.11999999999999988,0.11999999999999988,0.040000000000000036,4,0,0,3,-4.0,2.0,False,False,True,False,True,False,False,False,-4.0,0,1.0,689.4,-0.668242157,0.053036716,2.0000041,2.0000041,Al1|Ir1|Ti2,False
Ti2IrGa,4,9,3.0,0.0,20.0,-5,1.0,6.0,1.54,2.2,1.81,0.0,1.7725,-0.6600000000000001,-0.27,22,77,31.0,0.0,1.47,1.35,1.35,0.0,1.39,0.11999999999999988,0.11999999999999988,0.11999999999999988,4,0,0,3,-4.0,2.0,False,False,True,False,True,False,False,False,-4.0,0,1.0,726.3,-0.598866942,0.104530899,2.0000005,2.0000005,Ga1|Ir1|Ti2,False
Ti2IrIn,4,9,3.0,0.0,20.0,-5,1.0,6.0,1.54,2.2,1.78,0.0,1.7650000000000001,-0.6600000000000001,-0.24,22,77,49.0,0.0,1.47,1.35,1.67,0.0,1.4966666666666668,0.31999999999999984,0.11999999999999988,-0.19999999999999996,4,0,0,3,-4.0,2.0,False,False,True,False,True,False,False,False,-4.0,0,2.0,675.3,-0.391538038,0.186479194,2.0,4.0,In1|Ir1|Ti2,False
Ti2PtAl,4,10,3.0,0.0,21.0,-6,1.0,7.0,1.54,2.28,1.61,0.0,1.7425,-0.7399999999999998,-0.07000000000000006,22,78,13.0,0.0,1.47,1.39,1.43,0.0,1.43,0.08000000000000007,0.08000000000000007,0.040000000000000036,4,0,0,3,-3.0,3.0,False,False,True,False,True,False,False,False,-3.0,0,1.0,1146.2,-0.65109101,0.126491591,2.9999992,2.9999992,Al1|Pt1|Ti2,False
Ti2PtIn,4,10,3.0,0.0,21.0,-6,1.0,7.0,1.54,2.28,1.78,0.0,1.785,-0.7399999999999998,-0.24,22,78,49.0,0.0,1.47,1.39,1.67,0.0,1.5099999999999998,0.28,0.08000000000000007,-0.19999999999999996,4,0,0,3,-3.0,3.0,False,False,True,False,True,False,False,False,-3.0,0,2.0,1189.1,-0.432541766,0.175862098,3.0,6.0,In1|Pt1|Ti2,False
Ti2AuIn,4,11,3.0,0.0,22.0,-7,1.0,8.0,1.54,2.54,1.78,0.0,1.85,-1.0,-0.24,22,79,49.0,0.0,1.47,1.44,1.67,0.0,1.5266666666666666,0.22999999999999998,0.030000000000000027,-0.19999999999999996,4,0,0,3,-2.0,4.0,False,False,True,False,False,False,True,False,-2.0,0,2.0,329.4,-0.203110974,0.137848045,1.91937975,3.8387595,Au1|In1|Ti2,False
Ti2AuTl,4,11,3.0,0.0,22.0,-7,1.0,8.0,1.54,2.54,1.62,0.0,1.81,-1.0,-0.08000000000000007,22,79,81.0,0.0,1.47,1.44,1.7,0.0,1.5366666666666668,0.26,0.030000000000000027,-0.22999999999999998,4,0,0,3,-2.0,4.0,False,False,True,False,False,False,True,False,-2.0,0,2.0,362.5,-0.046494193,0.269912618,1.9114098,3.8228196,Au1|Ti2|Tl1,False
V2CoGa,5,9,3.0,0.0,22.0,-4,2.0,6.0,1.63,1.88,1.81,0.0,1.7374999999999998,-0.25,-0.18000000000000016,23,27,31.0,0.0,1.34,1.25,1.35,0.0,1.3133333333333332,0.10000000000000009,0.09000000000000008,-0.010000000000000009,4,1,0,3,-2.0,4.0,False,False,True,False,False,False,True,False,-2.0,0,2.0,532.9,-0.120948824,0.125506215,1.9721373,3.9442746,Co1|Ga1|V2,False
V2MoAl,5,6,3.0,0.0,19.0,-1,2.0,3.0,1.63,2.16,1.61,0.0,1.7575,-0.5300000000000002,0.019999999999999796,23,42,13.0,0.0,1.34,1.39,1.43,0.0,1.3866666666666667,0.08999999999999986,-0.04999999999999982,-0.08999999999999986,4,0,0,3,-5.0,1.0,False,False,True,False,True,False,False,False,-5.0,0,1.0,429.4,-0.069054877,0.131283148,1.0694593,1.0694593,Al1|Mo1|V2,False
V2RuSn,5,8,4.0,0.0,22.0,-3,1.0,4.0,1.63,2.2,1.96,0.0,1.855,-0.5700000000000003,-0.33000000000000007,23,44,50.0,0.0,1.34,1.34,0.0,0.0,0.8933333333333334,1.34,0.0,1.34,4,0,0,3,-2.0,4.0,False,False,True,False,False,False,True,False,-2.0,0,2.0,456.9,-0.07477344,0.200208322,1.81085465,3.6217093,Ru1|Sn1|V2,False
V2RhAl,5,9,3.0,0.0,22.0,-4,2.0,6.0,1.63,2.28,1.61,0.0,1.7874999999999999,-0.6499999999999999,0.019999999999999796,23,45,13.0,0.0,1.34,1.34,1.43,0.0,1.37,0.08999999999999986,0.0,-0.08999999999999986,4,0,0,3,-2.0,4.0,False,False,True,False,True,False,False,False,-2.0,0,2.0,560.6,-0.389481559,0.159120304,1.9536129,3.9072258,Al1|Rh1|V2,False
V2RhSi,5,9,4.0,0.0,23.0,-4,1.0,5.0,1.63,2.28,1.9,0.0,1.8599999999999999,-0.6499999999999999,-0.27,23,45,14.0,0.0,1.34,1.34,1.11,0.0,1.2633333333333334,0.22999999999999998,0.0,0.22999999999999998,4,0,0,3,-1.0,5.0,False,False,True,False,False,False,True,False,-1.0,0,2.0,338.2,-0.419734961,0.137477925,0.95986935,1.9197387,Rh1|Si1|V2,False
V2RhGa,5,9,3.0,0.0,22.0,-4,2.0,6.0,1.63,2.28,1.81,0.0,1.8375,-0.6499999999999999,-0.18000000000000016,23,45,31.0,0.0,1.34,1.34,1.35,0.0,1.3433333333333335,0.010000000000000009,0.0,-0.010000000000000009,4,0,0,3,-2.0,4.0,False,False,True,False,True,False,False,False,-2.0,0,2.0,506.0,-0.30754313,0.09970686,1.85868235,3.7173647,Ga1|Rh1|V2,False
V2PdSb,5,10,5.0,0.0,25.0,-5,0.0,5.0,1.63,2.2,2.05,0.0,1.8775,-0.5700000000000003,-0.41999999999999993,23,46,51.0,0.0,1.34,1.37,1.59,0.0,1.4333333333333333,0.25,-0.030000000000000027,-0.25,4,0,0,3,1.0,7.0,False,False,True,False,False,False,True,False,1.0,0,2.0,381.9,-0.074608388,0.217662316,0.44392215,0.8878443,Pd1|Sb1|V2,True
V2ReAl,5,7,3.0,0.0,20.0,-2,2.0,4.0,1.63,1.9,1.61,0.0,1.6925000000000001,-0.27,0.019999999999999796,23,75,13.0,0.0,1.34,1.37,1.43,0.0,1.38,0.08999999999999986,-0.030000000000000027,-0.08999999999999986,4,0,0,3,-4.0,2.0,False,False,True,False,True,False,False,False,-4.0,0,2.0,621.8,-0.209792265,0.114037627,1.90303885,3.8060777,Al1|Re1|V2,True
V2ReGa,5,7,3.0,0.0,20.0,-2,2.0,4.0,1.63,1.9,1.81,0.0,1.7425000000000002,-0.27,-0.18000000000000016,23,75,31.0,0.0,1.34,1.37,1.35,0.0,1.3533333333333335,0.030000000000000027,-0.030000000000000027,-0.010000000000000009,4,0,0,3,-4.0,2.0,False,False,True,False,True,False,False,False,-4.0,0,2.0,627.3,-0.115015369,0.186326561,1.86455775,3.7291155,Ga1|Re1|V2,False
V2IrAl,5,9,3.0,0.0,22.0,-4,2.0,6.0,1.63,2.2,1.61,0.0,1.7675,-0.5700000000000003,0.019999999999999796,23,77,13.0,0.0,1.34,1.35,1.43,0.0,1.3733333333333333,0.08999999999999986,-0.010000000000000009,-0.08999999999999986,4,0,0,3,-2.0,4.0,False,False,True,False,True,False,False,False,-2.0,0,1.0,357.2,-0.480377615,0.085189264,1.9192321,1.9192321,Al1|Ir1|V2,False
V2IrGa,5,9,3.0,0.0,22.0,-4,2.0,6.0,1.63,2.2,1.81,0.0,1.8175,-0.5700000000000003,-0.18000000000000016,23,77,31.0,0.0,1.34,1.35,1.35,0.0,1.346666666666667,0.010000000000000009,-0.010000000000000009,-0.010000000000000009,4,0,0,3,-2.0,4.0,False,False,True,False,True,False,False,False,-2.0,0,2.0,332.5,-0.34807307,0.106307268,1.83999555,3.6799911,Ga1|Ir1|V2,False
V2PtAl,5,10,3.0,0.0,23.0,-5,2.0,7.0,1.63,2.28,1.61,0.0,1.7874999999999999,-0.6499999999999999,0.019999999999999796,23,78,13.0,0.0,1.34,1.39,1.43,0.0,1.3866666666666667,0.08999999999999986,-0.04999999999999982,-0.08999999999999986,4,0,0,3,-1.0,5.0,False,False,True,False,True,False,False,False,-1.0,0,1.0,492.1,-0.407715425,0.166075626,0.9937311,0.9937311,Al1|Pt1|V2,False
V2PtSb,5,10,5.0,0.0,25.0,-5,0.0,5.0,1.63,2.28,2.05,0.0,1.8974999999999997,-0.6499999999999999,-0.41999999999999993,23,78,51.0,0.0,1.34,1.39,1.59,0.0,1.4400000000000002,0.25,-0.04999999999999982,-0.25,4,0,0,3,1.0,7.0,False,False,True,False,False,False,True,False,1.0,0,2.0,442.7,-0.147266721,0.276782668,0.5543313,1.1086626,Pt1|Sb1|V2,True
Cr2RuP,6,8,5.0,0.0,25.0,-2,1.0,3.0,1.66,2.2,2.19,0.0,1.9274999999999998,-0.5400000000000003,-0.53,24,44,15.0,0.0,1.28,1.34,1.07,0.0,1.2300000000000002,0.27,-0.06000000000000005,0.20999999999999996,4,2,0,3,1.0,7.0,False,False,True,False,True,False,False,False,1.0,0,2.0,382.9,-0.129847143,0.264914099,1.07123335,2.1424667,Cr2|P1|Ru1,False
Cr2RhGe,6,9,4.0,0.0,25.0,-3,2.0,5.0,1.66,2.28,2.01,0.0,1.9024999999999999,-0.6199999999999999,-0.34999999999999987,24,45,32.0,0.0,1.28,1.34,1.22,0.0,1.28,0.1200000000000001,-0.06000000000000005,0.06000000000000005,4,2,0,3,1.0,7.0,False,False,True,False,False,False,True,False,1.0,0,2.0,1481.5,-0.139644125,0.138234615,0.4148429,0.8296858,Cr2|Ge1|Rh1,False
Cr2RhSn,6,9,4.0,0.0,25.0,-3,2.0,5.0,1.66,2.28,1.96,0.0,1.89,-0.6199999999999999,-0.30000000000000004,24,45,50.0,0.0,1.28,1.34,0.0,0.0,0.8733333333333334,1.34,-0.06000000000000005,1.28,4,2,0,3,1.0,7.0,False,False,True,False,False,False,True,False,1.0,0,2.0,1544.3,-0.037223489,0.226920616,0.1074463,0.2148926,Cr2|Rh1|Sn1,False
Cr2PdGa,6,10,3.0,0.0,25.0,-4,3.0,7.0,1.66,2.2,1.81,0.0,1.8325,-0.5400000000000003,-0.15000000000000013,24,46,31.0,0.0,1.28,1.37,1.35,0.0,1.3333333333333333,0.09000000000000008,-0.09000000000000008,-0.07000000000000006,4,2,0,3,1.0,7.0,False,False,True,False,False,False,True,False,1.0,0,2.0,1813.2,-0.10934852,0.220168592,0.0956912,0.1913824,Cr2|Ga1|Pd1,False
Cr2PdGe,6,10,4.0,0.0,26.0,-4,2.0,6.0,1.66,2.2,2.01,0.0,1.8824999999999998,-0.5400000000000003,-0.34999999999999987,24,46,32.0,0.0,1.28,1.37,1.22,0.0,1.29,0.15000000000000013,-0.09000000000000008,0.06000000000000005,4,2,0,3,2.0,8.0,False,False,True,False,False,False,True,False,2.0,0,2.0,1811.0,-0.07665463,0.192743084,0.03957145,0.0791429,Cr2|Ge1|Pd1,False
Cr2PdAs,6,10,5.0,0.0,27.0,-4,1.0,5.0,1.66,2.2,2.18,0.0,1.9249999999999998,-0.5400000000000003,-0.5200000000000002,24,46,33.0,0.0,1.28,1.37,1.19,0.0,1.28,0.18000000000000016,-0.09000000000000008,0.09000000000000008,4,2,0,3,3.0,9.0,False,False,True,False,False,False,True,False,3.0,0,2.0,1517.8,-0.026037464,0.167945064,0.2100142,0.4200284,As1|Cr2|Pd1,False
Cr2PdSn,6,10,4.0,0.0,26.0,-4,2.0,6.0,1.66,2.2,1.96,0.0,1.8699999999999999,-0.5400000000000003,-0.30000000000000004,24,46,50.0,0.0,1.28,1.37,0.0,0.0,0.8833333333333334,1.37,-0.09000000000000008,1.28,4,2,0,3,2.0,8.0,False,False,True,False,False,False,True,False,2.0,0,2.0,1758.9,-0.024288943,0.26501499,0.0836173,0.1672346,Cr2|Pd1|Sn1,False
Cr2ReAl,6,7,3.0,0.0,22.0,-1,3.0,4.0,1.66,1.9,1.61,0.0,1.7075,-0.24,0.04999999999999982,24,75,13.0,0.0,1.28,1.37,1.43,0.0,1.36,0.1499999999999999,-0.09000000000000008,-0.1499999999999999,4,2,0,3,-2.0,4.0,False,False,True,False,True,False,False,False,-2.0,0,2.0,395.8,-0.023713209,0.128031557,1.8401033,3.6802066,Al1|Cr2|Re1,False
Cr2IrAl,6,9,3.0,0.0,24.0,-3,3.0,6.0,1.66,2.2,1.61,0.0,1.7825,-0.5400000000000003,0.04999999999999982,24,77,13.0,0.0,1.28,1.35,1.43,0.0,1.3533333333333333,0.1499999999999999,-0.07000000000000006,-0.1499999999999999,4,2,0,3,0.0,6.0,False,False,True,False,True,False,False,False,0.0,0,2.0,1309.6,-0.284836444,0.188325934,0.0082821,0.0165642,Al1|Cr2|Ir1,False
Cr2IrSi,6,9,4.0,0.0,25.0,-3,2.0,5.0,1.66,2.2,1.9,0.0,1.855,-0.5400000000000003,-0.24,24,77,14.0,0.0,1.28,1.35,1.11,0.0,1.2466666666666668,0.24,-0.07000000000000006,0.16999999999999993,4,2,0,3,1.0,7.0,False,False,True,False,True,False,False,False,1.0,0,1.0,726.1,-0.27012641,0.143439789,1.0061218,1.0061218,Cr2|Ir1|Si1,False
Cr2IrGe,6,9,4.0,0.0,25.0,-3,2.0,5.0,1.66,2.2,2.01,0.0,1.8824999999999998,-0.5400000000000003,-0.34999999999999987,24,77,32.0,0.0,1.28,1.35,1.22,0.0,1.2833333333333332,0.13000000000000012,-0.07000000000000006,0.06000000000000005,4,2,0,3,1.0,7.0,False,False,True,False,False,False,True,False,1.0,0,2.0,1291.8,-0.104256471,0.106601024,0.2893441,0.5786882,Cr2|Ge1|Ir1,False
Cr2PtAl,6,10,3.0,0.0,25.0,-4,3.0,7.0,1.66,2.28,1.61,0.0,1.8025,-0.6199999999999999,0.04999999999999982,24,78,13.0,0.0,1.28,1.39,1.43,0.0,1.3666666666666665,0.1499999999999999,-0.10999999999999988,-0.1499999999999999,4,2,0,3,1.0,7.0,False,False,True,False,False,False,True,False,1.0,0,2.0,1700.6,-0.321538448,0.202619124,0.1477954,0.2955908,Al1|Cr2|Pt1,False
Cr2PtSi,6,10,4.0,0.0,26.0,-4,2.0,6.0,1.66,2.28,1.9,0.0,1.875,-0.6199999999999999,-0.24,24,78,14.0,0.0,1.28,1.39,1.11,0.0,1.26,0.2799999999999998,-0.10999999999999988,0.16999999999999993,4,2,0,3,2.0,8.0,False,False,True,False,False,False,True,False,2.0,0,2.0,1633.2,-0.273463763,0.178322669,0.0070261,0.0140522,Cr2|Pt1|Si1,True
Cr2PtGa,6,10,3.0,0.0,25.0,-4,3.0,7.0,1.66,2.28,1.81,0.0,1.8525,-0.6199999999999999,-0.15000000000000013,24,78,31.0,0.0,1.28,1.39,1.35,0.0,1.3399999999999999,0.10999999999999988,-0.10999999999999988,-0.07000000000000006,4,2,0,3,1.0,7.0,False,False,True,False,False,False,True,False,1.0,0,2.0,1733.7,-0.226437588,0.102252817,0.1114905,0.222981,Cr2|Ga1|Pt1,False
Cr2PtGe,6,10,4.0,0.0,26.0,-4,2.0,6.0,1.66,2.28,2.01,0.0,1.9024999999999999,-0.6199999999999999,-0.34999999999999987,24,78,32.0,0.0,1.28,1.39,1.22,0.0,1.2966666666666666,0.16999999999999993,-0.10999999999999988,0.06000000000000005,4,2,0,3,2.0,8.0,False,False,True,False,False,False,True,False,2.0,0,2.0,1726.6,-0.158456009,0.079455226,0.0485877,0.0971754,Cr2|Ge1|Pt1,False
Cr2PtIn,6,10,3.0,0.0,25.0,-4,3.0,7.0,1.66,2.28,1.78,0.0,1.845,-0.6199999999999999,-0.1200000000000001,24,78,49.0,0.0,1.28,1.39,1.67,0.0,1.4466666666666665,0.3899999999999999,-0.10999999999999988,-0.3899999999999999,4,2,0,3,1.0,7.0,False,False,True,False,False,False,True,False,1.0,0,2.0,1660.4,-0.050557872,0.209647601,0.00201805,0.0040361,Cr2|In1|Pt1,True
Cr2PtSn,6,10,4.0,0.0,26.0,-4,2.0,6.0,1.66,2.28,1.96,0.0,1.89,-0.6199999999999999,-0.30000000000000004,24,78,50.0,0.0,1.28,1.39,0.0,0.0,0.89,1.39,-0.10999999999999988,1.28,4,2,0,3,2.0,8.0,False,False,True,False,False,False,True,False,2.0,0,2.0,1754.0,-0.09966176,0.214791613,0.0415768,0.0831536,Cr2|Pt1|Sn1,False
Cr2PtSb,6,10,5.0,0.0,27.0,-4,1.0,5.0,1.66,2.28,2.05,0.0,1.9124999999999999,-0.6199999999999999,-0.3899999999999999,24,78,51.0,0.0,1.28,1.39,1.59,0.0,1.42,0.31000000000000005,-0.10999999999999988,-0.31000000000000005,4,2,0,3,3.0,9.0,False,False,True,False,False,False,True,False,3.0,0,2.0,1078.0,-0.01328626,0.212011254,0.1114154,0.2228308,Cr2|Pt1|Sb1,False
Cr2AuAl,6,11,3.0,0.0,26.0,-5,3.0,8.0,1.66,2.54,1.61,0.0,1.8675,-0.8800000000000001,0.04999999999999982,24,79,13.0,0.0,1.28,1.44,1.43,0.0,1.383333333333333,0.15999999999999992,-0.15999999999999992,-0.1499999999999999,4,2,0,3,2.0,8.0,False,False,True,False,False,False,True,False,2.0,0,2.0,1931.5,-0.039048229,0.158754169,0.0643941,0.1287882,Al1|Au1|Cr2,True
Mn2CrP,7,6,5.0,0.0,25.0,1,2.0,1.0,1.55,1.66,2.19,0.0,1.7374999999999998,-0.10999999999999988,-0.6399999999999999,25,24,15.0,0.0,1.27,1.28,1.07,0.0,1.2066666666666668,0.20999999999999996,-0.010000000000000009,0.19999999999999996,4,3,0,3,1.0,7.0,False,False,True,False,True,False,False,False,1.0,0,2.0,358.8,-0.330495593,0.117427626,1.0658459,2.1316918,Cr1|Mn2|P1,False
Mn2FeP,7,8,5.0,0.0,27.0,-1,2.0,3.0,1.55,1.83,2.19,0.0,1.7799999999999998,-0.28,-0.6399999999999999,25,26,15.0,0.0,1.27,1.26,1.07,0.0,1.2000000000000002,0.19999999999999996,0.010000000000000009,0.19999999999999996,4,3,0,3,3.0,9.0,False,False,True,False,True,False,False,False,3.0,0,2.0,357.3,-0.344343755,0.140241042,2.999985,5.99997,Fe1|Mn2|P1,False
Mn2FeGa,7,8,3.0,0.0,25.0,-1,4.0,5.0,1.55,1.83,1.81,0.0,1.685,-0.28,-0.26,25,26,31.0,0.0,1.27,1.26,1.35,0.0,1.2933333333333334,0.09000000000000008,0.010000000000000009,-0.08000000000000007,4,3,0,3,1.0,7.0,False,False,True,False,False,False,True,False,1.0,0,2.0,994.7,-0.17672739,0.0,0.73512575,1.4702515,Fe1|Ga1|Mn2,False
Mn2FeGe,7,8,4.0,0.0,26.0,-1,3.0,4.0,1.55,1.83,2.01,0.0,1.7349999999999999,-0.28,-0.45999999999999974,25,26,32.0,0.0,1.27,1.26,1.22,0.0,1.25,0.050000000000000044,0.010000000000000009,0.050000000000000044,4,3,0,3,2.0,8.0,False,False,True,False,True,False,False,False,2.0,0,1.0,505.7,-0.20535996,0.0,2.0049997,2.0049997,Fe1|Ge1|Mn2,False
Mn2CoP,7,9,5.0,0.0,28.0,-2,2.0,4.0,1.55,1.88,2.19,0.0,1.7925,-0.32999999999999985,-0.6399999999999999,25,27,15.0,0.0,1.27,1.25,1.07,0.0,1.1966666666666665,0.19999999999999996,0.020000000000000018,0.19999999999999996,4,3,0,3,4.0,10.0,False,False,True,False,True,False,False,False,4.0,0,2.0,750.0,-0.331486381,0.218205064,4.0,8.0,Co1|Mn2|P1,False
Mn2NiAl,7,10,3.0,0.0,27.0,-3,4.0,7.0,1.55,1.91,1.61,0.0,1.655,-0.3599999999999999,-0.06000000000000005,25,28,13.0,0.0,1.27,1.24,1.43,0.0,1.3133333333333332,0.18999999999999995,0.030000000000000027,-0.15999999999999992,4,3,0,3,3.0,9.0,False,False,True,False,False,False,True,False,3.0,0,2.0,974.6,-0.342169023,0.0,1.05502765,2.1100553,Al1|Mn2|Ni1,False
Mn2NiSi,7,10,4.0,0.0,28.0,-3,3.0,6.0,1.55,1.91,1.9,0.0,1.7275,-0.3599999999999999,-0.34999999999999987,25,28,14.0,0.0,1.27,1.24,1.11,0.0,1.2066666666666668,0.15999999999999992,0.030000000000000027,0.15999999999999992,4,3,0,3,4.0,10.0,False,False,True,False,False,False,True,False,4.0,0,2.0,769.0,-0.380797045,0.0,0.31260435,0.6252087,Mn2|Ni1|Si1,False
Mn2ZrGa,7,4,3.0,0.0,21.0,3,4.0,1.0,1.55,1.33,1.81,0.0,1.56,0.21999999999999997,-0.26,25,40,31.0,0.0,1.27,1.6,1.35,0.0,1.406666666666667,0.33000000000000007,-0.33000000000000007,-0.08000000000000007,4,2,0,3,-3.0,3.0,False,False,True,False,False,False,True,False,-3.0,0,2.0,782.8,-0.181234872,0.133761716,4.7629454,9.5258908,Ga1|Mn2|Zr1,False
Mn2ZrIn,7,4,3.0,0.0,21.0,3,4.0,1.0,1.55,1.33,1.78,0.0,1.5525,0.21999999999999997,-0.22999999999999998,25,40,49.0,0.0,1.27,1.6,1.67,0.0,1.5133333333333334,0.3999999999999999,-0.33000000000000007,-0.3999999999999999,4,2,0,3,-3.0,3.0,False,False,True,False,False,False,True,False,-3.0,0,2.0,829.3,-0.008562646,0.168189172,5.2293709,10.4587418,In1|Mn2|Zr1,True
Mn2ZrSn,7,4,4.0,0.0,22.0,3,3.0,0.0,1.55,1.33,1.96,0.0,1.5975,0.21999999999999997,-0.4099999999999999,25,40,50.0,0.0,1.27,1.6,0.0,0.0,0.9566666666666667,1.6,-0.33000000000000007,1.27,4,2,0,3,-2.0,4.0,False,False,True,False,False,False,True,False,-2.0,0,2.0,571.4,-0.083951349,0.214030417,5.4536003,10.9072006,Mn2|Sn1|Zr1,False
Mn2NbGa,7,5,3.0,0.0,22.0,2,4.0,2.0,1.55,1.6,1.81,0.0,1.6275,-0.050000000000000044,-0.26,25,41,31.0,0.0,1.27,1.46,1.35,0.0,1.36,0.18999999999999995,-0.18999999999999995,-0.08000000000000007,4,2,0,3,-2.0,4.0,False,False,True,False,False,False,True,False,-2.0,0,2.0,545.4,-0.131792384,0.045128942,3.0873673,6.1747346,Ga1|Mn2|Nb1,False
Mn2NbGe,7,5,4.0,0.0,23.0,2,3.0,1.0,1.55,1.6,2.01,0.0,1.6775,-0.050000000000000044,-0.45999999999999974,25,41,32.0,0.0,1.27,1.46,1.22,0.0,1.3166666666666667,0.24,-0.18999999999999995,0.050000000000000044,4,2,0,3,-1.0,5.0,False,False,True,False,False,False,True,False,-1.0,0,2.0,569.3,-0.145601921,0.140023402,1.1115923,2.2231846,Ge1|Mn2|Nb1,False
Mn2RuAl,7,8,3.0,0.0,25.0,-1,4.0,5.0,1.55,2.2,1.61,0.0,1.7275000000000003,-0.6500000000000001,-0.06000000000000005,25,44,13.0,0.0,1.27,1.34,1.43,0.0,1.3466666666666667,0.15999999999999992,-0.07000000000000006,-0.15999999999999992,4,2,0,3,1.0,7.0,False,False,True,False,True,False,False,False,1.0,0,2.0,650.8,-0.33434877,0.0,1.0091593,2.0183186,Al1|Mn2|Ru1,False
Mn2RuGa,7,8,3.0,0.0,25.0,-1,4.0,5.0,1.55,2.2,1.81,0.0,1.7775000000000003,-0.6500000000000001,-0.26,25,44,31.0,0.0,1.27,1.34,1.35,0.0,1.32,0.08000000000000007,-0.07000000000000006,-0.08000000000000007,4,2,0,3,1.0,7.0,False,False,True,False,False,False,True,False,1.0,0,2.0,1170.1,-0.249669954,0.0,0.2269129,0.4538258,Ga1|Mn2|Ru1,False
Mn2RuGe,7,8,4.0,0.0,26.0,-1,3.0,4.0,1.55,2.2,2.01,0.0,1.8275000000000001,-0.6500000000000001,-0.45999999999999974,25,44,32.0,0.0,1.27,1.34,1.22,0.0,1.2766666666666666,0.1200000000000001,-0.07000000000000006,0.050000000000000044,4,2,0,3,2.0,8.0,False,False,True,False,True,False,False,False,2.0,0,1.0,467.2,-0.244362011,0.0,2.0059801,2.0059801,Ge1|Mn2|Ru1,False
Mn2RuIn,7,8,3.0,0.0,25.0,-1,4.0,5.0,1.55,2.2,1.78,0.0,1.7700000000000002,-0.6500000000000001,-0.22999999999999998,25,44,49.0,0.0,1.27,1.34,1.67,0.0,1.4266666666666667,0.3999999999999999,-0.07000000000000006,-0.3999999999999999,4,2,0,3,1.0,7.0,False,False,True,False,False,False,True,False,1.0,0,2.0,1147.4,-0.002398019,0.051658165,0.1380385,0.276077,In1|Mn2|Ru1,False
Mn2RuSn,7,8,4.0,0.0,26.0,-1,3.0,4.0,1.55,2.2,1.96,0.0,1.8150000000000002,-0.6500000000000001,-0.4099999999999999,25,44,50.0,0.0,1.27,1.34,0.0,0.0,0.8700000000000001,1.34,-0.07000000000000006,1.27,4,2,0,3,2.0,8.0,False,False,True,False,False,False,True,False,2.0,0,2.0,850.1,-0.105894378,0.003946399,0.02445155,0.0489031,Mn2|Ru1|Sn1,False
Mn2RuSb,7,8,5.0,0.0,27.0,-1,2.0,3.0,1.55,2.2,2.05,0.0,1.8375000000000001,-0.6500000000000001,-0.4999999999999998,25,44,51.0,0.0,1.27,1.34,1.59,0.0,1.4000000000000001,0.32000000000000006,-0.07000000000000006,-0.32000000000000006,4,2,0,3,3.0,9.0,False,False,True,False,False,False,True,False,3.0,0,2.0,568.2,-0.071951121,0.034043331,0.2007842,0.4015684,Mn2|Ru1|Sb1,False
Mn2RhAl,7,9,3.0,0.0,26.0,-2,4.0,6.0,1.55,2.28,1.61,0.0,1.7475,-0.7299999999999998,-0.06000000000000005,25,45,13.0,0.0,1.27,1.34,1.43,0.0,1.3466666666666667,0.15999999999999992,-0.07000000000000006,-0.15999999999999992,4,2,0,3,2.0,8.0,False,False,True,False,False,False,True,False,2.0,0,2.0,1065.9,-0.476760721,0.071841141,0.2252932,0.4505864,Al1|Mn2|Rh1,False
Mn2RhGa,7,9,3.0,0.0,26.0,-2,4.0,6.0,1.55,2.28,1.81,0.0,1.7974999999999999,-0.7299999999999998,-0.26,25,45,31.0,0.0,1.27,1.34,1.35,0.0,1.32,0.08000000000000007,-0.07000000000000006,-0.08000000000000007,4,2,0,3,2.0,8.0,False,False,True,False,False,False,True,False,2.0,0,2.0,1102.0,-0.39503047,0.0,0.16417165,0.3283433,Ga1|Mn2|Rh1,False
Mn2RhGe,7,9,4.0,0.0,27.0,-2,3.0,5.0,1.55,2.28,2.01,0.0,1.8475,-0.7299999999999998,-0.45999999999999974,25,45,32.0,0.0,1.27,1.34,1.22,0.0,1.2766666666666666,0.1200000000000001,-0.07000000000000006,0.050000000000000044,4,2,0,3,3.0,9.0,False,False,True,False,False,False,True,False,3.0,0,2.0,693.0,-0.338564569,0.0,0.8194489,1.6388978,Ge1|Mn2|Rh1,False
Mn2RhIn,7,9,3.0,0.0,26.0,-2,4.0,6.0,1.55,2.28,1.78,0.0,1.79,-0.7299999999999998,-0.22999999999999998,25,45,49.0,0.0,1.27,1.34,1.67,0.0,1.4266666666666667,0.3999999999999999,-0.07000000000000006,-0.3999999999999999,4,2,0,3,2.0,8.0,False,False,True,False,False,False,True,False,2.0,0,2.0,996.1,-0.185588385,0.03090397,0.0128099,0.0256198,In1|Mn2|Rh1,False
Mn2RhSn,7,9,4.0,0.0,27.0,-2,3.0,5.0,1.55,2.28,1.96,0.0,1.835,-0.7299999999999998,-0.4099999999999999,25,45,50.0,0.0,1.27,1.34,0.0,0.0,0.8700000000000001,1.34,-0.07000000000000006,1.27,4,2,0,3,3.0,9.0,False,False,True,False,False,False,True,False,3.0,0,2.0,408.3,-0.238019216,0.037912272,0.7942576,1.5885152,Mn2|Rh1|Sn1,False
Mn2RhSb,7,9,5.0,0.0,28.0,-2,2.0,4.0,1.55,2.28,2.05,0.0,1.8575,-0.7299999999999998,-0.4999999999999998,25,45,51.0,0.0,1.27,1.34,1.59,0.0,1.4000000000000001,0.32000000000000006,-0.07000000000000006,-0.32000000000000006,4,2,0,3,4.0,10.0,False,False,True,False,False,False,True,False,4.0,0,2.0,884.3,-0.183238338,0.070963462,0.0141207,0.0282414,Mn2|Rh1|Sb1,False
Mn2PdAl,7,10,3.0,0.0,27.0,-3,4.0,7.0,1.55,2.2,1.61,0.0,1.7275000000000003,-0.6500000000000001,-0.06000000000000005,25,46,13.0,0.0,1.27,1.37,1.43,0.0,1.3566666666666667,0.15999999999999992,-0.10000000000000009,-0.15999999999999992,4,2,0,3,3.0,9.0,False,False,True,False,False,False,True,False,3.0,0,2.0,887.0,-0.384715144,0.071478364,0.95109025,1.9021805,Al1|Mn2|Pd1,False
Mn2PdIn,7,10,3.0,0.0,27.0,-3,4.0,7.0,1.55,2.2,1.78,0.0,1.7700000000000002,-0.6500000000000001,-0.22999999999999998,25,46,49.0,0.0,1.27,1.37,1.67,0.0,1.4366666666666668,0.3999999999999999,-0.10000000000000009,-0.3999999999999999,4,2,0,3,3.0,9.0,False,False,True,False,False,False,True,False,3.0,0,2.0,346.3,-0.148393686,0.112020807,0.28419945,0.5683989,In1|Mn2|Pd1,False
Mn2PdSn,7,10,4.0,0.0,28.0,-3,3.0,6.0,1.55,2.2,1.96,0.0,1.8150000000000002,-0.6500000000000001,-0.4099999999999999,25,46,50.0,0.0,1.27,1.37,0.0,0.0,0.88,1.37,-0.10000000000000009,1.27,4,2,0,3,4.0,10.0,False,False,True,False,False,False,True,False,4.0,0,2.0,743.1,-0.190913431,0.098390501,0.2425113,0.4850226,Mn2|Pd1|Sn1,False
Mn2AgAl,7,11,3.0,0.0,28.0,-4,4.0,8.0,1.55,1.93,1.61,0.0,1.6600000000000001,-0.3799999999999999,-0.06000000000000005,25,47,13.0,0.0,1.27,1.44,1.43,0.0,1.38,0.16999999999999993,-0.16999999999999993,-0.15999999999999992,4,2,0,3,4.0,10.0,False,False,True,False,True,False,False,False,4.0,0,1.0,1218.5,-0.018498415,0.170770954,0.331878,0.331878,Ag1|Al1|Mn2,False
Mn2HfAl,7,4,3.0,0.0,21.0,3,4.0,1.0,1.55,1.3,1.61,0.0,1.5025000000000002,0.25,-0.06000000000000005,25,72,13.0,0.0,1.27,1.59,1.43,0.0,1.43,0.32000000000000006,-0.32000000000000006,-0.15999999999999992,4,2,0,3,-3.0,3.0,False,False,True,False,False,False,True,False,-3.0,0,2.0,863.3,-0.198503706,0.120177907,4.52058765,9.0411753,Al1|Hf1|Mn2,False
Mn2HfGa,7,4,3.0,0.0,21.0,3,4.0,1.0,1.55,1.3,1.81,0.0,1.5525000000000002,0.25,-0.26,25,72,31.0,0.0,1.27,1.59,1.35,0.0,1.4033333333333335,0.32000000000000006,-0.32000000000000006,-0.08000000000000007,4,2,0,3,-3.0,3.0,False,False,True,False,False,False,True,False,-3.0,0,2.0,845.2,-0.197249078,0.087002173,4.57331275,9.1466255,Ga1|Hf1|Mn2,False
Mn2HfSb,7,4,5.0,0.0,23.0,3,2.0,-1.0,1.55,1.3,2.05,0.0,1.6125,0.25,-0.4999999999999998,25,72,51.0,0.0,1.27,1.59,1.59,0.0,1.4833333333333334,0.32000000000000006,-0.32000000000000006,-0.32000000000000006,4,2,0,3,-1.0,5.0,False,False,True,False,False,False,True,False,-1.0,0,2.0,859.3,-0.094587509,0.181150153,0.93130215,1.8626043,Hf1|Mn2|Sb1,False
Mn2TaGa,7,5,3.0,0.0,22.0,2,4.0,2.0,1.55,1.5,1.81,0.0,1.6025,0.050000000000000044,-0.26,25,73,31.0,0.0,1.27,1.46,1.35,0.0,1.36,0.18999999999999995,-0.18999999999999995,-0.08000000000000007,4,2,0,3,-2.0,4.0,False,False,True,False,False,False,True,False,-2.0,0,2.0,570.6,-0.14427714,0.067830996,3.07459505,6.1491901,Ga1|Mn2|Ta1,False
Mn2ReGe,7,7,4.0,0.0,25.0,0,3.0,3.0,1.55,1.9,2.01,0.0,1.7525,-0.34999999999999987,-0.45999999999999974,25,75,32.0,0.0,1.27,1.37,1.22,0.0,1.2866666666666668,0.15000000000000013,-0.10000000000000009,0.050000000000000044,4,2,0,3,1.0,7.0,False,False,True,False,False,False,True,False,1.0,0,2.0,681.2,-0.069251479,0.052388103,0.21714235,0.4342847,Ge1|Mn2|Re1,True
Mn2OsAl,7,8,3.0,0.0,25.0,-1,4.0,5.0,1.55,2.2,1.61,0.0,1.7275000000000003,-0.6500000000000001,-0.06000000000000005,25,76,13.0,0.0,1.27,1.35,1.43,0.0,1.3499999999999999,0.15999999999999992,-0.08000000000000007,-0.15999999999999992,4,2,0,3,1.0,7.0,False,False,True,False,False,False,True,False,1.0,0,2.0,412.3,-0.279536636,0.0,1.00805335,2.0161067,Al1|Mn2|Os1,False
Mn2OsGa,7,8,3.0,0.0,25.0,-1,4.0,5.0,1.55,2.2,1.81,0.0,1.7775000000000003,-0.6500000000000001,-0.26,25,76,31.0,0.0,1.27,1.35,1.35,0.0,1.3233333333333335,0.08000000000000007,-0.08000000000000007,-0.08000000000000007,4,2,0,3,1.0,7.0,False,False,True,False,False,False,True,False,1.0,0,2.0,960.9,-0.165235126,0.0,0.24123775,0.4824755,Ga1|Mn2|Os1,True
Mn2OsGe,7,8,4.0,0.0,26.0,-1,3.0,4.0,1.55,2.2,2.01,0.0,1.8275000000000001,-0.6500000000000001,-0.45999999999999974,25,76,32.0,0.0,1.27,1.35,1.22,0.0,1.28,0.13000000000000012,-0.08000000000000007,0.050000000000000044,4,2,0,3,2.0,8.0,False,False,True,False,False,False,True,False,2.0,0,2.0,705.9,-0.134722595,0.0,0.0337901,0.0675802,Ge1|Mn2|Os1,False
Mn2IrAl,7,9,3.0,0.0,26.0,-2,4.0,6.0,1.55,2.2,1.61,0.0,1.7275000000000003,-0.6500000000000001,-0.06000000000000005,25,77,13.0,0.0,1.27,1.35,1.43,0.0,1.3499999999999999,0.15999999999999992,-0.08000000000000007,-0.15999999999999992,4,2,0,3,2.0,8.0,False,False,True,False,False,False,True,False,2.0,0,2.0,947.3,-0.506829428,0.0,0.22309915,0.4461983,Al1|Ir1|Mn2,False
Mn2IrGa,7,9,3.0,0.0,26.0,-2,4.0,6.0,1.55,2.2,1.81,0.0,1.7775000000000003,-0.6500000000000001,-0.26,25,77,31.0,0.0,1.27,1.35,1.35,0.0,1.3233333333333335,0.08000000000000007,-0.08000000000000007,-0.08000000000000007,4,2,0,3,2.0,8.0,False,False,True,False,False,False,True,False,2.0,0,2.0,983.8,-0.385350985,0.0,0.1968727,0.3937454,Ga1|Ir1|Mn2,False
Mn2IrGe,7,9,4.0,0.0,27.0,-2,3.0,5.0,1.55,2.2,2.01,0.0,1.8275000000000001,-0.6500000000000001,-0.45999999999999974,25,77,32.0,0.0,1.27,1.35,1.22,0.0,1.28,0.13000000000000012,-0.08000000000000007,0.050000000000000044,4,2,0,3,3.0,9.0,False,False,True,False,False,False,True,False,3.0,0,2.0,638.2,-0.288670685,0.0,0.54884325,1.0976865,Ge1|Ir1|Mn2,False
Mn2IrIn,7,9,3.0,0.0,26.0,-2,4.0,6.0,1.55,2.2,1.78,0.0,1.7700000000000002,-0.6500000000000001,-0.22999999999999998,25,77,49.0,0.0,1.27,1.35,1.67,0.0,1.43,0.3999999999999999,-0.08000000000000007,-0.3999999999999999,4,2,0,3,2.0,8.0,False,False,True,False,False,False,True,False,2.0,0,2.0,887.6,-0.145790515,0.006084899,0.04828325,0.0965665,In1|Ir1|Mn2,True
Mn2IrSn,7,9,4.0,0.0,27.0,-2,3.0,5.0,1.55,2.2,1.96,0.0,1.8150000000000002,-0.6500000000000001,-0.4099999999999999,25,77,50.0,0.0,1.27,1.35,0.0,0.0,0.8733333333333334,1.35,-0.08000000000000007,1.27,4,2,0,3,3.0,9.0,False,False,True,False,False,False,True,False,3.0,0,2.0,447.3,-0.176505724,0.025478881,0.5386903,1.0773806,Ir1|Mn2|Sn1,False
Mn2PtAl,7,10,3.0,0.0,27.0,-3,4.0,7.0,1.55,2.28,1.61,0.0,1.7475,-0.7299999999999998,-0.06000000000000005,25,78,13.0,0.0,1.27,1.39,1.43,0.0,1.3633333333333333,0.15999999999999992,-0.11999999999999988,-0.15999999999999992,4,2,0,3,3.0,9.0,False,False,True,False,False,False,True,False,3.0,0,2.0,828.8,-0.539220829,0.0,0.85407725,1.7081545,Al1|Mn2|Pt1,False
Mn2PtGa,7,10,3.0,0.0,27.0,-3,4.0,7.0,1.55,2.28,1.81,0.0,1.7974999999999999,-0.7299999999999998,-0.26,25,78,31.0,0.0,1.27,1.39,1.35,0.0,1.3366666666666667,0.11999999999999988,-0.11999999999999988,-0.08000000000000007,4,2,0,3,3.0,9.0,False,False,True,False,False,False,True,False,3.0,0,2.0,705.7,-0.414888624,0.0,0.8755445,1.751089,Ga1|Mn2|Pt1,True
Mn2PtSn,7,10,4.0,0.0,28.0,-3,3.0,6.0,1.55,2.28,1.96,0.0,1.835,-0.7299999999999998,-0.4099999999999999,25,78,50.0,0.0,1.27,1.39,0.0,0.0,0.8866666666666667,1.39,-0.11999999999999988,1.27,4,2,0,3,4.0,10.0,False,False,True,False,False,False,True,False,4.0,0,2.0,724.4,-0.226228534,0.088224839,0.0388161,0.0776322,Mn2|Pt1|Sn1,False
Mn2PtSb,7,10,5.0,0.0,29.0,-3,2.0,5.0,1.55,2.28,2.05,0.0,1.8575,-0.7299999999999998,-0.4999999999999998,25,78,51.0,0.0,1.27,1.39,1.59,0.0,1.4166666666666667,0.32000000000000006,-0.11999999999999988,-0.32000000000000006,4,2,0,3,5.0,11.0,False,False,True,False,False,False,True,False,5.0,0,2.0,385.3,-0.114398038,0.166252517,7.0845741,14.1691482,Mn2|Pt1|Sb1,False
Mn2AuIn,7,11,3.0,0.0,28.0,-4,4.0,8.0,1.55,2.54,1.78,0.0,1.8550000000000002,-0.99,-0.22999999999999998,25,79,49.0,0.0,1.27,1.44,1.67,0.0,1.46,0.3999999999999999,-0.16999999999999993,-0.3999999999999999,4,2,0,3,4.0,10.0,False,False,True,False,False,False,True,False,4.0,0,2.0,781.6,-0.000972162,0.116606103,0.0339129,0.0678258,Au1|In1|Mn2,False
Fe2MnP,8,7,5.0,0.0,28.0,1,3.0,2.0,1.83,1.55,2.19,0.0,1.85,0.28,-0.3599999999999999,26,25,15.0,0.0,1.26,1.27,1.07,0.0,1.2000000000000002,0.19999999999999996,-0.010000000000000009,0.18999999999999995,4,3,0,3,4.0,10.0,False,False,True,False,True,False,False,False,4.0,0,2.0,716.4,-0.235877153,0.248707644,3.8995773,7.7991546,Fe2|Mn1|P1,False
Fe2MnGe,8,7,4.0,0.0,27.0,1,4.0,3.0,1.83,1.55,2.01,0.0,1.805,0.28,-0.17999999999999972,26,25,32.0,0.0,1.26,1.27,1.22,0.0,1.25,0.050000000000000044,-0.010000000000000009,0.040000000000000036,4,3,0,3,3.0,9.0,False,False,True,False,False,False,True,False,3.0,0,2.0,935.3,-0.100549897,0.027353612,6.814133,13.628266,Fe2|Ge1|Mn1,False
Fe2CoP,8,9,5.0,0.0,30.0,-1,3.0,4.0,1.83,1.88,2.19,0.0,1.9325,-0.04999999999999982,-0.3599999999999999,26,27,15.0,0.0,1.26,1.25,1.07,0.0,1.1933333333333334,0.18999999999999995,0.010000000000000009,0.18999999999999995,4,3,0,3,6.0,12.0,False,False,True,False,True,False,False,False,6.0,0,1.0,1281.2,-0.204784572,0.277444434,5.7238241,5.7238241,Co1|Fe2|P1,False
Fe2CoAs,8,9,5.0,0.0,30.0,-1,3.0,4.0,1.83,1.88,2.18,0.0,1.9300000000000002,-0.04999999999999982,-0.3500000000000001,26,27,33.0,0.0,1.26,1.25,1.19,0.0,1.2333333333333332,0.07000000000000006,0.010000000000000009,0.07000000000000006,4,3,0,3,6.0,12.0,False,False,True,False,True,False,False,False,6.0,0,1.0,1232.6,-0.047784198,0.107795645,5.9087094,5.9087094,As1|Co1|Fe2,False
Fe2NiAl,8,10,3.0,0.0,29.0,-2,5.0,7.0,1.83,1.91,1.61,0.0,1.7950000000000002,-0.07999999999999985,0.21999999999999997,26,28,13.0,0.0,1.26,1.24,1.43,0.0,1.3099999999999998,0.18999999999999995,0.020000000000000018,-0.16999999999999993,4,3,0,3,5.0,11.0,False,False,True,False,False,False,True,False,5.0,0,2.0,999.9,-0.291949015,0.042774163,4.8078532,9.6157064,Al1|Fe2|Ni1,False
Fe2NbGa,8,5,3.0,0.0,24.0,3,5.0,2.0,1.83,1.6,1.81,0.0,1.7675,0.22999999999999998,0.020000000000000018,26,41,31.0,0.0,1.26,1.46,1.35,0.0,1.3566666666666667,0.19999999999999996,-0.19999999999999996,-0.09000000000000008,4,2,0,3,0.0,6.0,False,False,True,False,False,False,True,False,0.0,0,2.0,719.4,-0.064290063,0.199385509,4.01845785,8.0369157,Fe2|Ga1|Nb1,False
Fe2MoSi,8,6,4.0,0.0,26.0,2,4.0,2.0,1.83,2.16,1.9,0.0,1.9300000000000002,-0.33000000000000007,-0.06999999999999984,26,42,14.0,0.0,1.26,1.39,1.11,0.0,1.2533333333333332,0.2799999999999998,-0.1299999999999999,0.1499999999999999,4,2,0,3,2.0,8.0,False,False,True,False,True,False,False,False,2.0,0,1.0,381.5,-0.163072017,0.15708961,3.2134723,3.2134723,Fe2|Mo1|Si1,False
Fe2RuGa,8,8,3.0,0.0,27.0,0,5.0,5.0,1.83,2.2,1.81,0.0,1.9175,-0.3700000000000001,0.020000000000000018,26,44,31.0,0.0,1.26,1.34,1.35,0.0,1.3166666666666667,0.09000000000000008,-0.08000000000000007,-0.09000000000000008,4,2,0,3,3.0,9.0,False,False,True,False,True,False,False,False,3.0,0,2.0,713.3,-0.091228895,0.061545564,5.51655325,11.0331065,Fe2|Ga1|Ru1,False
Fe2RuGe,8,8,4.0,0.0,28.0,0,4.0,4.0,1.83,2.2,2.01,0.0,1.9675,-0.3700000000000001,-0.17999999999999972,26,44,32.0,0.0,1.26,1.34,1.22,0.0,1.2733333333333334,0.1200000000000001,-0.08000000000000007,0.040000000000000036,4,2,0,3,4.0,10.0,False,False,True,False,False,False,True,False,4.0,0,2.0,973.5,-0.104908495,0.04366653,4.9937004,9.9874008,Fe2|Ge1|Ru1,False
Fe2RhAl,8,9,3.0,0.0,28.0,-1,5.0,6.0,1.83,2.28,1.61,0.0,1.8875,-0.44999999999999973,0.21999999999999997,26,45,13.0,0.0,1.26,1.34,1.43,0.0,1.3433333333333335,0.16999999999999993,-0.08000000000000007,-0.16999999999999993,4,2,0,3,4.0,10.0,False,False,True,False,True,False,False,False,4.0,0,2.0,1063.4,-0.386598886,0.162002976,4.9206121,9.8412242,Al1|Fe2|Rh1,False
Fe2RhGe,8,9,4.0,0.0,29.0,-1,4.0,5.0,1.83,2.28,2.01,0.0,1.9874999999999998,-0.44999999999999973,-0.17999999999999972,26,45,32.0,0.0,1.26,1.34,1.22,0.0,1.2733333333333334,0.1200000000000001,-0.08000000000000007,0.040000000000000036,4,2,0,3,5.0,11.0,False,False,True,False,True,False,False,False,5.0,0,1.0,1014.4,-0.203507175,0.074371565,5.0321709,5.0321709,Fe2|Ge1|Rh1,True
Fe2RhAs,8,9,5.0,0.0,30.0,-1,3.0,4.0,1.83,2.28,2.18,0.0,2.03,-0.44999999999999973,-0.3500000000000001,26,45,33.0,0.0,1.26,1.34,1.19,0.0,1.2633333333333334,0.15000000000000013,-0.08000000000000007,0.07000000000000006,4,2,0,3,6.0,12.0,False,False,True,False,True,False,False,False,6.0,0,2.0,953.8,-0.052802049,0.194466382,5.7926479,11.5852958,As1|Fe2|Rh1,False
Fe2RhSn,8,9,4.0,0.0,29.0,-1,4.0,5.0,1.83,2.28,1.96,0.0,1.9749999999999999,-0.44999999999999973,-0.1299999999999999,26,45,50.0,0.0,1.26,1.34,0.0,0.0,0.8666666666666667,1.34,-0.08000000000000007,1.26,4,2,0,3,5.0,11.0,False,False,True,False,False,False,True,False,5.0,0,2.0,1057.8,-0.098414876,0.165729229,5.19527885,10.3905577,Fe2|Rh1|Sn1,False
Fe2RhSb,8,9,5.0,0.0,30.0,-1,3.0,4.0,1.83,2.28,2.05,0.0,1.9974999999999998,-0.44999999999999973,-0.21999999999999975,26,45,51.0,0.0,1.26,1.34,1.59,0.0,1.3966666666666667,0.33000000000000007,-0.08000000000000007,-0.33000000000000007,4,2,0,3,6.0,12.0,False,False,True,False,True,False,False,False,6.0,0,1.0,860.3,-0.039866981,0.214334818,5.4910053,5.4910053,Fe2|Rh1|Sb1,False
Fe2PdAl,8,10,3.0,0.0,29.0,-2,5.0,7.0,1.83,2.2,1.61,0.0,1.8675000000000002,-0.3700000000000001,0.21999999999999997,26,46,13.0,0.0,1.26,1.37,1.43,0.0,1.3533333333333333,0.16999999999999993,-0.1100000000000001,-0.16999999999999993,4,2,0,3,5.0,11.0,False,False,True,False,False,False,True,False,5.0,0,2.0,1032.3,-0.303964349,0.152229159,4.78698665,9.5739733,Al1|Fe2|Pd1,False
Fe2PdGa,8,10,3.0,0.0,29.0,-2,5.0,7.0,1.83,2.2,1.81,0.0,1.9175,-0.3700000000000001,0.020000000000000018,26,46,31.0,0.0,1.26,1.37,1.35,0.0,1.3266666666666667,0.1100000000000001,-0.1100000000000001,-0.09000000000000008,4,2,0,3,5.0,11.0,False,False,True,False,True,False,False,False,5.0,0,1.0,921.8,-0.180065052,0.149452059,5.0717246,5.0717246,Fe2|Ga1|Pd1,True
Fe2PdGe,8,10,4.0,0.0,30.0,-2,4.0,6.0,1.83,2.2,2.01,0.0,1.9675,-0.3700000000000001,-0.17999999999999972,26,46,32.0,0.0,1.26,1.37,1.22,0.0,1.2833333333333332,0.15000000000000013,-0.1100000000000001,0.040000000000000036,4,2,0,3,6.0,12.0,False,False,True,False,False,False,True,False,6.0,0,2.0,802.2,-0.08783144,0.17747966,5.17663775,10.3532755,Fe2|Ge1|Pd1,False
Fe2PdSn,8,10,4.0,0.0,30.0,-2,4.0,6.0,1.83,2.2,1.96,0.0,1.955,-0.3700000000000001,-0.1299999999999999,26,46,50.0,0.0,1.26,1.37,0.0,0.0,0.8766666666666666,1.37,-0.1100000000000001,1.26,4,2,0,3,6.0,12.0,False,False,True,False,True,False,False,False,6.0,0,1.0,856.6,-0.048801729,0.240502204,5.3048603,5.3048603,Fe2|Pd1|Sn1,False
Fe2OsAl,8,8,3.0,0.0,27.0,0,5.0,5.0,1.83,2.2,1.61,0.0,1.8675000000000002,-0.3700000000000001,0.21999999999999997,26,76,13.0,0.0,1.26,1.35,1.43,0.0,1.3466666666666667,0.16999999999999993,-0.09000000000000008,-0.16999999999999993,4,2,0,3,3.0,9.0,False,False,True,False,True,False,False,False,3.0,0,1.0,429.8,-0.132711874,0.077995787,4.3943149,4.3943149,Al1|Fe2|Os1,False
Fe2OsSi,8,8,4.0,0.0,28.0,0,4.0,4.0,1.83,2.2,1.9,0.0,1.94,-0.3700000000000001,-0.06999999999999984,26,76,14.0,0.0,1.26,1.35,1.11,0.0,1.2400000000000002,0.24,-0.09000000000000008,0.1499999999999999,4,2,0,3,4.0,10.0,False,False,True,False,True,False,False,False,4.0,0,1.0,820.1,-0.201827259,0.090769296,4.4041975,4.4041975,Fe2|Os1|Si1,False
Fe2IrAl,8,9,3.0,0.0,28.0,-1,5.0,6.0,1.83,2.2,1.61,0.0,1.8675000000000002,-0.3700000000000001,0.21999999999999997,26,77,13.0,0.0,1.26,1.35,1.43,0.0,1.3466666666666667,0.16999999999999993,-0.09000000000000008,-0.16999999999999993,4,2,0,3,4.0,10.0,False,False,True,False,True,False,False,False,4.0,0,1.0,1085.2,-0.379094238,0.09406814,5.0362443,5.0362443,Al1|Fe2|Ir1,False
Fe2IrSi,8,9,4.0,0.0,29.0,-1,4.0,5.0,1.83,2.2,1.9,0.0,1.94,-0.3700000000000001,-0.06999999999999984,26,77,14.0,0.0,1.26,1.35,1.11,0.0,1.2400000000000002,0.24,-0.09000000000000008,0.1499999999999999,4,2,0,3,5.0,11.0,False,False,True,False,True,False,False,False,5.0,0,1.0,1166.4,-0.343663195,0.028995888,4.9005054,4.9005054,Fe2|Ir1|Si1,False
Fe2IrGa,8,9,3.0,0.0,28.0,-1,5.0,6.0,1.83,2.2,1.81,0.0,1.9175,-0.3700000000000001,0.020000000000000018,26,77,31.0,0.0,1.26,1.35,1.35,0.0,1.32,0.09000000000000008,-0.09000000000000008,-0.09000000000000008,4,2,0,3,4.0,10.0,False,False,True,False,False,False,True,False,4.0,0,2.0,1005.3,-0.201417157,0.012768531,5.1955154,10.3910308,Fe2|Ga1|Ir1,False
Fe2IrGe,8,9,4.0,0.0,29.0,-1,4.0,5.0,1.83,2.2,2.01,0.0,1.9675,-0.3700000000000001,-0.17999999999999972,26,77,32.0,0.0,1.26,1.35,1.22,0.0,1.2766666666666666,0.13000000000000012,-0.09000000000000008,0.040000000000000036,4,2,0,3,5.0,11.0,False,False,True,False,True,False,False,False,5.0,0,1.0,1047.1,-0.120332227,0.048001726,4.9809096,4.9809096,Fe2|Ge1|Ir1,False
Fe2PtAl,8,10,3.0,0.0,29.0,-2,5.0,7.0,1.83,2.28,1.61,0.0,1.8875,-0.44999999999999973,0.21999999999999997,26,78,13.0,0.0,1.26,1.39,1.43,0.0,1.36,0.16999999999999993,-0.1299999999999999,-0.16999999999999993,4,2,0,3,5.0,11.0,False,False,True,False,True,False,False,False,5.0,0,1.0,1137.7,-0.428357558,0.095800014,5.0218881,5.0218881,Al1|Fe2|Pt1,True
Fe2PtGa,8,10,3.0,0.0,29.0,-2,5.0,7.0,1.83,2.28,1.81,0.0,1.9375,-0.44999999999999973,0.020000000000000018,26,78,31.0,0.0,1.26,1.39,1.35,0.0,1.3333333333333333,0.1299999999999999,-0.1299999999999999,-0.09000000000000008,4,2,0,3,5.0,11.0,False,False,True,False,False,False,True,False,5.0,0,2.0,996.7,-0.253847675,0.07484273,5.1740556,10.3481112,Fe2|Ga1|Pt1,True
Fe2PtIn,8,10,3.0,0.0,29.0,-2,5.0,7.0,1.83,2.28,1.78,0.0,1.93,-0.44999999999999973,0.050000000000000044,26,78,49.0,0.0,1.26,1.39,1.67,0.0,1.4400000000000002,0.4099999999999999,-0.1299999999999999,-0.4099999999999999,4,2,0,3,5.0,11.0,False,False,True,False,False,False,True,False,5.0,0,2.0,1010.9,-0.051249919,0.208955555,5.34911645,10.6982329,Fe2|In1|Pt1,False
Fe2PtSn,8,10,4.0,0.0,30.0,-2,4.0,6.0,1.83,2.28,1.96,0.0,1.9749999999999999,-0.44999999999999973,-0.1299999999999999,26,78,50.0,0.0,1.26,1.39,0.0,0.0,0.8833333333333333,1.39,-0.1299999999999999,1.26,4,2,0,3,6.0,12.0,False,False,True,False,False,False,True,False,6.0,0,2.0,949.2,-0.068754366,0.245699007,5.2080869,10.4161738,Fe2|Pt1|Sn1,False
Fe2AuAl,8,11,3.0,0.0,30.0,-3,5.0,8.0,1.83,2.54,1.61,0.0,1.9525000000000001,-0.71,0.21999999999999997,26,79,13.0,0.0,1.26,1.44,1.43,0.0,1.3766666666666667,0.17999999999999994,-0.17999999999999994,-0.16999999999999993,4,2,0,3,6.0,12.0,False,False,True,False,False,False,True,False,6.0,0,2.0,1030.2,-0.106965055,0.115218401,4.8653301,9.7306602,Al1|Au1|Fe2,False
Co2RuAl,9,8,3.0,0.0,29.0,1,6.0,5.0,1.88,2.2,1.61,0.0,1.8925,-0.3200000000000003,0.2699999999999998,27,44,13.0,0.0,1.25,1.34,1.43,0.0,1.3399999999999999,0.17999999999999994,-0.09000000000000008,-0.17999999999999994,4,2,0,3,5.0,11.0,False,False,True,False,True,False,False,False,5.0,0,2.0,997.2,-0.177600851,0.162226129,3.85921645,7.7184329,Al1|Co2|Ru1,True
Co2RuGa,9,8,3.0,0.0,29.0,1,6.0,5.0,1.88,2.2,1.81,0.0,1.9425,-0.3200000000000003,0.06999999999999984,27,44,31.0,0.0,1.25,1.34,1.35,0.0,1.3133333333333332,0.10000000000000009,-0.09000000000000008,-0.10000000000000009,4,2,0,3,5.0,11.0,False,False,True,False,True,False,False,False,5.0,0,2.0,956.1,-0.027424401,0.133795608,3.8512066,7.7024132,Co2|Ga1|Ru1,False
Co2RuGe,9,8,4.0,0.0,30.0,1,5.0,4.0,1.88,2.2,2.01,0.0,1.9925,-0.3200000000000003,-0.1299999999999999,27,44,32.0,0.0,1.25,1.34,1.22,0.0,1.2699999999999998,0.1200000000000001,-0.09000000000000008,0.030000000000000027,4,2,0,3,6.0,12.0,False,False,True,False,True,False,False,False,6.0,0,2.0,847.2,-0.023815736,0.129881521,3.20750295,6.4150059,Co2|Ge1|Ru1,False
Co2RhAl,9,9,3.0,0.0,30.0,0,6.0,6.0,1.88,2.28,1.61,0.0,1.9124999999999999,-0.3999999999999999,0.2699999999999998,27,45,13.0,0.0,1.25,1.34,1.43,0.0,1.3399999999999999,0.17999999999999994,-0.09000000000000008,-0.17999999999999994,4,2,0,3,6.0,12.0,False,False,True,False,False,False,True,False,6.0,0,2.0,944.5,-0.318146923,0.23890049,3.38616125,6.7723225,Al1|Co2|Rh1,False
Co2RhGa,9,9,3.0,0.0,30.0,0,6.0,6.0,1.88,2.28,1.81,0.0,1.9625,-0.3999999999999999,0.06999999999999984,27,45,31.0,0.0,1.25,1.34,1.35,0.0,1.3133333333333332,0.10000000000000009,-0.09000000000000008,-0.10000000000000009,4,2,0,3,6.0,12.0,False,False,True,False,False,False,True,False,6.0,0,2.0,903.2,-0.161388484,0.192181295,3.34653135,6.6930627,Co2|Ga1|Rh1,False
Co2RhSb,9,9,5.0,0.0,32.0,0,4.0,4.0,1.88,2.28,2.05,0.0,2.0225,-0.3999999999999999,-0.16999999999999993,27,45,51.0,0.0,1.25,1.34,1.59,0.0,1.3933333333333333,0.3400000000000001,-0.09000000000000008,-0.3400000000000001,4,2,0,3,8.0,14.0,False,False,True,False,False,False,True,False,8.0,0,2.0,538.0,-0.039930564,0.222716786,2.43263205,4.8652641,Co2|Rh1|Sb1,False
Co2PdAl,9,10,3.0,0.0,31.0,-1,6.0,7.0,1.88,2.2,1.61,0.0,1.8925,-0.3200000000000003,0.2699999999999998,27,46,13.0,0.0,1.25,1.37,1.43,0.0,1.3499999999999999,0.17999999999999994,-0.1200000000000001,-0.17999999999999994,4,2,0,3,7.0,13.0,False,False,True,False,False,False,True,False,7.0,0,2.0,845.5,-0.290746251,0.179828998,2.74439085,5.4887817,Al1|Co2|Pd1,True
Co2PdGa,9,10,3.0,0.0,31.0,-1,6.0,7.0,1.88,2.2,1.81,0.0,1.9425,-0.3200000000000003,0.06999999999999984,27,46,31.0,0.0,1.25,1.37,1.35,0.0,1.3233333333333335,0.1200000000000001,-0.1200000000000001,-0.10000000000000009,4,2,0,3,7.0,13.0,False,False,True,False,False,False,True,False,7.0,0,2.0,799.1,-0.153108199,0.184854463,2.7570747,5.5141494,Co2|Ga1|Pd1,False
Co2PdSn,9,10,4.0,0.0,32.0,-1,5.0,6.0,1.88,2.2,1.96,0.0,1.98,-0.3200000000000003,-0.08000000000000007,27,46,50.0,0.0,1.25,1.37,0.0,0.0,0.8733333333333334,1.37,-0.1200000000000001,1.25,4,2,0,3,8.0,14.0,False,False,True,False,False,False,True,False,8.0,0,2.0,612.4,-0.037405341,0.260344141,2.52800855,5.0560171,Co2|Pd1|Sn1,True
Co2IrAl,9,9,3.0,0.0,30.0,0,6.0,6.0,1.88,2.2,1.61,0.0,1.8925,-0.3200000000000003,0.2699999999999998,27,77,13.0,0.0,1.25,1.35,1.43,0.0,1.3433333333333335,0.17999999999999994,-0.10000000000000009,-0.17999999999999994,4,2,0,3,6.0,12.0,False,False,True,False,False,False,True,False,6.0,0,2.0,958.8,-0.296096193,0.185511735,3.3989606,6.7979212,Al1|Co2|Ir1,False
Co2PtAl,9,10,3.0,0.0,31.0,-1,6.0,7.0,1.88,2.28,1.61,0.0,1.9124999999999999,-0.3999999999999999,0.2699999999999998,27,78,13.0,0.0,1.25,1.39,1.43,0.0,1.3566666666666665,0.17999999999999994,-0.1399999999999999,-0.17999999999999994,4,2,0,3,7.0,13.0,False,False,True,False,False,False,True,False,7.0,0,2.0,836.0,-0.399613291,0.13298983,2.84179595,5.6835919,Al1|Co2|Pt1,False
Co2PtGa,9,10,3.0,0.0,31.0,-1,6.0,7.0,1.88,2.28,1.81,0.0,1.9625,-0.3999999999999999,0.06999999999999984,27,78,31.0,0.0,1.25,1.39,1.35,0.0,1.3299999999999998,0.1399999999999999,-0.1399999999999999,-0.10000000000000009,4,2,0,3,7.0,13.0,False,False,True,False,False,False,True,False,7.0,0,2.0,786.2,-0.218916755,0.1182192,2.89754615,5.7950923,Co2|Ga1|Pt1,False
Co2PtSn,9,10,4.0,0.0,32.0,-1,5.0,6.0,1.88,2.28,1.96,0.0,1.9999999999999998,-0.3999999999999999,-0.08000000000000007,27,78,50.0,0.0,1.25,1.39,0.0,0.0,0.8799999999999999,1.39,-0.1399999999999999,1.25,4,2,0,3,8.0,14.0,False,False,True,False,False,False,True,False,8.0,0,2.0,630.8,-0.072702526,0.250196397,2.4775528,4.9551056,Co2|Pt1|Sn1,False
Ni2CrGa,10,6,3.0,0.0,29.0,4,7.0,3.0,1.91,1.66,1.81,0.0,1.8224999999999998,0.25,0.09999999999999987,28,24,31.0,0.0,1.24,1.28,1.35,0.0,1.29,0.1100000000000001,-0.040000000000000036,-0.1100000000000001,4,3,0,3,5.0,11.0,False,False,True,False,False,False,True,False,5.0,0,2.0,326.5,-0.120381474,0.15012203,3.20398145,6.4079629,Cr1|Ga1|Ni2,False
Zr2CrAl,4,6,3.0,0.0,17.0,-2,1.0,3.0,1.33,1.66,1.61,0.0,1.4825000000000002,-0.32999999999999985,-0.28,40,24,13.0,0.0,1.6,1.28,1.43,0.0,1.4366666666666665,0.32000000000000006,0.32000000000000006,0.17000000000000015,4,1,0,3,-7.0,-1.0,False,False,True,False,False,False,True,False,-7.0,0,2.0,388.2,-0.050335469,0.234599733,2.3049508,4.6099016,Al1|Cr1|Zr2,False
Zr2MnAl,4,7,3.0,0.0,18.0,-3,1.0,4.0,1.33,1.55,1.61,0.0,1.455,-0.21999999999999997,-0.28,40,25,13.0,0.0,1.6,1.27,1.43,0.0,1.4333333333333333,0.33000000000000007,0.33000000000000007,0.17000000000000015,4,1,0,3,-6.0,0.0,False,False,True,False,False,False,True,False,-6.0,0,2.0,318.1,-0.177369924,0.161747614,2.2775994,4.5551988,Al1|Mn1|Zr2,False
Zr2MnIn,4,7,3.0,0.0,18.0,-3,1.0,4.0,1.33,1.55,1.78,0.0,1.4975,-0.21999999999999997,-0.44999999999999996,40,25,49.0,0.0,1.6,1.27,1.67,0.0,1.5133333333333334,0.3999999999999999,0.33000000000000007,-0.06999999999999984,4,1,0,3,-6.0,0.0,False,False,True,False,False,False,True,False,-6.0,0,2.0,356.3,-0.074477617,0.178226261,2.5170978,5.0341956,In1|Mn1|Zr2,False
Mo2VAl,6,5,3.0,0.0,20.0,1,3.0,2.0,2.16,1.63,1.61,0.0,1.8900000000000001,0.5300000000000002,0.55,42,23,13.0,0.0,1.39,1.34,1.43,0.0,1.3866666666666667,0.08999999999999986,0.04999999999999982,-0.040000000000000036,4,0,0,3,-4.0,2.0,False,False,True,False,False,False,True,False,-4.0,0,2.0,398.0,-0.072128219,0.168452215,1.3370621,2.6741242,Al1|Mo2|V1,True
Ru2CrGa,8,6,3.0,0.0,25.0,2,5.0,3.0,2.2,1.66,1.81,0.0,1.9675000000000002,0.5400000000000003,0.3900000000000001,44,24,31.0,0.0,1.34,1.28,1.35,0.0,1.3233333333333335,0.07000000000000006,0.06000000000000005,-0.010000000000000009,4,1,0,3,1.0,7.0,False,False,True,False,False,False,True,False,1.0,0,2.0,421.9,-0.022159561,0.16426607,1.28132965,2.5626593,Cr1|Ga1|Ru2,False
Ru2MnSi,8,7,4.0,0.0,27.0,1,4.0,3.0,2.2,1.55,1.9,0.0,1.9625,0.6500000000000001,0.30000000000000027,44,25,14.0,0.0,1.34,1.27,1.11,0.0,1.2400000000000002,0.22999999999999998,0.07000000000000006,0.22999999999999998,4,1,0,3,3.0,9.0,False,False,True,False,False,False,True,False,3.0,0,2.0,594.4,-0.173625832,0.29087255,2.26304315,4.5260863,Mn1|Ru2|Si1,False
Ru2MnGa,8,7,3.0,0.0,26.0,1,5.0,4.0,2.2,1.55,1.81,0.0,1.94,0.6500000000000001,0.3900000000000001,44,25,31.0,0.0,1.34,1.27,1.35,0.0,1.32,0.08000000000000007,0.07000000000000006,-0.010000000000000009,4,1,0,3,2.0,8.0,False,False,True,False,False,False,True,False,2.0,0,2.0,684.2,-0.107640134,0.146519814,2.4100038,4.8200076,Ga1|Mn1|Ru2,False
Rh2VSn,9,5,4.0,0.0,27.0,4,5.0,1.0,2.28,1.63,1.96,0.0,2.0374999999999996,0.6499999999999999,0.31999999999999984,45,23,50.0,0.0,1.34,1.34,0.0,0.0,0.8933333333333334,1.34,0.0,1.34,4,0,0,3,3.0,9.0,False,False,True,False,False,False,True,False,3.0,0,2.0,456.6,-0.276873901,0.183167789,1.51886505,3.0377301,Rh2|Sn1|V1,False
Rh2CrGa,9,6,3.0,0.0,27.0,3,6.0,3.0,2.28,1.66,1.81,0.0,2.0075,0.6199999999999999,0.46999999999999975,45,24,31.0,0.0,1.34,1.28,1.35,0.0,1.3233333333333335,0.07000000000000006,0.06000000000000005,-0.010000000000000009,4,1,0,3,3.0,9.0,False,False,True,False,False,False,True,False,3.0,0,2.0,742.0,-0.275974711,0.127301905,2.34940155,4.6988031,Cr1|Ga1|Rh2,False
Rh2CrIn,9,6,3.0,0.0,27.0,3,6.0,3.0,2.28,1.66,1.78,0.0,2.0,0.6199999999999999,0.4999999999999998,45,24,49.0,0.0,1.34,1.28,1.67,0.0,1.43,0.3899999999999999,0.06000000000000005,-0.32999999999999985,4,1,0,3,3.0,9.0,False,False,True,False,False,False,True,False,3.0,0,2.0,584.8,-0.080971022,0.176836647,2.53195965,5.0639193,Cr1|In1|Rh2,False
Rh2MnAl,9,7,3.0,0.0,28.0,2,6.0,4.0,2.28,1.55,1.61,0.0,1.93,0.7299999999999998,0.6699999999999997,45,25,13.0,0.0,1.34,1.27,1.43,0.0,1.3466666666666667,0.15999999999999992,0.07000000000000006,-0.08999999999999986,4,1,0,3,4.0,10.0,False,False,True,False,False,False,True,False,4.0,0,2.0,397.4,-0.499282745,0.193592413,3.2026693,6.4053386,Al1|Mn1|Rh2,True
Rh2MnGa,9,7,3.0,0.0,28.0,2,6.0,4.0,2.28,1.55,1.81,0.0,1.98,0.7299999999999998,0.46999999999999975,45,25,31.0,0.0,1.34,1.27,1.35,0.0,1.32,0.08000000000000007,0.07000000000000006,-0.010000000000000009,4,1,0,3,4.0,10.0,False,False,True,False,False,False,True,False,4.0,0,2.0,430.4,-0.363700516,0.173807943,3.28942765,6.5788553,Ga1|Mn1|Rh2,False
Rh2MnIn,9,7,3.0,0.0,28.0,2,6.0,4.0,2.28,1.55,1.78,0.0,1.9725,0.7299999999999998,0.4999999999999998,45,25,49.0,0.0,1.34,1.27,1.67,0.0,1.4266666666666667,0.3999999999999999,0.07000000000000006,-0.32999999999999985,4,1,0,3,4.0,10.0,False,False,True,False,False,False,True,False,4.0,0,2.0,393.3,-0.191075941,0.152149458,3.51726255,7.0345251,In1|Mn1|Rh2,False
Pd2CrAl,10,6,3.0,0.0,29.0,4,7.0,3.0,2.2,1.66,1.61,0.0,1.9175000000000002,0.5400000000000003,0.5900000000000001,46,24,13.0,0.0,1.37,1.28,1.43,0.0,1.36,0.1499999999999999,0.09000000000000008,-0.05999999999999983,4,1,0,3,5.0,11.0,False,False,True,False,False,False,True,False,5.0,0,2.0,313.5,-0.371334486,0.250069755,3.68443835,7.3688767,Al1|Cr1|Pd2,False
Pd2CrSn,10,6,4.0,0.0,30.0,4,6.0,2.0,2.2,1.66,1.96,0.0,2.005,0.5400000000000003,0.2400000000000002,46,24,50.0,0.0,1.37,1.28,0.0,0.0,0.8833333333333334,1.37,0.09000000000000008,1.37,4,1,0,3,6.0,12.0,False,False,True,False,False,False,True,False,6.0,0,2.0,376.5,-0.239157197,0.191799916,3.9402411,7.8804822,Cr1|Pd2|Sn1,False
Pd2CrBi,10,6,5.0,0.0,31.0,4,5.0,1.0,2.2,1.66,2.02,0.0,2.02,0.5400000000000003,0.18000000000000016,46,24,83.0,0.0,1.37,1.28,1.7,0.0,1.4500000000000002,0.41999999999999993,0.09000000000000008,-0.32999999999999985,4,1,0,3,7.0,13.0,False,False,True,False,False,False,True,False,7.0,0,2.0,305.8,-0.024557904,0.191726885,4.04936125,8.0987225,Bi1|Cr1|Pd2,False
Pd2FeAl,10,8,3.0,0.0,31.0,2,7.0,5.0,2.2,1.83,1.61,0.0,1.9600000000000002,0.3700000000000001,0.5900000000000001,46,26,13.0,0.0,1.37,1.26,1.43,0.0,1.3533333333333333,0.16999999999999993,0.1100000000000001,-0.05999999999999983,4,1,0,3,7.0,13.0,False,False,True,False,False,False,True,False,7.0,0,2.0,338.3,-0.397454998,0.223949244,3.0229906,6.0459812,Al1|Fe1|Pd2,False
Hf2CrGa,4,6,3.0,0.0,17.0,-2,1.0,3.0,1.3,1.66,1.81,0.0,1.5175,-0.3599999999999999,-0.51,72,24,31.0,0.0,1.59,1.28,1.35,0.0,1.406666666666667,0.31000000000000005,0.31000000000000005,0.24,4,1,0,3,-7.0,-1.0,False,False,True,False,False,False,True,False,-7.0,0,2.0,360.5,-0.058898885,0.266864848,1.9838743,3.9677486,Cr1|Ga1|Hf2,False
Hf2MnGa,4,7,3.0,0.0,18.0,-3,1.0,4.0,1.3,1.55,1.81,0.0,1.4900000000000002,-0.25,-0.51,72,25,31.0,0.0,1.59,1.27,1.35,0.0,1.4033333333333335,0.32000000000000006,0.32000000000000006,0.24,4,1,0,3,-6.0,0.0,False,False,True,False,False,False,True,False,-6.0,0,2.0,439.3,-0.19190257,0.188953633,2.28462615,4.5692523,Ga1|Hf2|Mn1,False
Hf2MnSn,4,7,4.0,0.0,19.0,-3,0.0,3.0,1.3,1.55,1.96,0.0,1.5275,-0.25,-0.6599999999999999,72,25,50.0,0.0,1.59,1.27,0.0,0.0,0.9533333333333335,1.59,0.32000000000000006,1.59,4,1,0,3,-5.0,1.0,False,False,True,False,False,False,True,False,-5.0,0,2.0,530.6,-0.129625011,0.230244444,2.85071,5.70142,Hf2|Mn1|Sn1,False
Re2CoAl,7,9,3.0,0.0,26.0,-2,4.0,6.0,1.9,1.88,1.61,0.0,1.8225,0.020000000000000018,0.2899999999999998,75,27,13.0,0.0,1.37,1.25,1.43,0.0,1.3499999999999999,0.17999999999999994,0.1200000000000001,-0.05999999999999983,4,1,0,3,2.0,8.0,False,False,True,False,True,False,False,False,2.0,0,2.0,509.8,-0.105993064,0.201084869,1.73095945,3.4619189,Al1|Co1|Re2,False
Pt2CrAl,10,6,3.0,0.0,29.0,4,7.0,3.0,2.28,1.66,1.61,0.0,1.9575,0.6199999999999999,0.6699999999999997,78,24,13.0,0.0,1.39,1.28,1.43,0.0,1.3666666666666665,0.1499999999999999,0.10999999999999988,-0.040000000000000036,4,1,0,3,5.0,11.0,False,False,True,False,False,False,True,False,5.0,0,2.0,322.6,-0.506640083,0.14074942,3.28208965,6.5641793,Al1|Cr1|Pt2,False
Pt2CoAl,10,9,3.0,0.0,32.0,1,7.0,6.0,2.28,1.88,1.61,0.0,2.0124999999999997,0.3999999999999999,0.6699999999999997,78,27,13.0,0.0,1.39,1.25,1.43,0.0,1.3566666666666665,0.17999999999999994,0.1399999999999999,-0.040000000000000036,4,1,0,3,8.0,14.0,False,False,True,False,False,False,True,False,8.0,0,2.0,360.5,-0.471359173,0.180253105,1.8933149,3.7866298,Al1|Co1|Pt2,False
Pt2CoGa,10,9,3.0,0.0,32.0,1,7.0,6.0,2.28,1.88,1.81,0.0,2.0625,0.3999999999999999,0.46999999999999975,78,27,31.0,0.0,1.39,1.25,1.35,0.0,1.3299999999999998,0.1399999999999999,0.1399999999999999,0.039999999999999813,4,1,0,3,8.0,14.0,False,False,True,False,False,False,True,False,8.0,0,2.0,308.0,-0.253815966,0.163385629,1.9085013,3.8170026,Co1|Ga1|Pt2,False
Au2CrAl,11,6,3.0,0.0,31.0,5,8.0,3.0,2.54,1.66,1.61,0.0,2.0875,0.8800000000000001,0.9299999999999999,79,24,13.0,0.0,1.44,1.28,1.43,0.0,1.383333333333333,0.15999999999999992,0.15999999999999992,0.010000000000000009,4,1,0,3,7.0,13.0,False,False,True,False,False,False,True,False,7.0,0,2.0,317.7,-0.115576723,0.128238823,4.04000735,8.0800147,Al1|Au2|Cr1,False
Co2CoAlAs,9,9,3.0,5.0,35.0,0,6.0,6.0,1.88,1.88,1.61,2.18,1.886,0.0,0.2699999999999998,27,27,13.0,33.0,1.25,1.25,1.43,1.19,1.2799999999999998,0.24,0.0,-0.17999999999999994,5,3,1,3,11.0,17.0,False,False,False,True,False,True,False,False,11.0,1,4.0,743.0,-0.17423,0.064259,0.404647,1.618587,Al1|As1|Co3,False
Co2CoAlGa,9,9,3.0,3.0,33.0,0,6.0,6.0,1.88,1.88,1.61,1.81,1.812,0.0,0.2699999999999998,27,27,13.0,31.0,1.25,1.25,1.43,1.35,1.3199999999999998,0.17999999999999994,0.0,-0.17999999999999994,5,3,1,3,9.0,15.0,False,False,False,True,False,True,False,False,9.0,1,4.0,740.0,-0.22037,0.165399,0.343483,1.373934,Al1|Co3|Ga1,False
Co2CoAlGe,9,9,3.0,4.0,34.0,0,6.0,6.0,1.88,1.88,1.61,2.01,1.8519999999999999,0.0,0.2699999999999998,27,27,13.0,32.0,1.25,1.25,1.43,1.22,1.2874999999999999,0.20999999999999996,0.0,-0.17999999999999994,5,3,1,3,10.0,16.0,False,False,False,True,False,True,False,False,10.0,1,4.0,1177.0,-0.10533,0.118926,0.731546,2.926186,Al1|Co3|Ge1,False
Co2CoAlIn,9,9,3.0,3.0,33.0,0,6.0,6.0,1.88,1.88,1.61,1.78,1.8059999999999998,0.0,0.2699999999999998,27,27,13.0,49.0,1.25,1.25,1.43,1.67,1.4,0.41999999999999993,0.0,-0.17999999999999994,5,3,1,3,9.0,15.0,False,False,False,True,False,True,False,False,9.0,1,4.0,924.0,-0.28105,0.107363,0.598007,2.392029,Al1|Co3|In1,False
Co2CoAlSb,9,9,3.0,5.0,35.0,0,6.0,6.0,1.88,1.88,1.61,2.05,1.86,0.0,0.2699999999999998,27,27,13.0,51.0,1.25,1.25,1.43,1.59,1.38,0.3400000000000001,0.0,-0.17999999999999994,5,3,1,3,11.0,17.0,False,False,False,True,False,False,False,True,11.0,1,4.0,761.0,-0.23181,0.148654,0.421894,1.687576,Al1|Co3|Sb1,True
Co2CoAlSi,9,9,3.0,4.0,34.0,0,6.0,6.0,1.88,1.88,1.61,1.9,1.83,0.0,0.2699999999999998,27,27,13.0,14.0,1.25,1.25,1.43,1.11,1.26,0.31999999999999984,0.0,-0.17999999999999994,5,3,1,3,10.0,16.0,False,False,False,True,False,False,False,True,10.0,1,4.0,948.0,-0.05471,0.138141,0.621387,2.485546,Al1|Co3|Si1,False
Co2CoGaAl,9,9,3.0,3.0,33.0,0,6.0,6.0,1.88,1.88,1.81,1.61,1.8119999999999998,0.0,0.06999999999999984,27,27,31.0,13.0,1.25,1.25,1.35,1.43,1.32,0.17999999999999994,0.0,-0.10000000000000009,5,3,1,3,9.0,15.0,False,False,False,True,False,True,False,False,9.0,1,4.0,892.0,-0.13963,0.105305,0.496084,1.984334,Al1|Co3|Ga1,False
Co2CoGaAs,9,9,3.0,5.0,35.0,0,6.0,6.0,1.88,1.88,1.81,2.18,1.9259999999999997,0.0,0.06999999999999984,27,27,31.0,33.0,1.25,1.25,1.35,1.19,1.26,0.16000000000000014,0.0,-0.10000000000000009,5,3,1,3,11.0,17.0,False,False,False,True,False,True,False,False,11.0,1,4.0,954.0,-0.20012,0.165661,0.588082,2.352327,As1|Co3|Ga1,False
Co2CoGaGe,9,9,3.0,4.0,34.0,0,6.0,6.0,1.88,1.88,1.81,2.01,1.892,0.0,0.06999999999999984,27,27,31.0,32.0,1.25,1.25,1.35,1.22,1.2675,0.13000000000000012,0.0,-0.10000000000000009,5,3,1,3,10.0,16.0,False,False,False,True,False,True,False,False,10.0,1,4.0,1080.0,-0.23644,0.182144,0.72491,2.899639,Co3|Ga1|Ge1,False
Co2CoGaIn,9,9,3.0,3.0,33.0,0,6.0,6.0,1.88,1.88,1.81,1.78,1.8459999999999996,0.0,0.06999999999999984,27,27,31.0,49.0,1.25,1.25,1.35,1.67,1.38,0.41999999999999993,0.0,-0.10000000000000009,5,3,1,3,9.0,15.0,False,False,False,True,False,False,False,True,9.0,1,4.0,1123.0,-0.00798,0.219579,0.715997,2.863989,Co3|Ga1|In1,False
Co2CoGaSb,9,9,3.0,5.0,35.0,0,6.0,6.0,1.88,1.88,1.81,2.05,1.9,0.0,0.06999999999999984,27,27,31.0,51.0,1.25,1.25,1.35,1.59,1.36,0.3400000000000001,0.0,-0.10000000000000009,5,3,1,3,11.0,17.0,False,False,False,True,False,True,False,False,11.0,1,4.0,1089.0,-0.23957,0.168468,0.771504,3.086016,Co3|Ga1|Sb1,False
Co2CoGaSi,9,9,3.0,4.0,34.0,0,6.0,6.0,1.88,1.88,1.81,1.9,1.8699999999999999,0.0,0.06999999999999984,27,27,31.0,14.0,1.25,1.25,1.35,1.11,1.24,0.24,0.0,-0.10000000000000009,5,3,1,3,10.0,16.0,False,False,False,True,False,False,False,True,10.0,1,4.0,897.0,-0.1534,0.070013,0.499103,1.99641,Co3|Ga1|Si1,False
Co2CoGeAl,9,9,4.0,3.0,34.0,0,5.0,5.0,1.88,1.88,2.01,1.61,1.8519999999999999,0.0,-0.1299999999999999,27,27,32.0,13.0,1.25,1.25,1.22,1.43,1.2874999999999999,0.20999999999999996,0.0,0.030000000000000027,5,3,1,3,10.0,16.0,False,False,False,True,False,True,False,False,10.0,1,4.0,760.0,-0.22107,0.034125,0.485457,1.941827,Al1|Co3|Ge1,False
Co2CoGeAs,9,9,4.0,5.0,36.0,0,5.0,5.0,1.88,1.88,2.01,2.18,1.966,0.0,-0.1299999999999999,27,27,32.0,33.0,1.25,1.25,1.22,1.19,1.2275,0.06000000000000005,0.0,0.030000000000000027,5,3,1,3,12.0,18.0,False,False,False,True,False,True,False,False,12.0,1,4.0,1119.0,-0.11083,0.034744,0.767839,3.071355,As1|Co3|Ge1,False
Co2CoGeGa,9,9,4.0,3.0,34.0,0,5.0,5.0,1.88,1.88,2.01,1.81,1.892,0.0,-0.1299999999999999,27,27,32.0,31.0,1.25,1.25,1.22,1.35,1.2675,0.13000000000000012,0.0,0.030000000000000027,5,3,1,3,10.0,16.0,False,False,False,True,False,True,False,False,10.0,1,4.0,1063.0,-0.24608,0.183721,0.675751,2.703004,Co3|Ga1|Ge1,False
Co2CoGeIn,9,9,4.0,3.0,34.0,0,5.0,5.0,1.88,1.88,2.01,1.78,1.886,0.0,-0.1299999999999999,27,27,32.0,49.0,1.25,1.25,1.22,1.67,1.3475,0.44999999999999996,0.0,0.030000000000000027,5,3,1,3,10.0,16.0,False,False,False,True,False,True,False,False,10.0,1,4.0,873.0,-0.085,0.05246,0.549786,2.199142,Co3|Ge1|In1,False
Co2CoGeSb,9,9,4.0,5.0,36.0,0,5.0,5.0,1.88,1.88,2.01,2.05,1.94,0.0,-0.1299999999999999,27,27,32.0,51.0,1.25,1.25,1.22,1.59,1.3275,0.3700000000000001,0.0,0.030000000000000027,5,3,1,3,12.0,18.0,False,False,False,True,False,False,False,True,12.0,1,4.0,964.0,-0.13021,0.259729,0.62981,2.519239,Co3|Ge1|Sb1,False
Co2CoGeSi,9,9,4.0,4.0,35.0,0,5.0,5.0,1.88,1.88,2.01,1.9,1.9099999999999997,0.0,-0.1299999999999999,27,27,32.0,14.0,1.25,1.25,1.22,1.11,1.2075,0.1399999999999999,0.0,0.030000000000000027,5,3,1,3,11.0,17.0,False,False,False,True,False,False,False,True,11.0,1,4.0,923.0,-0.29849,0.141631,0.617667,2.470668,Co3|Ge1|Si1,False
Co2CoInAl,9,9,3.0,3.0,33.0,0,6.0,6.0,1.88,1.88,1.78,1.61,1.8059999999999998,0.0,0.09999999999999987,27,27,49.0,13.0,1.25,1.25,1.67,1.43,1.4,0.41999999999999993,0.0,-0.41999999999999993,5,3,1,3,9.0,15.0,False,False,False,True,False,True,False,False,9.0,1,4.0,997.0,-0.19264,0.171966,0.668815,2.675258,Al1|Co3|In1,False
Co2CoInAs,9,9,3.0,5.0,35.0,0,6.0,6.0,1.88,1.88,1.78,2.18,1.92,0.0,0.09999999999999987,27,27,49.0,33.0,1.25,1.25,1.67,1.19,1.3399999999999999,0.48,0.0,-0.41999999999999993,5,3,1,3,11.0,17.0,False,False,False,True,False,True,False,False,11.0,1,4.0,874.0,-0.07824,0.181187,0.541858,2.167432,As1|Co3|In1,False
Co2CoInGa,9,9,3.0,3.0,33.0,0,6.0,6.0,1.88,1.88,1.78,1.81,1.846,0.0,0.09999999999999987,27,27,49.0,31.0,1.25,1.25,1.67,1.35,1.38,0.41999999999999993,0.0,-0.41999999999999993,5,3,1,3,9.0,15.0,False,False,False,True,False,False,False,True,9.0,1,4.0,815.0,-0.1136,0.084239,0.433096,1.732386,Co3|Ga1|In1,False
Co2CoInGe,9,9,3.0,4.0,34.0,0,6.0,6.0,1.88,1.88,1.78,2.01,1.886,0.0,0.09999999999999987,27,27,49.0,32.0,1.25,1.25,1.67,1.22,1.3475,0.44999999999999996,0.0,-0.41999999999999993,5,3,1,3,10.0,16.0,False,False,False,True,False,False,False,True,10.0,1,4.0,1111.0,-0.04489,0.129815,0.698877,2.795506,Co3|Ge1|In1,False
Co2CoInSb,9,9,3.0,5.0,35.0,0,6.0,6.0,1.88,1.88,1.78,2.05,1.8939999999999997,0.0,0.09999999999999987,27,27,49.0,51.0,1.25,1.25,1.67,1.59,1.44,0.41999999999999993,0.0,-0.41999999999999993,5,3,1,3,11.0,17.0,False,False,False,True,False,True,False,False,11.0,1,4.0,868.0,-0.19878,0.115826,0.467616,1.870463,Co3|In1|Sb1,False
Co2CoInSi,9,9,3.0,4.0,34.0,0,6.0,6.0,1.88,1.88,1.78,1.9,1.864,0.0,0.09999999999999987,27,27,49.0,14.0,1.25,1.25,1.67,1.11,1.32,0.5599999999999998,0.0,-0.41999999999999993,5,3,1,3,10.0,16.0,False,False,False,True,False,True,False,False,10.0,1,4.0,792.0,-0.25766,0.178597,0.410118,1.640471,Co3|In1|Si1,False
Co2CoSiAl,9,9,4.0,3.0,34.0,0,5.0,5.0,1.88,1.88,1.9,1.61,1.8299999999999996,0.0,-0.020000000000000018,27,27,14.0,13.0,1.25,1.25,1.11,1.43,1.26,0.31999999999999984,0.0,0.1399999999999999,5,3,1,3,10.0,16.0,False,False,False,True,False,False,False,True,10.0,1,4.0,1195.0,-0.19111,0.177492,0.753552,3.014208,Al1|Co3|Si1,False
Co2CoSiAs,9,9,4.0,5.0,36.0,0,5.0,5.0,1.88,1.88,1.9,2.18,1.9439999999999997,0.0,-0.020000000000000018,27,27,14.0,33.0,1.25,1.25,1.11,1.19,1.2000000000000002,0.1399999999999999,0.0,0.1399999999999999,5,3,1,3,12.0,18.0,False,False,False,True,False,True,False,False,12.0,1,4.0,738.0,-0.25943,0.135106,0.35904,1.436159,As1|Co3|Si1,True
Co2CoSiGa,9,9,4.0,3.0,34.0,0,5.0,5.0,1.88,1.88,1.9,1.81,1.8699999999999999,0.0,-0.020000000000000018,27,27,14.0,31.0,1.25,1.25,1.11,1.35,1.2400000000000002,0.24,0.0,0.1399999999999999,5,3,1,3,10.0,16.0,False,False,False,True,False,True,False,False,10.0,1,4.0,1075.0,0.00369,0.069712,0.745242,2.980967,Co3|Ga1|Si1,False
Co2CoSiGe,9,9,4.0,4.0,35.0,0,5.0,5.0,1.88,1.88,1.9,2.01,1.9099999999999997,0.0,-0.020000000000000018,27,27,14.0,32.0,1.25,1.25,1.11,1.22,1.2075,0.1399999999999999,0.0,0.1399999999999999,5,3,1,3,11.0,17.0,False,False,False,True,False,True,False,False,11.0,1,4.0,1015.0,-0.19894,0.124196,0.624101,2.496404,Co3|Ge1|Si1,False
Co2CoSiIn,9,9,4.0,3.0,34.0,0,5.0,5.0,1.88,1.88,1.9,1.78,1.8639999999999997,0.0,-0.020000000000000018,27,27,14.0,49.0,1.25,1.25,1.11,1.67,1.32,0.5599999999999998,0.0,0.1399999999999999,5,3,1,3,10.0,16.0,False,False,False,True,False,True,False,False,10.0,1,4.0,971.0,-0.18759,0.214566,0.64482,2.579282,Co3|In1|Si1,False
Co2CoSiSb,9,9,4.0,5.0,36.0,0,5.0,5.0,1.88,1.88,1.9,2.05,1.918,0.0,-0.020000000000000018,27,27,14.0,51.0,1.25,1.25,1.11,1.59,1.3,0.48,0.0,0.1399999999999999,5,3,1,3,12.0,18.0,False,False,False,True,False,True,False,False,12.0,1,4.0,702.0,-0.09897,0.108525,0.457122,1.828488,Co3|Sb1|Si1,False
Co2CrAlAs,9,6,3.0,5.0,32.0,3,6.0,3.0,1.88,1.66,1.61,2.18,1.842,0.21999999999999997,0.2699999999999998,27,24,13.0,33.0,1.25,1.28,1.43,1.19,1.2875,0.24,-0.030000000000000027,-0.17999999999999994,5,3,1,4,8.0,14.0,False,False,False,True,False,False,False,True,8.0,0,4.0,947.0,-0.3531,0.131022,0.620677,2.482709,Al1|As1|Co2|Cr1,True
Co2CrAlGa,9,6,3.0,3.0,30.0,3,6.0,3.0,1.88,1.66,1.61,1.81,1.768,0.21999999999999997,0.2699999999999998,27,24,13.0,31.0,1.25,1.28,1.43,1.35,1.3275000000000001,0.17999999999999994,-0.030000000000000027,-0.17999999999999994,5,3,1,4,6.0,12.0,False,False,False,True,False,True,False,False,6.0,0,4.0,802.0,-0.21974,0.090388,0.493897,1.975587,Al1|Co2|Cr1|Ga1,False
Co2CrAlGe,9,6,3.0,4.0,31.0,3,6.0,3.0,1.88,1.66,1.61,2.01,1.8079999999999998,0.21999999999999997,0.2699999999999998,27,24,13.0,32.0,1.25,1.28,1.43,1.22,1.295,0.20999999999999996,-0.030000000000000027,-0.17999999999999994,5,3,1,4,7.0,13.0,False,False,False,True,False,True,False,False,7.0,0,4.0,985.0,-0.15653,0.219815,0.619902,2.479609,Al1|Co2|Cr1|Ge1,False
Co2CrAlIn,9,6,3.0,3.0,30.0,3,6.0,3.0,1.88,1.66,1.61,1.78,1.762,0.21999999999999997,0.2699999999999998,27,24,13.0,49.0,1.25,1.28,1.43,1.67,1.4075,0.41999999999999993,-0.030000000000000027,-0.17999999999999994,5,3,1,4,6.0,12.0,False,False,False,True,False,False,False,True,6.0,0,4.0,723.0,-0.34235,0.156371,0.413892,1.655568,Al1|Co2|Cr1|In1,False
Co2CrAlSb,9,6,3.0,5.0,32.0,3,6.0,3.0,1.88,1.66,1.61,2.05,1.816,0.21999999999999997,0.2699999999999998,27,24,13.0,51.0,1.25,1.28,1.43,1.59,1.3875,0.3400000000000001,-0.030000000000000027,-0.17999999999999994,5,3,1,4,8.0,14.0,False,False,False,True,False,False,False,True,8.0,0,4.0,934.0,-0.10446,0.166301,0.561207,2.244828,Al1|Co2|Cr1|Sb1,False
Co2CrAlSi,9,6,3.0,4.0,31.0,3,6.0,3.0,1.88,1.66,1.61,1.9,1.786,0.21999999999999997,0.2699999999999998,27,24,13.0,14.0,1.25,1.28,1.43,1.11,1.2675,0.31999999999999984,-0.030000000000000027,-0.17999999999999994,5,3,1,4,7.0,13.0,False,False,False,True,False,False,False,True,7.0,0,4.0,794.0,-0.20361,0.103754,0.413279,1.653116,Al1|Co2|Cr1|Si1,False
Co2CrGaAl,9,6,3.0,3.0,30.0,3,6.0,3.0,1.88,1.66,1.81,1.61,1.768,0.21999999999999997,0.06999999999999984,27,24,31.0,13.0,1.25,1.28,1.35,1.43,1.3275000000000001,0.17999999999999994,-0.030000000000000027,-0.10000000000000009,5,3,1,4,6.0,12.0,False,False,False,True,False,True,False,False,6.0,0,4.0,1048.0,-0.03813,0.13132,0.680747,2.722988,Al1|Co2|Cr1|Ga1,False
Co2CrGaAs,9,6,3.0,5.0,32.0,3,6.0,3.0,1.88,1.66,1.81,2.18,1.8820000000000001,0.21999999999999997,0.06999999999999984,27,24,31.0,33.0,1.25,1.28,1.35,1.19,1.2675,0.16000000000000014,-0.030000000000000027,-0.10000000000000009,5,3,1,4,8.0,14.0,False,False,False,True,False,True,False,False,8.0,0,4.0,880.0,-0.13804,0.247096,0.537087,2.14835,As1|Co2|Cr1|Ga1,False
Co2CrGaGe,9,6,3.0,4.0,31.0,3,6.0,3.0,1.88,1.66,1.81,2.01,1.848,0.21999999999999997,0.06999999999999984,27,24,31.0,32.0,1.25,1.28,1.35,1.22,1.2750000000000001,0.13000000000000012,-0.030000000000000027,-0.10000000000000009,5,3,1,4,7.0,13.0,False,False,False,True,False,True,False,False,7.0,0,4.0,789.0,-0.27597,0.0,0.431541,1.726166,Co2|Cr1|Ga1|Ge1,False
Co2CrGaIn,9,6,3.0,3.0,30.0,3,6.0,3.0,1.88,1.66,1.81,1.78,1.802,0.21999999999999997,0.06999999999999984,27,24,31.0,49.0,1.25,1.28,1.35,1.67,1.3875000000000002,0.41999999999999993,-0.030000000000000027,-0.10000000000000009,5,3,1,4,6.0,12.0,False,False,False,True,False,True,False,False,6.0,0,4.0,873.0,-0.16004,0.171956,0.539357,2.157429,Co2|Cr1|Ga1|In1,False
Co2CrGaSb,9,6,3.0,5.0,32.0,3,6.0,3.0,1.88,1.66,1.81,2.05,1.8560000000000003,0.21999999999999997,0.06999999999999984,27,24,31.0,51.0,1.25,1.28,1.35,1.59,1.3675000000000002,0.3400000000000001,-0.030000000000000027,-0.10000000000000009,5,3,1,4,8.0,14.0,False,False,False,True,False,False,False,True,8.0,0,4.0,879.0,-0.18367,0.109238,0.558135,2.23254,Co2|Cr1|Ga1|Sb1,False
Co2CrGaSi,9,6,3.0,4.0,31.0,3,6.0,3.0,1.88,1.66,1.81,1.9,1.826,0.21999999999999997,0.06999999999999984,27,24,31.0,14.0,1.25,1.28,1.35,1.11,1.2475,0.24,-0.030000000000000027,-0.10000000000000009,5,3,1,4,7.0,13.0,False,False,False,True,False,True,False,False,7.0,0,4.0,1109.0,-0.28926,0.062285,0.7893,3.157198,Co2|Cr1|Ga1|Si1,False
Co2CrGeAl,9,6,4.0,3.0,31.0,3,5.0,2.0,1.88,1.66,2.01,1.61,1.8079999999999998,0.21999999999999997,-0.1299999999999999,27,24,32.0,13.0,1.25,1.28,1.22,1.43,1.295,0.20999999999999996,-0.030000000000000027,0.030000000000000027,5,3,1,4,7.0,13.0,False,False,False,True,False,False,False,True,7.0,0,4.0,943.0,-0.17611,0.257092,0.602988,2.411952,Al1|Co2|Cr1|Ge1,False
Co2CrGeAs,9,6,4.0,5.0,33.0,3,5.0,2.0,1.88,1.66,2.01,2.18,1.922,0.21999999999999997,-0.1299999999999999,27,24,32.0,33.0,1.25,1.28,1.22,1.19,1.2349999999999999,0.09000000000000008,-0.030000000000000027,0.030000000000000027,5,3,1,4,9.0,15.0,False,False,False,True,False,False,False,True,9.0,0,4.0,929.0,-0.14869,0.065,0.564442,2.25777,As1|Co2|Cr1|Ge1,True
Co2CrGeGa,9,6,4.0,3.0,31.0,3,5.0,2.0,1.88,1.66,2.01,1.81,1.848,0.21999999999999997,-0.1299999999999999,27,24,32.0,31.0,1.25,1.28,1.22,1.35,1.275,0.13000000000000012,-0.030000000000000027,0.030000000000000027,5,3,1,4,7.0,13.0,False,False,False,True,False,False,False,True,7.0,0,4.0,1024.0,-0.1597,0.068522,0.602964,2.411858,Co2|Cr1|Ga1|Ge1,False
Co2CrGeIn,9,6,4.0,3.0,31.0,3,5.0,2.0,1.88,1.66,2.01,1.78,1.8419999999999999,0.21999999999999997,-0.1299999999999999,27,24,32.0,49.0,1.25,1.28,1.22,1.67,1.355,0.44999999999999996,-0.030000000000000027,0.030000000000000027,5,3,1,4,7.0,13.0,False,False,False,True,False,False,False,True,7.0,0,4.0,1074.0,-0.17344,0.181499,0.677208,2.708831,Co2|Cr1|Ge1|In1,False
Co2CrGeSb,9,6,4.0,5.0,33.0,3,5.0,2.0,1.88,1.66,2.01,2.05,1.8960000000000001,0.21999999999999997,-0.1299999999999999,27,24,32.0,51.0,1.25,1.28,1.22,1.59,1.335,0.3700000000000001,-0.030000000000000027,0.030000000000000027,5,3,1,4,9.0,15.0,False,False,False,True,False,True,False,False,9.0,0,4.0,821.0,-0.19505,0.039473,0.429523,1.71809,Co2|Cr1|Ge1|Sb1,False
Co2CrGeSi,9,6,4.0,4.0,32.0,3,5.0,2.0,1.88,1.66,2.01,1.9,1.866,0.21999999999999997,-0.1299999999999999,27,24,32.0,14.0,1.25,1.28,1.22,1.11,1.215,0.16999999999999993,-0.030000000000000027,0.030000000000000027,5,3,1,4,8.0,14.0,False,False,False,True,False,True,False,False,8.0,0,4.0,1030.0,-0.30761,0.158754,0.658081,2.632325,Co2|Cr1|Ge1|Si1,False
Co2CrInAl,9,6,3.0,3.0,30.0,3,6.0,3.0,1.88,1.66,1.78,1.61,1.762,0.21999999999999997,0.09999999999999987,27,24,49.0,13.0,1.25,1.28,1.67,1.43,1.4075,0.41999999999999993,-0.030000000000000027,-0.41999999999999993,5,3,1,4,6.0,12.0,False,False,False,True,False,True,False,False,6.0,0,4.0,978.0,-0.2158,0.104038,0.647821,2.591285,Al1|Co2|Cr1|In1,False
Co2CrInAs,9,6,3.0,5.0,32.0,3,6.0,3.0,1.88,1.66,1.78,2.18,1.8760000000000001,0.21999999999999997,0.09999999999999987,27,24,49.0,33.0,1.25,1.28,1.67,1.19,1.3475000000000001,0.48,-0.030000000000000027,-0.41999999999999993,5,3,1,4,8.0,14.0,False,False,False,True,False,True,False,False,8.0,0,4.0,849.0,-0.16985,0.090482,0.471062,1.884246,As1|Co2|Cr1|In1,False
Co2CrInGa,9,6,3.0,3.0,30.0,3,6.0,3.0,1.88,1.66,1.78,1.81,1.802,0.21999999999999997,0.09999999999999987,27,24,49.0,31.0,1.25,1.28,1.67,1.35,1.3875000000000002,0.41999999999999993,-0.030000000000000027,-0.41999999999999993,5,3,1,4,6.0,12.0,False,False,False,True,False,True,False,False,6.0,0,4.0,808.0,-0.21664,0.206924,0.43501,1.74004,Co2|Cr1|Ga1|In1,False
Co2CrInGe,9,6,3.0,4.0,31.0,3,6.0,3.0,1.88,1.66,1.78,2.01,1.842,0.21999999999999997,0.09999999999999987,27,24,49.0,32.0,1.25,1.28,1.67,1.22,1.355,0.44999999999999996,-0.030000000000000027,-0.41999999999999993,5,3,1,4,7.0,13.0,False,False,False,True,False,True,False,False,7.0,0,4.0,755.0,-0.00754,0.173027,0.434471,1.737882,Co2|Cr1|Ge1|In1,False
Co2CrInSb,9,6,3.0,5.0,32.0,3,6.0,3.0,1.88,1.66,1.78,2.05,1.85,0.21999999999999997,0.09999999999999987,27,24,49.0,51.0,1.25,1.28,1.67,1.59,1.4475,0.41999999999999993,-0.030000000000000027,-0.41999999999999993,5,3,1,4,8.0,14.0,False,False,False,True,False,True,False,False,8.0,0,4.0,1163.0,-0.17125,0.137679,0.850592,3.402367,Co2|Cr1|In1|Sb1,False
Co2CrInSi,9,6,3.0,4.0,31.0,3,6.0,3.0,1.88,1.66,1.78,1.9,1.8199999999999998,0.21999999999999997,0.09999999999999987,27,24,49.0,14.0,1.25,1.28,1.67,1.11,1.3275000000000001,0.5599999999999998,-0.030000000000000027,-0.41999999999999993,5,3,1,4,7.0,13.0,False,False,False,True,False,True,False,False,7.0,0,4.0,1070.0,-0.13733,0.070417,0.718975,2.875898,Co2|Cr1|In1|Si1,False
Co2CrSiAl,9,6,4.0,3.0,31.0,3,5.0,2.0,1.88,1.66,1.9,1.61,1.786,0.21999999999999997,-0.020000000000000018,27,24,14.0,13.0,1.25,1.28,1.11,1.43,1.2675,0.31999999999999984,-0.030000000000000027,0.1399999999999999,5,3,1,4,7.0,13.0,False,False,False,True,False,True,False,False,7.0,0,4.0,896.0,-0.15345,0.153343,0.572607,2.290428,Al1|Co2|Cr1|Si1,False
Co2CrSiAs,9,6,4.0,5.0,33.0,3,5.0,2.0,1.88,1.66,1.9,2.18,1.9,0.21999999999999997,-0.020000000000000018,27,24,14.0,33.0,1.25,1.28,1.11,1.19,1.2075,0.16999999999999993,-0.030000000000000027,0.1399999999999999,5,3,1,4,9.0,15.0,False,False,False,True,False,False,False,True,9.0,0,4.0,721.0,-0.11652,0.194894,0.438601,1.754404,As1|Co2|Cr1|Si1,False
Co2CrSiGa,9,6,4.0,3.0,31.0,3,5.0,2.0,1.88,1.66,1.9,1.81,1.826,0.21999999999999997,-0.020000000000000018,27,24,14.0,31.0,1.25,1.28,1.11,1.35,1.2475,0.24,-0.030000000000000027,0.1399999999999999,5,3,1,4,7.0,13.0,False,False,False,True,False,True,False,False,7.0,0,4.0,1030.0,-0.20727,0.121695,0.705635,2.822539,Co2|Cr1|Ga1|Si1,False
Co2CrSiGe,9,6,4.0,4.0,32.0,3,5.0,2.0,1.88,1.66,1.9,2.01,1.866,0.21999999999999997,-0.020000000000000018,27,24,14.0,32.0,1.25,1.28,1.11,1.22,1.215,0.16999999999999993,-0.030000000000000027,0.1399999999999999,5,3,1,4,8.0,14.0,False,False,False,True,False,True,False,False,8.0,0,4.0,905.0,-0.14483,0.036915,0.523819,2.095276,Co2|Cr1|Ge1|Si1,False
Co2CrSiIn,9,6,4.0,3.0,31.0,3,5.0,2.0,1.88,1.66,1.9,1.78,1.8199999999999998,0.21999999999999997,-0.020000000000000018,27,24,14.0,49.0,1.25,1.28,1.11,1.67,1.3275000000000001,0.5599999999999998,-0.030000000000000027,0.1399999999999999,5,3,1,4,7.0,13.0,False,False,False,True,False,True,False,False,7.0,0,4.0,834.0,-0.30019,0.173886,0.498569,1.994277,Co2|Cr1|In1|Si1,False
Co2CrSiSb,9,6,4.0,5.0,33.0,3,5.0,2.0,1.88,1.66,1.9,2.05,1.874,0.21999999999999997,-0.020000000000000018,27,24,14.0,51.0,1.25,1.28,1.11,1.59,1.3075,0.48,-0.030000000000000027,0.1399999999999999,5,3,1,4,9.0,15.0,False,False,False,True,False,True,False,False,9.0,0,4.0,841.0,-0.0835,0.165831,0.560262,2.241047,Co2|Cr1|Sb1|Si1,False
Co2FeAlAs,9,8,3.0,5.0,34.0,1,6.0,5.0,1.88,1.83,1.61,2.18,1.8760000000000001,0.04999999999999982,0.2699999999999998,27,26,13.0,33.0,1.25,1.26,1.43,1.19,1.2824999999999998,0.24,-0.010000000000000009,-0.17999999999999994,5,3,1,4,10.0,16.0,False,False,False,True,False,False,False,True,10.0,0,4.0,938.0,-0.16004,0.111172,0.604553,2.418211,Al1|As1|Co2|Fe1,False
Co2FeAlGa,9,8,3.0,3.0,32.0,1,6.0,5.0,1.88,1.83,1.61,1.81,1.802,0.04999999999999982,0.2699999999999998,27,26,13.0,31.0,1.25,1.26,1.43,1.35,1.3224999999999998,0.17999999999999994,-0.010000000000000009,-0.17999999999999994,5,3,1,4,8.0,14.0,False,False,False,True,False,False,False,True,8.0,0,4.0,841.0,-0.03281,0.141517,0.483316,1.933265,Al1|Co2|Fe1|Ga1,False
Co2FeAlGe,9,8,3.0,4.0,33.0,1,6.0,5.0,1.88,1.83,1.61,2.01,1.842,0.04999999999999982,0.2699999999999998,27,26,13.0,32.0,1.25,1.26,1.43,1.22,1.2899999999999998,0.20999999999999996,-0.010000000000000009,-0.17999999999999994,5,3,1,4,9.0,15.0,False,False,False,True,False,True,False,False,9.0,0,4.0,1038.0,-0.17901,0.0983,0.588508,2.354034,Al1|Co2|Fe1|Ge1,True
Co2FeAlIn,9,8,3.0,3.0,32.0,1,6.0,5.0,1.88,1.83,1.61,1.78,1.796,0.04999999999999982,0.2699999999999998,27,26,13.0,49.0,1.25,1.26,1.43,1.67,1.4024999999999999,0.41999999999999993,-0.010000000000000009,-0.17999999999999994,5,3,1,4,8.0,14.0,False,False,False,True,False,True,False,False,8.0,0,4.0,777.0,-0.22173,0.215206,0.374196,1.496783,Al1|Co2|Fe1|In1,False
Co2FeAlSb,9,8,3.0,5.0,34.0,1,6.0,5.0,1.88,1.83,1.61,2.05,1.85,0.04999999999999982,0.2699999999999998,27,26,13.0,51.0,1.25,1.26,1.43,1.59,1.3824999999999998,0.3400000000000001,-0.010000000000000009,-0.17999999999999994,5,3,1,4,10.0,16.0,False,False,False,True,False,False,False,True,10.0,0,4.0,947.0,-0.1852,0.111599,0.579679,2.318716,Al1|Co2|Fe1|Sb1,False
Co2FeAlSi,9,8,3.0,4.0,33.0,1,6.0,5.0,1.88,1.83,1.61,1.9,1.8199999999999998,0.04999999999999982,0.2699999999999998,27,26,13.0,14.0,1.25,1.26,1.43,1.11,1.2625,0.31999999999999984,-0.010000000000000009,-0.17999999999999994,5,3,1,4,9.0,15.0,False,False,False,True,False,True,False,False,9.0,0,4.0,961.0,-0.00616,0.148452,0.623316,2.493264,Al1|Co2|Fe1|Si1,True
Co2FeCrAl,9,8,6.0,3.0,35.0,1,3.0,2.0,1.88,1.83,1.66,1.61,1.7719999999999998,0.04999999999999982,0.21999999999999997,27,26,24.0,13.0,1.25,1.26,1.28,1.43,1.305,0.17999999999999994,-0.010000000000000009,-0.030000000000000027,5,4,1,4,11.0,17.0,False,False,False,True,False,False,False,True,11.0,0,4.0,1078.0,-0.12773,0.152595,0.683737,2.734949,Al1|Co2|Cr1|Fe1,False
Co2FeGaAl,9,8,3.0,3.0,32.0,1,6.0,5.0,1.88,1.83,1.81,1.61,1.802,0.04999999999999982,0.06999999999999984,27,26,31.0,13.0,1.25,1.26,1.35,1.43,1.3225,0.17999999999999994,-0.010000000000000009,-0.10000000000000009,5,3,1,4,8.0,14.0,False,False,False,True,False,False,False,True,8.0,0,4.0,629.0,-0.21616,0.186962,0.362191,1.448764,Al1|Co2|Fe1|Ga1,False
Co2FeGaAs,9,8,3.0,5.0,34.0,1,6.0,5.0,1.88,1.83,1.81,2.18,1.916,0.04999999999999982,0.06999999999999984,27,26,31.0,33.0,1.25,1.26,1.35,1.19,1.2625,0.16000000000000014,-0.010000000000000009,-0.10000000000000009,5,3,1,4,10.0,16.0,False,False,False,True,False,True,False,False,10.0,0,4.0,983.0,-0.12059,0.106062,0.618631,2.474525,As1|Co2|Fe1|Ga1,False
Co2FeGaGe,9,8,3.0,4.0,33.0,1,6.0,5.0,1.88,1.83,1.81,2.01,1.8820000000000001,0.04999999999999982,0.06999999999999984,27,26,31.0,32.0,1.25,1.26,1.35,1.22,1.27,0.13000000000000012,-0.010000000000000009,-0.10000000000000009,5,3,1,4,9.0,15.0,False,False,False,True,False,False,False,True,9.0,0,4.0,858.0,-0.21694,0.125726,0.613049,2.452196,Co2|Fe1|Ga1|Ge1,False
Co2FeGaIn,9,8,3.0,3.0,32.0,1,6.0,5.0,1.88,1.83,1.81,1.78,1.8359999999999999,0.04999999999999982,0.06999999999999984,27,26,31.0,49.0,1.25,1.26,1.35,1.67,1.3824999999999998,0.41999999999999993,-0.010000000000000009,-0.10000000000000009,5,3,1,4,8.0,14.0,False,False,False,True,False,False,False,True,8.0,0,4.0,753.0,-0.29397,0.183553,0.361677,1.446706,Co2|Fe1|Ga1|In1,False
Co2FeGaSb,9,8,3.0,5.0,34.0,1,6.0,5.0,1.88,1.83,1.81,2.05,1.89,0.04999999999999982,0.06999999999999984,27,26,31.0,51.0,1.25,1.26,1.35,1.59,1.3625,0.3400000000000001,-0.010000000000000009,-0.10000000000000009,5,3,1,4,10.0,16.0,False,False,False,True,False,False,False,True,10.0,0,4.0,1299.0,-0.21244,0.182442,0.926521,3.706084,Co2|Fe1|Ga1|Sb1,True
Co2FeGaSi,9,8,3.0,4.0,33.0,1,6.0,5.0,1.88,1.83,1.81,1.9,1.86,0.04999999999999982,0.06999999999999984,27,26,31.0,14.0,1.25,1.26,1.35,1.11,1.2425,0.24,-0.010000000000000009,-0.10000000000000009,5,3,1,4,9.0,15.0,False,False,False,True,False,True,False,False,9.0,0,4.0,1001.0,-0.27153,0.113336,0.616803,2.46721,Co2|Fe1|Ga1|Si1,True
Co2FeGeAl,9,8,4.0,3.0,33.0,1,5.0,4.0,1.88,1.83,2.01,1.61,1.8419999999999999,0.04999999999999982,-0.1299999999999999,27,26,32.0,13.0,1.25,1.26,1.22,1.43,1.2899999999999998,0.20999999999999996,-0.010000000000000009,0.030000000000000027,5,3,1,4,9.0,15.0,False,False,False,True,False,True,False,False,9.0,0,4.0,1077.0,-0.38422,0.011027,0.716304,2.865217,Al1|Co2|Fe1|Ge1,True
Co2FeGeAs,9,8,4.0,5.0,35.0,1,5.0,4.0,1.88,1.83,2.01,2.18,1.956,0.04999999999999982,-0.1299999999999999,27,26,32.0,33.0,1.25,1.26,1.22,1.19,1.23,0.07000000000000006,-0.010000000000000009,0.030000000000000027,5,3,1,4,11.0,17.0,False,False,False,True,False,True,False,False,11.0,0,4.0,824.0,-0.21461,0.127658,0.459112,1.83645,As1|Co2|Fe1|Ge1,False
Co2FeGeGa,9,8,4.0,3.0,33.0,1,5.0,4.0,1.88,1.83,2.01,1.81,1.8820000000000001,0.04999999999999982,-0.1299999999999999,27,26,32.0,31.0,1.25,1.26,1.22,1.35,1.27,0.13000000000000012,-0.010000000000000009,0.030000000000000027,5,3,1,4,9.0,15.0,False,False,False,True,False,False,False,True,9.0,0,4.0,655.0,-0.13804,0.134485,0.23727,0.949079,Co2|Fe1|Ga1|Ge1,False
Co2FeGeIn,9,8,4.0,3.0,33.0,1,5.0,4.0,1.88,1.83,2.01,1.78,1.876,0.04999999999999982,-0.1299999999999999,27,26,32.0,49.0,1.25,1.26,1.22,1.67,1.3499999999999999,0.44999999999999996,-0.010000000000000009,0.030000000000000027,5,3,1,4,9.0,15.0,False,False,False,True,False,True,False,False,9.0,0,4.0,939.0,-0.25199,0.110849,0.553576,2.214304,Co2|Fe1|Ge1|In1,False
Co2FeGeSb,9,8,4.0,5.0,35.0,1,5.0,4.0,1.88,1.83,2.01,2.05,1.9299999999999997,0.04999999999999982,-0.1299999999999999,27,26,32.0,51.0,1.25,1.26,1.22,1.59,1.3299999999999998,0.3700000000000001,-0.010000000000000009,0.030000000000000027,5,3,1,4,11.0,17.0,False,False,False,True,False,True,False,False,11.0,0,4.0,618.0,-0.16593,0.089953,0.304225,1.216899,Co2|Fe1|Ge1|Sb1,False
Co2FeGeSi,9,8,4.0,4.0,34.0,1,5.0,4.0,1.88,1.83,2.01,1.9,1.9,0.04999999999999982,-0.1299999999999999,27,26,32.0,14.0,1.25,1.26,1.22,1.11,1.21,0.1499999999999999,-0.010000000000000009,0.030000000000000027,5,3,1,4,10.0,16.0,False,False,False,True,False,False,False,True,10.0,0,4.0,840.0,-0.0081,0.09733,0.546755,2.187022,Co2|Fe1|Ge1|Si1,False
Co2FeInAl,9,8,3.0,3.0,32.0,1,6.0,5.0,1.88,1.83,1.78,1.61,1.796,0.04999999999999982,0.09999999999999987,27,26,49.0,13.0,1.25,1.26,1.67,1.43,1.4024999999999999,0.41999999999999993,-0.010000000000000009,-0.41999999999999993,5,3,1,4,8.0,14.0,False,False,False,True,False,True,False,False,8.0,0,4.0,689.0,-0.13798,0.035063,0.376027,1.504107,Al1|Co2|Fe1|In1,False
Co2FeInAs,9,8,3.0,5.0,34.0,1,6.0,5.0,1.88,1.83,1.78,2.18,1.9100000000000001,0.04999999999999982,0.09999999999999987,27,26,49.0,33.0,1.25,1.26,1.67,1.19,1.3424999999999998,0.48,-0.010000000000000009,-0.41999999999999993,5,3,1,4,10.0,16.0,False,False,False,True,False,True,False,False,10.0,0,4.0,897.0,-0.22612,0.095156,0.472619,1.890477,As1|Co2|Fe1|In1,False
Co2FeInGa,9,8,3.0,3.0,32.0,1,6.0,5.0,1.88,1.83,1.78,1.81,1.8359999999999999,0.04999999999999982,0.09999999999999987,27,26,49.0,31.0,1.25,1.26,1.67,1.35,1.3824999999999998,0.41999999999999993,-0.010000000000000009,-0.41999999999999993,5,3,1,4,8.0,14.0,False,False,False,True,False,True,False,False,8.0,0,4.0,878.0,-0.31766,0.177368,0.483108,1.932433,Co2|Fe1|Ga1|In1,False
Co2FeInGe,9,8,3.0,4.0,33.0,1,6.0,5.0,1.88,1.83,1.78,2.01,1.876,0.04999999999999982,0.09999999999999987,27,26,49.0,32.0,1.25,1.26,1.67,1.22,1.3499999999999999,0.44999999999999996,-0.010000000000000009,-0.41999999999999993,5,3,1,4,9.0,15.0,False,False,False,True,False,True,False,False,9.0,0,4.0,679.0,-0.10115,0.117532,0.315017,1.260067,Co2|Fe1|Ge1|In1,False
Co2FeInSb,9,8,3.0,5.0,34.0,1,6.0,5.0,1.88,1.83,1.78,2.05,1.884,0.04999999999999982,0.09999999999999987,27,26,49.0,51.0,1.25,1.26,1.67,1.59,1.4425,0.41999999999999993,-0.010000000000000009,-0.41999999999999993,5,3,1,4,10.0,16.0,False,False,False,True,False,True,False,False,10.0,0,4.0,1016.0,-0.25026,0.056964,0.635082,2.540327,Co2|Fe1|In1|Sb1,False
Co2FeInSi,9,8,3.0,4.0,33.0,1,6.0,5.0,1.88,1.83,1.78,1.9,1.8539999999999999,0.04999999999999982,0.09999999999999987,27,26,49.0,14.0,1.25,1.26,1.67,1.11,1.3225,0.5599999999999998,-0.010000000000000009,-0.41999999999999993,5,3,1,4,9.0,15.0,False,False,False,True,False,True,False,False,9.0,0,4.0,919.0,-0.34921,0.171988,0.562913,2.25165,Co2|Fe1|In1|Si1,False
Co2FeSiAl,9,8,4.0,3.0,33.0,1,5.0,4.0,1.88,1.83,1.9,1.61,1.8199999999999998,0.04999999999999982,-0.020000000000000018,27,26,14.0,13.0,1.25,1.26,1.11,1.43,1.2625,0.31999999999999984,-0.010000000000000009,0.1399999999999999,5,3,1,4,9.0,15.0,False,False,False,True,False,True,False,False,9.0,0,4.0,988.0,-0.25401,0.038763,0.594729,2.378917,Al1|Co2|Fe1|Si1,True
Co2FeSiAs,9,8,4.0,5.0,35.0,1,5.0,4.0,1.88,1.83,1.9,2.18,1.934,0.04999999999999982,-0.020000000000000018,27,26,14.0,33.0,1.25,1.26,1.11,1.19,1.2025000000000001,0.1499999999999999,-0.010000000000000009,0.1399999999999999,5,3,1,4,11.0,17.0,False,False,False,True,False,False,False,True,11.0,0,4.0,918.0,-0.23187,0.115632,0.559563,2.238254,As1|Co2|Fe1|Si1,False
Co2FeSiGa,9,8,4.0,3.0,33.0,1,5.0,4.0,1.88,1.83,1.9,1.81,1.86,0.04999999999999982,-0.020000000000000018,27,26,14.0,31.0,1.25,1.26,1.11,1.35,1.2425000000000002,0.24,-0.010000000000000009,0.1399999999999999,5,3,1,4,9.0,15.0,False,False,False,True,False,False,False,True,9.0,0,4.0,873.0,-0.20487,0.073125,0.572959,2.291838,Co2|Fe1|Ga1|Si1,True
Co2FeSiGe,9,8,4.0,4.0,34.0,1,5.0,4.0,1.88,1.83,1.9,2.01,1.9,0.04999999999999982,-0.020000000000000018,27,26,14.0,32.0,1.25,1.26,1.11,1.22,1.21,0.1499999999999999,-0.010000000000000009,0.1399999999999999,5,3,1,4,10.0,16.0,False,False,False,True,False,True,False,False,10.0,0,4.0,837.0,-0.09802,0.173554,0.450652,1.802607,Co2|Fe1|Ge1|Si1,False
Co2FeSiIn,9,8,4.0,3.0,33.0,1,5.0,4.0,1.88,1.83,1.9,1.78,1.8539999999999999,0.04999999999999982,-0.020000000000000018,27,26,14.0,49.0,1.25,1.26,1.11,1.67,1.3225,0.5599999999999998,-0.010000000000000009,0.1399999999999999,5,3,1,4,9.0,15.0,False,False,False,True,False,False,False,True,9.0,0,4.0,1006.0,-0.19508,0.203446,0.620586,2.482343,Co2|Fe1|In1|Si1,False
Co2FeSiSb,9,8,4.0,5.0,35.0,1,5.0,4.0,1.88,1.83,1.9,2.05,1.908,0.04999999999999982,-0.020000000000000018,27,26,14.0,51.0,1.25,1.26,1.11,1.59,1.3025,0.48,-0.010000000000000009,0.1399999999999999,5,3,1,4,11.0,17.0,False,False,False,True,False,True,False,False,11.0,0,4.0,835.0,-0.13151,0.089698,0.417611,1.670446,Co2|Fe1|Sb1|Si1,False
Co2FeVAl,9,8,5.0,3.0,34.0,1,4.0,3.0,1.88,1.83,1.63,1.61,1.766,0.04999999999999982,0.25,27,26,23.0,13.0,1.25,1.26,1.34,1.43,1.3199999999999998,0.17999999999999994,-0.010000000000000009,-0.09000000000000008,5,3,1,4,10.0,16.0,False,False,False,True,False,True,False,False,10.0,0,4.0,872.0,-0.26667,0.072478,0.560794,2.243175,Al1|Co2|Fe1|V1,False
Co2MnAlAs,9,7,3.0,5.0,33.0,2,6.0,4.0,1.88,1.55,1.61,2.18,1.8199999999999998,0.32999999999999985,0.2699999999999998,27,25,13.0,33.0,1.25,1.27,1.43,1.19,1.2850000000000001,0.24,-0.020000000000000018,-0.17999999999999994,5,3,1,4,9.0,15.0,False,False,False,True,False,False,False,True,9.0,0,4.0,921.0,-0.17742,0.122793,0.599903,2.399612,Al1|As1|Co2|Mn1,False
Co2MnAlGa,9,7,3.0,3.0,31.0,2,6.0,4.0,1.88,1.55,1.61,1.81,1.746,0.32999999999999985,0.2699999999999998,27,25,13.0,31.0,1.25,1.27,1.43,1.35,1.3250000000000002,0.17999999999999994,-0.020000000000000018,-0.17999999999999994,5,3,1,4,7.0,13.0,False,False,False,True,False,True,False,False,7.0,0,4.0,691.0,-0.03941,0.125705,0.418882,1.675529,Al1|Co2|Ga1|Mn1,False
Co2MnAlGe,9,7,3.0,4.0,32.0,2,6.0,4.0,1.88,1.55,1.61,2.01,1.786,0.32999999999999985,0.2699999999999998,27,25,13.0,32.0,1.25,1.27,1.43,1.22,1.2925,0.20999999999999996,-0.020000000000000018,-0.17999999999999994,5,3,1,4,8.0,14.0,False,False,False,True,False,False,False,True,8.0,0,4.0,787.0,-0.23299,0.085632,0.378625,1.514501,Al1|Co2|Ge1|Mn1,False
Co2MnAlIn,9,7,3.0,3.0,31.0,2,6.0,4.0,1.88,1.55,1.61,1.78,1.7399999999999998,0.32999999999999985,0.2699999999999998,27,25,13.0,49.0,1.25,1.27,1.43,1.67,1.405,0.41999999999999993,-0.020000000000000018,-0.17999999999999994,5,3,1,4,7.0,13.0,False,False,False,True,False,True,False,False,7.0,0,4.0,1114.0,-0.42431,0.023375,0.829709,3.318835,Al1|Co2|In1|Mn1,False
Co2MnAlSb,9,7,3.0,5.0,33.0,2,6.0,4.0,1.88,1.55,1.61,2.05,1.7939999999999998,0.32999999999999985,0.2699999999999998,27,25,13.0,51.0,1.25,1.27,1.43,1.59,1.385,0.3400000000000001,-0.020000000000000018,-0.17999999999999994,5,3,1,4,9.0,15.0,False,False,False,True,False,True,False,False,9.0,0,4.0,1056.0,-0.08957,0.203999,0.599218,2.396874,Al1|Co2|Mn1|Sb1,False
Co2MnAlSi,9,7,3.0,4.0,32.0,2,6.0,4.0,1.88,1.55,1.61,1.9,1.764,0.32999999999999985,0.2699999999999998,27,25,13.0,14.0,1.25,1.27,1.43,1.11,1.2650000000000001,0.31999999999999984,-0.020000000000000018,-0.17999999999999994,5,3,1,4,8.0,14.0,False,False,False,True,False,True,False,False,8.0,0,4.0,888.0,-0.08929,0.019992,0.55399,2.215959,Al1|Co2|Mn1|Si1,False
Co2MnGaAl,9,7,3.0,3.0,31.0,2,6.0,4.0,1.88,1.55,1.81,1.61,1.7459999999999998,0.32999999999999985,0.06999999999999984,27,25,31.0,13.0,1.25,1.27,1.35,1.43,1.325,0.17999999999999994,-0.020000000000000018,-0.10000000000000009,5,3,1,4,7.0,13.0,False,False,False,True,False,False,False,True,7.0,0,4.0,835.0,-0.30625,0.021791,0.479346,1.917385,Al1|Co2|Ga1|Mn1,False
Co2MnGaAs,9,7,3.0,5.0,33.0,2,6.0,4.0,1.88,1.55,1.81,2.18,1.8599999999999999,0.32999999999999985,0.06999999999999984,27,25,31.0,33.0,1.25,1.27,1.35,1.19,1.2650000000000001,0.16000000000000014,-0.020000000000000018,-0.10000000000000009,5,3,1,4,9.0,15.0,False,False,False,True,False,True,False,False,9.0,0,4.0,1019.0,-0.19716,0.185207,0.63276,2.53104,As1|Co2|Ga1|Mn1,False
Co2MnGaGe,9,7,3.0,4.0,32.0,2,6.0,4.0,1.88,1.55,1.81,2.01,1.8259999999999998,0.32999999999999985,0.06999999999999984,27,25,31.0,32.0,1.25,1.27,1.35,1.22,1.2725,0.13000000000000012,-0.020000000000000018,-0.10000000000000009,5,3,1,4,8.0,14.0,False,False,False,True,False,True,False,False,8.0,0,4.0,886.0,-0.35741,0.285312,0.580249,2.320996,Co2|Ga1|Ge1|Mn1,False
Co2MnGaIn,9,7,3.0,3.0,31.0,2,6.0,4.0,1.88,1.55,1.81,1.78,1.7799999999999998,0.32999999999999985,0.06999999999999984,27,25,31.0,49.0,1.25,1.27,1.35,1.67,1.385,0.41999999999999993,-0.020000000000000018,-0.10000000000000009,5,3,1,4,7.0,13.0,False,False,False,True,False,True,False,False,7.0,0,4.0,804.0,-0.23348,0.121668,0.628077,2.512309,Co2|Ga1|In1|Mn1,False
Co2MnGaSb,9,7,3.0,5.0,33.0,2,6.0,4.0,1.88,1.55,1.81,2.05,1.8339999999999996,0.32999999999999985,0.06999999999999984,27,25,31.0,51.0,1.25,1.27,1.35,1.59,1.365,0.3400000000000001,-0.020000000000000018,-0.10000000000000009,5,3,1,4,9.0,15.0,False,False,False,True,False,True,False,False,9.0,0,4.0,772.0,-0.03405,0.125624,0.542346,2.169383,Co2|Ga1|Mn1|Sb1,False
Co2MnGaSi,9,7,3.0,4.0,32.0,2,6.0,4.0,1.88,1.55,1.81,1.9,1.8039999999999998,0.32999999999999985,0.06999999999999984,27,25,31.0,14.0,1.25,1.27,1.35,1.11,1.245,0.24,-0.020000000000000018,-0.10000000000000009,5,3,1,4,8.0,14.0,False,False,False,True,False,True,False,False,8.0,0,4.0,908.0,-0.05898,0.123833,0.493408,1.973633,Co2|Ga1|Mn1|Si1,False
Co2MnGeAl,9,7,4.0,3.0,32.0,2,5.0,3.0,1.88,1.55,2.01,1.61,1.786,0.32999999999999985,-0.1299999999999999,27,25,32.0,13.0,1.25,1.27,1.22,1.43,1.2925,0.20999999999999996,-0.020000000000000018,0.030000000000000027,5,3,1,4,8.0,14.0,False,False,False,True,False,True,False,False,8.0,0,4.0,951.0,-0.28,0.162388,0.582223,2.32889,Al1|Co2|Ge1|Mn1,False
Co2MnGeAs,9,7,4.0,5.0,34.0,2,5.0,3.0,1.88,1.55,2.01,2.18,1.9,0.32999999999999985,-0.1299999999999999,27,25,32.0,33.0,1.25,1.27,1.22,1.19,1.2325,0.08000000000000007,-0.020000000000000018,0.030000000000000027,5,3,1,4,10.0,16.0,False,False,False,True,False,True,False,False,10.0,0,4.0,912.0,-0.15674,0.232462,0.600308,2.401233,As1|Co2|Ge1|Mn1,True
Co2MnGeGa,9,7,4.0,3.0,32.0,2,5.0,3.0,1.88,1.55,2.01,1.81,1.8259999999999998,0.32999999999999985,-0.1299999999999999,27,25,32.0,31.0,1.25,1.27,1.22,1.35,1.2725,0.13000000000000012,-0.020000000000000018,0.030000000000000027,5,3,1,4,8.0,14.0,False,False,False,True,False,False,False,True,8.0,0,4.0,1168.0,-0.21245,0.10831,0.864475,3.457899,Co2|Ga1|Ge1|Mn1,False
Co2MnGeIn,9,7,4.0,3.0,32.0,2,5.0,3.0,1.88,1.55,2.01,1.78,1.8199999999999998,0.32999999999999985,-0.1299999999999999,27,25,32.0,49.0,1.25,1.27,1.22,1.67,1.3525,0.44999999999999996,-0.020000000000000018,0.030000000000000027,5,3,1,4,8.0,14.0,False,False,False,True,False,True,False,False,8.0,0,4.0,815.0,-0.13072,0.072814,0.456702,1.826808,Co2|Ge1|In1|Mn1,False
Co2MnGeSb,9,7,4.0,5.0,34.0,2,5.0,3.0,1.88,1.55,2.01,2.05,1.8739999999999999,0.32999999999999985,-0.1299999999999999,27,25,32.0,51.0,1.25,1.27,1.22,1.59,1.3325,0.3700000000000001,-0.020000000000000018,0.030000000000000027,5,3,1,4,10.0,16.0,False,False,False,True,False,False,False,True,10.0,0,4.0,976.0,-0.22652,0.141432,0.641262,2.565046,Co2|Ge1|Mn1|Sb1,False
Co2MnGeSi,9,7,4.0,4.0,33.0,2,5.0,3.0,1.88,1.55,2.01,1.9,1.8439999999999999,0.32999999999999985,-0.1299999999999999,27,25,32.0,14.0,1.25,1.27,1.22,1.11,1.2125000000000001,0.15999999999999992,-0.020000000000000018,0.030000000000000027,5,3,1,4,9.0,15.0,False,False,False,True,False,True,False,False,9.0,0,4.0,1151.0,-0.1794,0.240123,0.771229,3.084916,Co2|Ge1|Mn1|Si1,False
Co2MnInAl,9,7,3.0,3.0,31.0,2,6.0,4.0,1.88,1.55,1.78,1.61,1.7399999999999998,0.32999999999999985,0.09999999999999987,27,25,49.0,13.0,1.25,1.27,1.67,1.43,1.4049999999999998,0.41999999999999993,-0.020000000000000018,-0.41999999999999993,5,3,1,4,7.0,13.0,False,False,False,True,False,True,False,False,7.0,0,4.0,960.0,-0.1048,0.124875,0.535183,2.140733,Al1|Co2|In1|Mn1,False
Co2MnInAs,9,7,3.0,5.0,33.0,2,6.0,4.0,1.88,1.55,1.78,2.18,1.8539999999999999,0.32999999999999985,0.09999999999999987,27,25,49.0,33.0,1.25,1.27,1.67,1.19,1.3449999999999998,0.48,-0.020000000000000018,-0.41999999999999993,5,3,1,4,9.0,15.0,False,False,False,True,False,True,False,False,9.0,0,4.0,843.0,-0.16501,0.158475,0.620568,2.482273,As1|Co2|In1|Mn1,False
Co2MnInGa,9,7,3.0,3.0,31.0,2,6.0,4.0,1.88,1.55,1.78,1.81,1.78,0.32999999999999985,0.09999999999999987,27,25,49.0,31.0,1.25,1.27,1.67,1.35,1.3849999999999998,0.41999999999999993,-0.020000000000000018,-0.41999999999999993,5,3,1,4,7.0,13.0,False,False,False,True,False,True,False,False,7.0,0,4.0,765.0,-0.31182,0.063917,0.378716,1.514865,Co2|Ga1|In1|Mn1,False
Co2MnInGe,9,7,3.0,4.0,32.0,2,6.0,4.0,1.88,1.55,1.78,2.01,1.8199999999999998,0.32999999999999985,0.09999999999999987,27,25,49.0,32.0,1.25,1.27,1.67,1.22,1.3524999999999998,0.44999999999999996,-0.020000000000000018,-0.41999999999999993,5,3,1,4,8.0,14.0,False,False,False,True,False,True,False,False,8.0,0,4.0,734.0,-0.3092,0.14112,0.467346,1.869384,Co2|Ge1|In1|Mn1,False
Co2MnInSb,9,7,3.0,5.0,33.0,2,6.0,4.0,1.88,1.55,1.78,2.05,1.828,0.32999999999999985,0.09999999999999987,27,25,49.0,51.0,1.25,1.27,1.67,1.59,1.4449999999999998,0.41999999999999993,-0.020000000000000018,-0.41999999999999993,5,3,1,4,9.0,15.0,False,False,False,True,False,False,False,True,9.0,0,4.0,958.0,-0.05958,0.169544,0.509547,2.038189,Co2|In1|Mn1|Sb1,True
Co2MnInSi,9,7,3.0,4.0,32.0,2,6.0,4.0,1.88,1.55,1.78,1.9,1.798,0.32999999999999985,0.09999999999999987,27,25,49.0,14.0,1.25,1.27,1.67,1.11,1.325,0.5599999999999998,-0.020000000000000018,-0.41999999999999993,5,3,1,4,8.0,14.0,False,False,False,True,False,False,False,True,8.0,0,4.0,1219.0,-0.11998,0.258921,0.734332,2.937329,Co2|In1|Mn1|Si1,False
Co2MnSiAl,9,7,4.0,3.0,32.0,2,5.0,3.0,1.88,1.55,1.9,1.61,1.7639999999999998,0.32999999999999985,-0.020000000000000018,27,25,14.0,13.0,1.25,1.27,1.11,1.43,1.265,0.31999999999999984,-0.020000000000000018,0.1399999999999999,5,3,1,4,8.0,14.0,False,False,False,True,False,True,False,False,8.0,0,4.0,979.0,-0.00156,0.231165,0.591897,2.367587,Al1|Co2|Mn1|Si1,False
Co2MnSiAs,9,7,4.0,5.0,34.0,2,5.0,3.0,1.88,1.55,1.9,2.18,1.8779999999999997,0.32999999999999985,-0.020000000000000018,27,25,14.0,33.0,1.25,1.27,1.11,1.19,1.205,0.15999999999999992,-0.020000000000000018,0.1399999999999999,5,3,1,4,10.0,16.0,False,False,False,True,False,True,False,False,10.0,0,4.0,804.0,-0.09118,0.115126,0.560652,2.242608,As1|Co2|Mn1|Si1,True
Co2MnSiGa,9,7,4.0,3.0,32.0,2,5.0,3.0,1.88,1.55,1.9,1.81,1.8039999999999998,0.32999999999999985,-0.020000000000000018,27,25,14.0,31.0,1.25,1.27,1.11,1.35,1.245,0.24,-0.020000000000000018,0.1399999999999999,5,3,1,4,8.0,14.0,False,False,False,True,False,True,False,False,8.0,0,4.0,988.0,-0.35024,0.173735,0.630602,2.522407,Co2|Ga1|Mn1|Si1,False
Co2MnSiGe,9,7,4.0,4.0,33.0,2,5.0,3.0,1.88,1.55,1.9,2.01,1.8439999999999999,0.32999999999999985,-0.020000000000000018,27,25,14.0,32.0,1.25,1.27,1.11,1.22,1.2125,0.15999999999999992,-0.020000000000000018,0.1399999999999999,5,3,1,4,9.0,15.0,False,False,False,True,False,True,False,False,9.0,0,4.0,1342.0,-0.14614,0.119172,0.933855,3.735419,Co2|Ge1|Mn1|Si1,False
Co2MnSiIn,9,7,4.0,3.0,32.0,2,5.0,3.0,1.88,1.55,1.9,1.78,1.7979999999999996,0.32999999999999985,-0.020000000000000018,27,25,14.0,49.0,1.25,1.27,1.11,1.67,1.325,0.5599999999999998,-0.020000000000000018,0.1399999999999999,5,3,1,4,8.0,14.0,False,False,False,True,False,True,False,False,8.0,0,4.0,1099.0,-0.04666,0.079361,0.752115,3.008461,Co2|In1|Mn1|Si1,False
Co2MnSiSb,9,7,4.0,5.0,34.0,2,5.0,3.0,1.88,1.55,1.9,2.05,1.8519999999999996,0.32999999999999985,-0.020000000000000018,27,25,14.0,51.0,1.25,1.27,1.11,1.59,1.305,0.48,-0.020000000000000018,0.1399999999999999,5,3,1,4,10.0,16.0,False,False,False,True,False,True,False,False,10.0,0,4.0,1083.0,-0.12735,0.027536,0.727706,2.910823,Co2|Mn1|Sb1|Si1,False
Co2NiAlAs,9,10,3.0,5.0,36.0,-1,6.0,7.0,1.88,1.91,1.61,2.18,1.8920000000000001,-0.030000000000000027,0.2699999999999998,27,28,13.0,33.0,1.25,1.24,1.43,1.19,1.2774999999999999,0.24,0.010000000000000009,-0.17999999999999994,5,3,1,4,12.0,18.0,False,False,False,True,False,True,False,False,12.0,0,4.0,890.0,-0.1033,0.279117,0.560541,2.242165,Al1|As1|Co2|Ni1,True
Co2NiAlGa,9,10,3.0,3.0,34.0,-1,6.0,7.0,1.88,1.91,1.61,1.81,1.818,-0.030000000000000027,0.2699999999999998,27,28,13.0,31.0,1.25,1.24,1.43,1.35,1.3175,0.18999999999999995,0.010000000000000009,-0.17999999999999994,5,3,1,4,10.0,16.0,False,False,False,True,False,True,False,False,10.0,0,4.0,979.0,-0.18003,0.037273,0.619945,2.479781,Al1|Co2|Ga1|Ni1,False
Co2NiAlGe,9,10,3.0,4.0,35.0,-1,6.0,7.0,1.88,1.91,1.61,2.01,1.8579999999999999,-0.030000000000000027,0.2699999999999998,27,28,13.0,32.0,1.25,1.24,1.43,1.22,1.285,0.20999999999999996,0.010000000000000009,-0.17999999999999994,5,3,1,4,11.0,17.0,False,False,False,True,False,False,False,True,11.0,0,4.0,1091.0,-0.10271,0.171509,0.667324,2.669295,Al1|Co2|Ge1|Ni1,False
Co2NiAlIn,9,10,3.0,3.0,34.0,-1,6.0,7.0,1.88,1.91,1.61,1.78,1.812,-0.030000000000000027,0.2699999999999998,27,28,13.0,49.0,1.25,1.24,1.43,1.67,1.3975,0.42999999999999994,0.010000000000000009,-0.17999999999999994,5,3,1,4,10.0,16.0,False,False,False,True,False,True,False,False,10.0,0,4.0,822.0,-0.06809,0.069369,0.543376,2.173506,Al1|Co2|In1|Ni1,False
Co2NiAlSb,9,10,3.0,5.0,36.0,-1,6.0,7.0,1.88,1.91,1.61,2.05,1.866,-0.030000000000000027,0.2699999999999998,27,28,13.0,51.0,1.25,1.24,1.43,1.59,1.3775,0.3500000000000001,0.010000000000000009,-0.17999999999999994,5,3,1,4,12.0,18.0,False,False,False,True,False,True,False,False,12.0,0,4.0,732.0,-0.07653,0.164774,0.446163,1.784653,Al1|Co2|Ni1|Sb1,True
Co2NiAlSi,9,10,3.0,4.0,35.0,-1,6.0,7.0,1.88,1.91,1.61,1.9,1.8359999999999999,-0.030000000000000027,0.2699999999999998,27,28,13.0,14.0,1.25,1.24,1.43,1.11,1.2575,0.31999999999999984,0.010000000000000009,-0.17999999999999994,5,3,1,4,11.0,17.0,False,False,False,True,False,True,False,False,11.0,0,4.0,968.0,-0.21916,0.134764,0.565388,2.261554,Al1|Co2|Ni1|Si1,False
Co2NiGaAl,9,10,3.0,3.0,34.0,-1,6.0,7.0,1.88,1.91,1.81,1.61,1.818,-0.030000000000000027,0.06999999999999984,27,28,31.0,13.0,1.25,1.24,1.35,1.43,1.3175000000000001,0.18999999999999995,0.010000000000000009,-0.10000000000000009,5,3,1,4,10.0,16.0,False,False,False,True,False,False,False,True,10.0,0,4.0,846.0,-0.23521,0.167128,0.454959,1.819838,Al1|Co2|Ga1|Ni1,False
Co2NiGaAs,9,10,3.0,5.0,36.0,-1,6.0,7.0,1.88,1.91,1.81,2.18,1.932,-0.030000000000000027,0.06999999999999984,27,28,31.0,33.0,1.25,1.24,1.35,1.19,1.2575,0.16000000000000014,0.010000000000000009,-0.10000000000000009,5,3,1,4,12.0,18.0,False,False,False,True,False,True,False,False,12.0,0,4.0,753.0,-0.07923,0.083162,0.497247,1.988988,As1|Co2|Ga1|Ni1,False
Co2NiGaGe,9,10,3.0,4.0,35.0,-1,6.0,7.0,1.88,1.91,1.81,2.01,1.8980000000000001,-0.030000000000000027,0.06999999999999984,27,28,31.0,32.0,1.25,1.24,1.35,1.22,1.2650000000000001,0.13000000000000012,0.010000000000000009,-0.10000000000000009,5,3,1,4,11.0,17.0,False,False,False,True,False,True,False,False,11.0,0,4.0,683.0,0.13471,0.095913,0.434038,1.73615,Co2|Ga1|Ge1|Ni1,True
Co2NiGaIn,9,10,3.0,3.0,34.0,-1,6.0,7.0,1.88,1.91,1.81,1.78,1.8519999999999999,-0.030000000000000027,0.06999999999999984,27,28,31.0,49.0,1.25,1.24,1.35,1.67,1.3775,0.42999999999999994,0.010000000000000009,-0.10000000000000009,5,3,1,4,10.0,16.0,False,False,False,True,False,True,False,False,10.0,0,4.0,845.0,-0.29374,0.156293,0.48813,1.952522,Co2|Ga1|In1|Ni1,False
Co2NiGaSb,9,10,3.0,5.0,36.0,-1,6.0,7.0,1.88,1.91,1.81,2.05,1.9060000000000001,-0.030000000000000027,0.06999999999999984,27,28,31.0,51.0,1.25,1.24,1.35,1.59,1.3575000000000002,0.3500000000000001,0.010000000000000009,-0.10000000000000009,5,3,1,4,12.0,18.0,False,False,False,True,False,True,False,False,12.0,0,4.0,808.0,-0.17642,0.122622,0.450713,1.802853,Co2|Ga1|Ni1|Sb1,False
Co2NiGaSi,9,10,3.0,4.0,35.0,-1,6.0,7.0,1.88,1.91,1.81,1.9,1.8760000000000001,-0.030000000000000027,0.06999999999999984,27,28,31.0,14.0,1.25,1.24,1.35,1.11,1.2375,0.24,0.010000000000000009,-0.10000000000000009,5,3,1,4,11.0,17.0,False,False,False,True,False,True,False,False,11.0,0,4.0,1189.0,-0.13478,0.077067,0.803787,3.21515,Co2|Ga1|Ni1|Si1,False
Co2NiGeAl,9,10,4.0,3.0,35.0,-1,5.0,6.0,1.88,1.91,2.01,1.61,1.8579999999999999,-0.030000000000000027,-0.1299999999999999,27,28,32.0,13.0,1.25,1.24,1.22,1.43,1.285,0.20999999999999996,0.010000000000000009,0.030000000000000027,5,3,1,4,11.0,17.0,False,False,False,True,False,True,False,False,11.0,0,4.0,1132.0,-0.08053,0.099054,0.643908,2.57563,Al1|Co2|Ge1|Ni1,False
Co2NiGeAs,9,10,4.0,5.0,37.0,-1,5.0,6.0,1.88,1.91,2.01,2.18,1.972,-0.030000000000000027,-0.1299999999999999,27,28,32.0,33.0,1.25,1.24,1.22,1.19,1.225,0.06000000000000005,0.010000000000000009,0.030000000000000027,5,3,1,4,13.0,19.0,False,False,False,True,False,True,False,False,13.0,0,4.0,673.0,-0.12462,0.0,0.352351,1.409403,As1|Co2|Ge1|Ni1,False
Co2NiGeGa,9,10,4.0,3.0,35.0,-1,5.0,6.0,1.88,1.91,2.01,1.81,1.8980000000000001,-0.030000000000000027,-0.1299999999999999,27,28,32.0,31.0,1.25,1.24,1.22,1.35,1.2650000000000001,0.13000000000000012,0.010000000000000009,0.030000000000000027,5,3,1,4,11.0,17.0,False,False,False,True,False,True,False,False,11.0,0,4.0,749.0,-0.06676,0.113134,0.409543,1.63817,Co2|Ga1|Ge1|Ni1,True
Co2NiGeIn,9,10,4.0,3.0,35.0,-1,5.0,6.0,1.88,1.91,2.01,1.78,1.892,-0.030000000000000027,-0.1299999999999999,27,28,32.0,49.0,1.25,1.24,1.22,1.67,1.345,0.44999999999999996,0.010000000000000009,0.030000000000000027,5,3,1,4,11.0,17.0,False,False,False,True,False,False,False,True,11.0,0,4.0,918.0,-0.34436,0.102906,0.669174,2.676695,Co2|Ge1|In1|Ni1,True
Co2NiGeSb,9,10,4.0,5.0,37.0,-1,5.0,6.0,1.88,1.91,2.01,2.05,1.9460000000000002,-0.030000000000000027,-0.1299999999999999,27,28,32.0,51.0,1.25,1.24,1.22,1.59,1.325,0.3700000000000001,0.010000000000000009,0.030000000000000027,5,3,1,4,13.0,19.0,False,False,False,True,False,False,False,True,13.0,0,4.0,764.0,-0.30168,0.196515,0.349257,1.397026,Co2|Ge1|Ni1|Sb1,False
Co2NiGeSi,9,10,4.0,4.0,36.0,-1,5.0,6.0,1.88,1.91,2.01,1.9,1.916,-0.030000000000000027,-0.1299999999999999,27,28,32.0,14.0,1.25,1.24,1.22,1.11,1.205,0.1399999999999999,0.010000000000000009,0.030000000000000027,5,3,1,4,12.0,18.0,False,False,False,True,False,False,False,True,12.0,0,4.0,801.0,-0.15022,0.13883,0.365486,1.461944,Co2|Ge1|Ni1|Si1,False
Co2NiInAl,9,10,3.0,3.0,34.0,-1,6.0,7.0,1.88,1.91,1.78,1.61,1.812,-0.030000000000000027,0.09999999999999987,27,28,49.0,13.0,1.25,1.24,1.67,1.43,1.3975,0.42999999999999994,0.010000000000000009,-0.41999999999999993,5,3,1,4,10.0,16.0,False,False,False,True,False,True,False,False,10.0,0,4.0,854.0,-0.145,0.108936,0.48336,1.93344,Al1|Co2|In1|Ni1,False
Co2NiInAs,9,10,3.0,5.0,36.0,-1,6.0,7.0,1.88,1.91,1.78,2.18,1.9260000000000002,-0.030000000000000027,0.09999999999999987,27,28,49.0,33.0,1.25,1.24,1.67,1.19,1.3375,0.48,0.010000000000000009,-0.41999999999999993,5,3,1,4,12.0,18.0,False,False,False,True,False,True,False,False,12.0,0,4.0,969.0,-0.12242,0.256831,0.53905,2.156198,As1|Co2|In1|Ni1,True
Co2NiInGa,9,10,3.0,3.0,34.0,-1,6.0,7.0,1.88,1.91,1.78,1.81,1.8519999999999999,-0.030000000000000027,0.09999999999999987,27,28,49.0,31.0,1.25,1.24,1.67,1.35,1.3775,0.42999999999999994,0.010000000000000009,-0.41999999999999993,5,3,1,4,10.0,16.0,False,False,False,True,False,True,False,False,10.0,0,4.0,785.0,-0.03665,0.135689,0.466768,1.867071,Co2|Ga1|In1|Ni1,False
Co2NiInGe,9,10,3.0,4.0,35.0,-1,6.0,7.0,1.88,1.91,1.78,2.01,1.8920000000000001,-0.030000000000000027,0.09999999999999987,27,28,49.0,32.0,1.25,1.24,1.67,1.22,1.345,0.44999999999999996,0.010000000000000009,-0.41999999999999993,5,3,1,4,11.0,17.0,False,False,False,True,False,True,False,False,11.0,0,4.0,1008.0,0.00669,0.222462,0.682816,2.731264,Co2|Ge1|In1|Ni1,True
Co2NiInSb,9,10,3.0,5.0,36.0,-1,6.0,7.0,1.88,1.91,1.78,2.05,1.9,-0.030000000000000027,0.09999999999999987,27,28,49.0,51.0,1.25,1.24,1.67,1.59,1.4375,0.42999999999999994,0.010000000000000009,-0.41999999999999993,5,3,1,4,12.0,18.0,False,False,False,True,False,False,False,True,12.0,0,4.0,1105.0,-0.38429,0.146924,0.713551,2.854205,Co2|In1|Ni1|Sb1,False
Co2NiInSi,9,10,3.0,4.0,35.0,-1,6.0,7.0,1.88,1.91,1.78,1.9,1.8699999999999999,-0.030000000000000027,0.09999999999999987,27,28,49.0,14.0,1.25,1.24,1.67,1.11,1.3175000000000001,0.5599999999999998,0.010000000000000009,-0.41999999999999993,5,3,1,4,11.0,17.0,False,False,False,True,False,True,False,False,11.0,0,4.0,878.0,-0.15671,0.155488,0.531036,2.124143,Co2|In1|Ni1|Si1,False
Co2NiSiAl,9,10,4.0,3.0,35.0,-1,5.0,6.0,1.88,1.91,1.9,1.61,1.8359999999999999,-0.030000000000000027,-0.020000000000000018,27,28,14.0,13.0,1.25,1.24,1.11,1.43,1.2575,0.31999999999999984,0.010000000000000009,0.1399999999999999,5,3,1,4,11.0,17.0,False,False,False,True,False,True,False,False,11.0,0,4.0,902.0,0.02417,0.128028,0.417487,1.66995,Al1|Co2|Ni1|Si1,False
Co2NiSiAs,9,10,4.0,5.0,37.0,-1,5.0,6.0,1.88,1.91,1.9,2.18,1.95,-0.030000000000000027,-0.020000000000000018,27,28,14.0,33.0,1.25,1.24,1.11,1.19,1.1975000000000002,0.1399999999999999,0.010000000000000009,0.1399999999999999,5,3,1,4,13.0,19.0,False,False,False,True,False,True,False,False,13.0,0,4.0,906.0,-0.16437,0.092474,0.612661,2.450645,As1|Co2|Ni1|Si1,False
Co2NiSiGa,9,10,4.0,3.0,35.0,-1,5.0,6.0,1.88,1.91,1.9,1.81,1.8760000000000001,-0.030000000000000027,-0.020000000000000018,27,28,14.0,31.0,1.25,1.24,1.11,1.35,1.2375000000000003,0.24,0.010000000000000009,0.1399999999999999,5,3,1,4,11.0,17.0,False,False,False,True,False,False,False,True,11.0,0,4.0,1056.0,-0.19564,0.099047,0.764039,3.056154,Co2|Ga1|Ni1|Si1,False
Co2NiSiGe,9,10,4.0,4.0,36.0,-1,5.0,6.0,1.88,1.91,1.9,2.01,1.916,-0.030000000000000027,-0.020000000000000018,27,28,14.0,32.0,1.25,1.24,1.11,1.22,1.205,0.1399999999999999,0.010000000000000009,0.1399999999999999,5,3,1,4,12.0,18.0,False,False,False,True,False,True,False,False,12.0,0,4.0,851.0,-0.14233,0.068819,0.445816,1.783265,Co2|Ge1|Ni1|Si1,False
Co2NiSiIn,9,10,4.0,3.0,35.0,-1,5.0,6.0,1.88,1.91,1.9,1.78,1.8699999999999999,-0.030000000000000027,-0.020000000000000018,27,28,14.0,49.0,1.25,1.24,1.11,1.67,1.3175000000000001,0.5599999999999998,0.010000000000000009,0.1399999999999999,5,3,1,4,11.0,17.0,False,False,False,True,False,False,False,True,11.0,0,4.0,1145.0,-0.26559,0.098974,0.832625,3.330501,Co2|In1|Ni1|Si1,False
Co2NiSiSb,9,10,4.0,5.0,37.0,-1,5.0,6.0,1.88,1.91,1.9,2.05,1.9240000000000002,-0.030000000000000027,-0.020000000000000018,27,28,14.0,51.0,1.25,1.24,1.11,1.59,1.2975,0.48,0.010000000000000009,0.1399999999999999,5,3,1,4,13.0,19.0,False,False,False,True,False,True,False,False,13.0,0,4.0,1022.0,-0.38184,0.087726,0.666146,2.664586,Co2|Ni1|Sb1|Si1,True
Co2VAlAs,9,5,3.0,5.0,31.0,4,6.0,2.0,1.88,1.63,1.61,2.18,1.8359999999999999,0.25,0.2699999999999998,27,23,13.0,33.0,1.25,1.34,1.43,1.19,1.3024999999999998,0.24,-0.09000000000000008,-0.17999999999999994,5,2,1,4,7.0,13.0,False,False,False,True,False,True,False,False,7.0,0,4.0,589.0,-0.27268,0.03965,0.333144,1.332575,Al1|As1|Co2|V1,False
Co2VAlGa,9,5,3.0,3.0,29.0,4,6.0,2.0,1.88,1.63,1.61,1.81,1.762,0.25,0.2699999999999998,27,23,13.0,31.0,1.25,1.34,1.43,1.35,1.3424999999999998,0.17999999999999994,-0.09000000000000008,-0.17999999999999994,5,2,1,4,5.0,11.0,False,False,False,True,False,True,False,False,5.0,0,4.0,669.0,-0.153,0.140292,0.380524,1.522097,Al1|Co2|Ga1|V1,False
Co2VAlGe,9,5,3.0,4.0,30.0,4,6.0,2.0,1.88,1.63,1.61,2.01,1.802,0.25,0.2699999999999998,27,23,13.0,32.0,1.25,1.34,1.43,1.22,1.3099999999999998,0.20999999999999996,-0.09000000000000008,-0.17999999999999994,5,2,1,4,6.0,12.0,False,False,False,True,False,True,False,False,6.0,0,4.0,1095.0,-0.17527,0.139596,0.814388,3.257553,Al1|Co2|Ge1|V1,False
Co2VAlIn,9,5,3.0,3.0,29.0,4,6.0,2.0,1.88,1.63,1.61,1.78,1.7559999999999998,0.25,0.2699999999999998,27,23,13.0,49.0,1.25,1.34,1.43,1.67,1.4224999999999999,0.41999999999999993,-0.09000000000000008,-0.17999999999999994,5,2,1,4,5.0,11.0,False,False,False,True,False,False,False,True,5.0,0,4.0,802.0,-0.20722,0.038791,0.461025,1.844099,Al1|Co2|In1|V1,False
Co2VAlSb,9,5,3.0,5.0,31.0,4,6.0,2.0,1.88,1.63,1.61,2.05,1.81,0.25,0.2699999999999998,27,23,13.0,51.0,1.25,1.34,1.43,1.59,1.4024999999999999,0.3400000000000001,-0.09000000000000008,-0.17999999999999994,5,2,1,4,7.0,13.0,False,False,False,True,False,True,False,False,7.0,0,4.0,829.0,-0.02746,0.055593,0.481396,1.925585,Al1|Co2|Sb1|V1,False
Co2VAlSi,9,5,3.0,4.0,30.0,4,6.0,2.0,1.88,1.63,1.61,1.9,1.78,0.25,0.2699999999999998,27,23,13.0,14.0,1.25,1.34,1.43,1.11,1.2825,0.31999999999999984,-0.09000000000000008,-0.17999999999999994,5,2,1,4,6.0,12.0,False,False,False,True,False,True,False,False,6.0,0,4.0,1057.0,-0.25727,0.17564,0.622141,2.488563,Al1|Co2|Si1|V1,False
Co2VGaAl,9,5,3.0,3.0,29.0,4,6.0,2.0,1.88,1.63,1.81,1.61,1.7619999999999998,0.25,0.06999999999999984,27,23,31.0,13.0,1.25,1.34,1.35,1.43,1.3425,0.17999999999999994,-0.09000000000000008,-0.10000000000000009,5,2,1,4,5.0,11.0,False,False,False,True,False,True,False,False,5.0,0,4.0,1319.0,-0.01438,0.116735,0.949978,3.799911,Al1|Co2|Ga1|V1,False
Co2VGaAs,9,5,3.0,5.0,31.0,4,6.0,2.0,1.88,1.63,1.81,2.18,1.876,0.25,0.06999999999999984,27,23,31.0,33.0,1.25,1.34,1.35,1.19,1.2825,0.16000000000000014,-0.09000000000000008,-0.10000000000000009,5,2,1,4,7.0,13.0,False,False,False,True,False,True,False,False,7.0,0,4.0,1051.0,-0.14222,0.176462,0.750491,3.001963,As1|Co2|Ga1|V1,True
Co2VGaGe,9,5,3.0,4.0,30.0,4,6.0,2.0,1.88,1.63,1.81,2.01,1.8419999999999999,0.25,0.06999999999999984,27,23,31.0,32.0,1.25,1.34,1.35,1.22,1.29,0.13000000000000012,-0.09000000000000008,-0.10000000000000009,5,2,1,4,6.0,12.0,False,False,False,True,False,True,False,False,6.0,0,4.0,904.0,-0.19564,0.146007,0.551209,2.204837,Co2|Ga1|Ge1|V1,False
Co2VGaIn,9,5,3.0,3.0,29.0,4,6.0,2.0,1.88,1.63,1.81,1.78,1.7959999999999998,0.25,0.06999999999999984,27,23,31.0,49.0,1.25,1.34,1.35,1.67,1.4024999999999999,0.41999999999999993,-0.09000000000000008,-0.10000000000000009,5,2,1,4,5.0,11.0,False,False,False,True,False,True,False,False,5.0,0,4.0,900.0,-0.3282,0.205405,0.512548,2.050193,Co2|Ga1|In1|V1,False
Co2VGaSb,9,5,3.0,5.0,31.0,4,6.0,2.0,1.88,1.63,1.81,2.05,1.85,0.25,0.06999999999999984,27,23,31.0,51.0,1.25,1.34,1.35,1.59,1.3825,0.3400000000000001,-0.09000000000000008,-0.10000000000000009,5,2,1,4,7.0,13.0,False,False,False,True,False,True,False,False,7.0,0,4.0,974.0,-0.19276,0.118078,0.560286,2.241145,Co2|Ga1|Sb1|V1,False
Co2VGaSi,9,5,3.0,4.0,30.0,4,6.0,2.0,1.88,1.63,1.81,1.9,1.8199999999999998,0.25,0.06999999999999984,27,23,31.0,14.0,1.25,1.34,1.35,1.11,1.2625,0.24,-0.09000000000000008,-0.10000000000000009,5,2,1,4,6.0,12.0,False,False,False,True,False,False,False,True,6.0,0,4.0,946.0,-0.24976,0.104442,0.630804,2.523215,Co2|Ga1|Si1|V1,True
Co2VGeAl,9,5,4.0,3.0,30.0,4,5.0,1.0,1.88,1.63,2.01,1.61,1.802,0.25,-0.1299999999999999,27,23,32.0,13.0,1.25,1.34,1.22,1.43,1.3099999999999998,0.20999999999999996,-0.09000000000000008,0.030000000000000027,5,2,1,4,6.0,12.0,False,False,False,True,False,True,False,False,6.0,0,4.0,707.0,-0.19212,0.0,0.436903,1.747612,Al1|Co2|Ge1|V1,False
Co2VGeAs,9,5,4.0,5.0,32.0,4,5.0,1.0,1.88,1.63,2.01,2.18,1.916,0.25,-0.1299999999999999,27,23,32.0,33.0,1.25,1.34,1.22,1.19,1.25,0.15000000000000013,-0.09000000000000008,0.030000000000000027,5,2,1,4,8.0,14.0,False,False,False,True,False,False,False,True,8.0,0,4.0,880.0,-0.0976,0.079795,0.510101,2.040403,As1|Co2|Ge1|V1,True
Co2VGeGa,9,5,4.0,3.0,30.0,4,5.0,1.0,1.88,1.63,2.01,1.81,1.8419999999999999,0.25,-0.1299999999999999,27,23,32.0,31.0,1.25,1.34,1.22,1.35,1.29,0.13000000000000012,-0.09000000000000008,0.030000000000000027,5,2,1,4,6.0,12.0,False,False,False,True,False,False,False,True,6.0,0,4.0,1185.0,-0.20917,0.11898,0.815482,3.261929,Co2|Ga1|Ge1|V1,False
Co2VGeIn,9,5,4.0,3.0,30.0,4,5.0,1.0,1.88,1.63,2.01,1.78,1.8359999999999999,0.25,-0.1299999999999999,27,23,32.0,49.0,1.25,1.34,1.22,1.67,1.3699999999999999,0.44999999999999996,-0.09000000000000008,0.030000000000000027,5,2,1,4,6.0,12.0,False,False,False,True,False,True,False,False,6.0,0,4.0,868.0,-0.19484,0.081521,0.546814,2.187258,Co2|Ge1|In1|V1,False
Co2VGeSb,9,5,4.0,5.0,32.0,4,5.0,1.0,1.88,1.63,2.01,2.05,1.89,0.25,-0.1299999999999999,27,23,32.0,51.0,1.25,1.34,1.22,1.59,1.3499999999999999,0.3700000000000001,-0.09000000000000008,0.030000000000000027,5,2,1,4,8.0,14.0,False,False,False,True,False,True,False,False,8.0,0,4.0,913.0,-0.22824,0.195586,0.511838,2.047353,Co2|Ge1|Sb1|V1,True
Co2VGeSi,9,5,4.0,4.0,31.0,4,5.0,1.0,1.88,1.63,2.01,1.9,1.8599999999999999,0.25,-0.1299999999999999,27,23,32.0,14.0,1.25,1.34,1.22,1.11,1.23,0.22999999999999998,-0.09000000000000008,0.030000000000000027,5,2,1,4,7.0,13.0,False,False,False,True,False,True,False,False,7.0,0,4.0,887.0,-0.28988,0.086495,0.53978,2.159119,Co2|Ge1|Si1|V1,False
Co2VInAl,9,5,3.0,3.0,29.0,4,6.0,2.0,1.88,1.63,1.78,1.61,1.7559999999999998,0.25,0.09999999999999987,27,23,49.0,13.0,1.25,1.34,1.67,1.43,1.4224999999999999,0.41999999999999993,-0.09000000000000008,-0.41999999999999993,5,2,1,4,5.0,11.0,False,False,False,True,False,False,False,True,5.0,0,4.0,868.0,-0.26748,0.143396,0.487565,1.950261,Al1|Co2|In1|V1,False
Co2VInAs,9,5,3.0,5.0,31.0,4,6.0,2.0,1.88,1.63,1.78,2.18,1.8699999999999999,0.25,0.09999999999999987,27,23,49.0,33.0,1.25,1.34,1.67,1.19,1.3624999999999998,0.48,-0.09000000000000008,-0.41999999999999993,5,2,1,4,7.0,13.0,False,False,False,True,False,True,False,False,7.0,0,4.0,848.0,-0.18874,0.122091,0.514,2.056,As1|Co2|In1|V1,False
Co2VInGa,9,5,3.0,3.0,29.0,4,6.0,2.0,1.88,1.63,1.78,1.81,1.796,0.25,0.09999999999999987,27,23,49.0,31.0,1.25,1.34,1.67,1.35,1.4024999999999999,0.41999999999999993,-0.09000000000000008,-0.41999999999999993,5,2,1,4,5.0,11.0,False,False,False,True,False,True,False,False,5.0,0,4.0,1000.0,-0.21834,0.249387,0.633812,2.535247,Co2|Ga1|In1|V1,False
Co2VInGe,9,5,3.0,4.0,30.0,4,6.0,2.0,1.88,1.63,1.78,2.01,1.8359999999999999,0.25,0.09999999999999987,27,23,49.0,32.0,1.25,1.34,1.67,1.22,1.3699999999999999,0.44999999999999996,-0.09000000000000008,-0.41999999999999993,5,2,1,4,6.0,12.0,False,False,False,True,False,True,False,False,6.0,0,4.0,1183.0,-0.22972,0.1684,0.866474,3.465896,Co2|Ge1|In1|V1,False
Co2VInSb,9,5,3.0,5.0,31.0,4,6.0,2.0,1.88,1.63,1.78,2.05,1.8439999999999999,0.25,0.09999999999999987,27,23,49.0,51.0,1.25,1.34,1.67,1.59,1.4625,0.41999999999999993,-0.09000000000000008,-0.41999999999999993,5,2,1,4,7.0,13.0,False,False,False,True,False,False,False,True,7.0,0,4.0,909.0,-0.19387,0.100103,0.568544,2.274175,Co2|In1|Sb1|V1,True
Co2VInSi,9,5,3.0,4.0,30.0,4,6.0,2.0,1.88,1.63,1.78,1.9,1.814,0.25,0.09999999999999987,27,23,49.0,14.0,1.25,1.34,1.67,1.11,1.3425,0.5599999999999998,-0.09000000000000008,-0.41999999999999993,5,2,1,4,6.0,12.0,False,False,False,True,False,True,False,False,6.0,0,4.0,1370.0,-0.23393,0.140707,0.995661,3.982643,Co2|In1|Si1|V1,False
Co2VSiAl,9,5,4.0,3.0,30.0,4,5.0,1.0,1.88,1.63,1.9,1.61,1.7799999999999998,0.25,-0.020000000000000018,27,23,14.0,13.0,1.25,1.34,1.11,1.43,1.2825,0.31999999999999984,-0.09000000000000008,0.1399999999999999,5,2,1,4,6.0,12.0,False,False,False,True,False,True,False,False,6.0,0,4.0,1148.0,-0.24832,0.0,0.740229,2.960916,Al1|Co2|Si1|V1,False
Co2VSiAs,9,5,4.0,5.0,32.0,4,5.0,1.0,1.88,1.63,1.9,2.18,1.8939999999999997,0.25,-0.020000000000000018,27,23,14.0,33.0,1.25,1.34,1.11,1.19,1.2225000000000001,0.22999999999999998,-0.09000000000000008,0.1399999999999999,5,2,1,4,8.0,14.0,False,False,False,True,False,False,False,True,8.0,0,4.0,767.0,-0.21662,0.083078,0.358927,1.435708,As1|Co2|Si1|V1,False
Co2VSiGa,9,5,4.0,3.0,30.0,4,5.0,1.0,1.88,1.63,1.9,1.81,1.8199999999999998,0.25,-0.020000000000000018,27,23,14.0,31.0,1.25,1.34,1.11,1.35,1.2625000000000002,0.24,-0.09000000000000008,0.1399999999999999,5,2,1,4,6.0,12.0,False,False,False,True,False,True,False,False,6.0,0,4.0,809.0,-0.31242,0.03171,0.505068,2.020271,Co2|Ga1|Si1|V1,True
Co2VSiGe,9,5,4.0,4.0,31.0,4,5.0,1.0,1.88,1.63,1.9,2.01,1.8599999999999999,0.25,-0.020000000000000018,27,23,14.0,32.0,1.25,1.34,1.11,1.22,1.23,0.22999999999999998,-0.09000000000000008,0.1399999999999999,5,2,1,4,7.0,13.0,False,False,False,True,False,True,False,False,7.0,0,4.0,977.0,-0.12942,0.070305,0.706491,2.825965,Co2|Ge1|Si1|V1,False
Co2VSiIn,9,5,4.0,3.0,30.0,4,5.0,1.0,1.88,1.63,1.9,1.78,1.8139999999999996,0.25,-0.020000000000000018,27,23,14.0,49.0,1.25,1.34,1.11,1.67,1.3425,0.5599999999999998,-0.09000000000000008,0.1399999999999999,5,2,1,4,6.0,12.0,False,False,False,True,False,True,False,False,6.0,0,4.0,781.0,-0.18356,0.0,0.410859,1.643436,Co2|In1|Si1|V1,False
Co2VSiSb,9,5,4.0,5.0,32.0,4,5.0,1.0,1.88,1.63,1.9,2.05,1.8679999999999999,0.25,-0.020000000000000018,27,23,14.0,51.0,1.25,1.34,1.11,1.59,1.3225,0.48,-0.09000000000000008,0.1399999999999999,5,2,1,4,8.0,14.0,False,False,False,True,False,True,False,False,8.0,0,4.0,751.0,-0.24616,0.05492,0.471113,1.88445,Co2|Sb1|Si1|V1,True
Fe2MnAlSi,8,7,3.0,4.0,30.0,1,5.0,4.0,1.83,1.55,1.61,1.9,1.7440000000000002,0.28,0.21999999999999997,26,25,13.0,14.0,1.26,1.27,1.43,1.11,1.2675,0.31999999999999984,-0.010000000000000009,-0.16999999999999993,5,3,1,4,6.0,12.0,False,False,False,True,False,True,False,False,6.0,0,4.0,817.0,-0.20359,0.021163,0.441836,1.767343,Al1|Fe2|Mn1|Si1,False
Mn2CoAlSi,7,9,3.0,4.0,30.0,-2,4.0,6.0,1.55,1.88,1.61,1.9,1.698,-0.32999999999999985,-0.06000000000000005,25,27,13.0,14.0,1.27,1.25,1.43,1.11,1.2650000000000001,0.31999999999999984,0.020000000000000018,-0.15999999999999992,5,3,1,4,6.0,12.0,False,False,False,True,False,True,False,False,6.0,0,4.0,985.0,-0.17797,0.106423,0.595104,2.380416,Al1|Co1|Mn2|Si1,True
Mn2CrAlSi,7,6,3.0,4.0,27.0,1,4.0,3.0,1.55,1.66,1.61,1.9,1.654,-0.10999999999999988,-0.06000000000000005,25,24,13.0,14.0,1.27,1.28,1.43,1.11,1.2725,0.31999999999999984,-0.010000000000000009,-0.15999999999999992,5,3,1,4,3.0,9.0,False,False,False,True,False,False,False,True,3.0,0,4.0,914.0,-0.25575,0.14365,0.675128,2.700513,Al1|Cr1|Mn2|Si1,True
Mn2FeAlSi,7,8,3.0,4.0,29.0,-1,4.0,5.0,1.55,1.83,1.61,1.9,1.688,-0.28,-0.06000000000000005,25,26,13.0,14.0,1.27,1.26,1.43,1.11,1.2675,0.31999999999999984,0.010000000000000009,-0.15999999999999992,5,3,1,4,5.0,11.0,False,False,False,True,False,True,False,False,5.0,0,4.0,1035.0,-0.05327,0.143294,0.658482,2.633929,Al1|Fe1|Mn2|Si1,True
Mn2NiAlSi,7,10,3.0,4.0,31.0,-3,4.0,7.0,1.55,1.91,1.61,1.9,1.704,-0.3599999999999999,-0.06000000000000005,25,28,13.0,14.0,1.27,1.24,1.43,1.11,1.2625,0.31999999999999984,0.030000000000000027,-0.15999999999999992,5,3,1,4,7.0,13.0,False,False,False,True,False,True,False,False,7.0,0,4.0,610.0,-0.28319,0.233493,0.279131,1.116526,Al1|Mn2|Ni1|Si1,False
Mn2VAlSi,7,5,3.0,4.0,26.0,2,4.0,2.0,1.55,1.63,1.61,1.9,1.6480000000000001,-0.07999999999999985,-0.06000000000000005,25,23,13.0,14.0,1.27,1.34,1.43,1.11,1.2875,0.31999999999999984,-0.07000000000000006,-0.15999999999999992,5,2,1,4,2.0,8.0,False,False,False,True,False,True,False,False,2.0,0,4.0,966.0,-0.20702,0.176864,0.649961,2.599844,Al1|Mn2|Si1|V1,False
Ni2CrAlAs,10,6,3.0,5.0,34.0,4,7.0,3.0,1.91,1.66,1.61,2.18,1.8539999999999999,0.25,0.2999999999999998,28,24,13.0,33.0,1.24,1.28,1.43,1.19,1.2850000000000001,0.24,-0.040000000000000036,-0.18999999999999995,5,3,1,4,10.0,16.0,False,False,False,True,False,False,False,True,10.0,0,4.0,590.0,-0.20914,0.151999,0.334598,1.338392,Al1|As1|Cr1|Ni2,False
Ni2CrAlGa,10,6,3.0,3.0,32.0,4,7.0,3.0,1.91,1.66,1.61,1.81,1.78,0.25,0.2999999999999998,28,24,13.0,31.0,1.24,1.28,1.43,1.35,1.3250000000000002,0.18999999999999995,-0.040000000000000036,-0.18999999999999995,5,3,1,4,8.0,14.0,False,False,False,True,False,True,False,False,8.0,0,4.0,797.0,-0.15582,0.186187,0.54224,2.168961,Al1|Cr1|Ga1|Ni2,False
Ni2CrAlGe,10,6,3.0,4.0,33.0,4,7.0,3.0,1.91,1.66,1.61,2.01,1.8199999999999998,0.25,0.2999999999999998,28,24,13.0,32.0,1.24,1.28,1.43,1.22,1.2925,0.20999999999999996,-0.040000000000000036,-0.18999999999999995,5,3,1,4,9.0,15.0,False,False,False,True,False,True,False,False,9.0,0,4.0,765.0,-0.03955,0.120385,0.421115,1.68446,Al1|Cr1|Ge1|Ni2,False
Ni2CrAlIn,10,6,3.0,3.0,32.0,4,7.0,3.0,1.91,1.66,1.61,1.78,1.7739999999999998,0.25,0.2999999999999998,28,24,13.0,49.0,1.24,1.28,1.43,1.67,1.405,0.42999999999999994,-0.040000000000000036,-0.18999999999999995,5,3,1,4,8.0,14.0,False,False,False,True,False,True,False,False,8.0,0,4.0,853.0,-0.1703,0.156934,0.429048,1.716193,Al1|Cr1|In1|Ni2,True
Ni2CrAlSb,10,6,3.0,5.0,34.0,4,7.0,3.0,1.91,1.66,1.61,2.05,1.828,0.25,0.2999999999999998,28,24,13.0,51.0,1.24,1.28,1.43,1.59,1.385,0.3500000000000001,-0.040000000000000036,-0.18999999999999995,5,3,1,4,10.0,16.0,False,False,False,True,False,True,False,False,10.0,0,4.0,1237.0,-0.09958,0.114003,0.872936,3.491746,Al1|Cr1|Ni2|Sb1,True
Ni2CrAlSi,10,6,3.0,4.0,33.0,4,7.0,3.0,1.91,1.66,1.61,1.9,1.798,0.25,0.2999999999999998,28,24,13.0,14.0,1.24,1.28,1.43,1.11,1.2650000000000001,0.31999999999999984,-0.040000000000000036,-0.18999999999999995,5,3,1,4,9.0,15.0,False,False,False,True,False,True,False,False,9.0,0,4.0,1141.0,-0.34054,0.090062,0.76143,3.045722,Al1|Cr1|Ni2|Si1,False
Ni2CrGaAl,10,6,3.0,3.0,32.0,4,7.0,3.0,1.91,1.66,1.81,1.61,1.7799999999999998,0.25,0.09999999999999987,28,24,31.0,13.0,1.24,1.28,1.35,1.43,1.325,0.18999999999999995,-0.040000000000000036,-0.1100000000000001,5,3,1,4,8.0,14.0,False,False,False,True,False,True,False,False,8.0,0,4.0,951.0,-0.3198,0.153004,0.566746,2.266985,Al1|Cr1|Ga1|Ni2,False
Ni2CrGaAs,10,6,3.0,5.0,34.0,4,7.0,3.0,1.91,1.66,1.81,2.18,1.8939999999999997,0.25,0.09999999999999987,28,24,31.0,33.0,1.24,1.28,1.35,1.19,1.2650000000000001,0.16000000000000014,-0.040000000000000036,-0.1100000000000001,5,3,1,4,10.0,16.0,False,False,False,True,False,False,False,True,10.0,0,4.0,1047.0,-0.24062,0.135226,0.697679,2.790716,As1|Cr1|Ga1|Ni2,False
Ni2CrGaGe,10,6,3.0,4.0,33.0,4,7.0,3.0,1.91,1.66,1.81,2.01,1.8599999999999999,0.25,0.09999999999999987,28,24,31.0,32.0,1.24,1.28,1.35,1.22,1.2725,0.13000000000000012,-0.040000000000000036,-0.1100000000000001,5,3,1,4,9.0,15.0,False,False,False,True,False,True,False,False,9.0,0,4.0,978.0,-0.17618,0.011111,0.586502,2.346008,Cr1|Ga1|Ge1|Ni2,False
Ni2CrGaIn,10,6,3.0,3.0,32.0,4,7.0,3.0,1.91,1.66,1.81,1.78,1.8139999999999996,0.25,0.09999999999999987,28,24,31.0,49.0,1.24,1.28,1.35,1.67,1.385,0.42999999999999994,-0.040000000000000036,-0.1100000000000001,5,3,1,4,8.0,14.0,False,False,False,True,False,True,False,False,8.0,0,4.0,881.0,-0.15594,0.109087,0.499727,1.99891,Cr1|Ga1|In1|Ni2,True
Ni2CrGaSb,10,6,3.0,5.0,34.0,4,7.0,3.0,1.91,1.66,1.81,2.05,1.8679999999999999,0.25,0.09999999999999987,28,24,31.0,51.0,1.24,1.28,1.35,1.59,1.365,0.3500000000000001,-0.040000000000000036,-0.1100000000000001,5,3,1,4,10.0,16.0,False,False,False,True,False,True,False,False,10.0,0,4.0,997.0,-0.18007,0.15854,0.646805,2.58722,Cr1|Ga1|Ni2|Sb1,False
Ni2CrGaSi,10,6,3.0,4.0,33.0,4,7.0,3.0,1.91,1.66,1.81,1.9,1.8379999999999999,0.25,0.09999999999999987,28,24,31.0,14.0,1.24,1.28,1.35,1.11,1.245,0.24,-0.040000000000000036,-0.1100000000000001,5,3,1,4,9.0,15.0,False,False,False,True,False,False,False,True,9.0,0,4.0,1234.0,-0.15695,0.155589,0.837812,3.351247,Cr1|Ga1|Ni2|Si1,False
Ni2CrInAl,10,6,3.0,3.0,32.0,4,7.0,3.0,1.91,1.66,1.78,1.61,1.7739999999999998,0.25,0.1299999999999999,28,24,49.0,13.0,1.24,1.28,1.67,1.43,1.4049999999999998,0.42999999999999994,-0.040000000000000036,-0.42999999999999994,5,3,1,4,8.0,14.0,False,False,False,True,False,True,False,False,8.0,0,4.0,584.0,-0.28353,0.247589,0.192579,0.770315,Al1|Cr1|In1|Ni2,True
Ni2CrInAs,10,6,3.0,5.0,34.0,4,7.0,3.0,1.91,1.66,1.78,2.18,1.888,0.25,0.1299999999999999,28,24,49.0,33.0,1.24,1.28,1.67,1.19,1.3449999999999998,0.48,-0.040000000000000036,-0.42999999999999994,5,3,1,4,10.0,16.0,False,False,False,True,False,True,False,False,10.0,0,4.0,1140.0,-0.24611,0.17553,0.684967,2.739868,As1|Cr1|In1|Ni2,False
Ni2CrInGa,10,6,3.0,3.0,32.0,4,7.0,3.0,1.91,1.66,1.78,1.81,1.814,0.25,0.1299999999999999,28,24,49.0,31.0,1.24,1.28,1.67,1.35,1.3849999999999998,0.42999999999999994,-0.040000000000000036,-0.42999999999999994,5,3,1,4,8.0,14.0,False,False,False,True,False,True,False,False,8.0,0,4.0,995.0,-0.23429,0.149409,0.699918,2.799672,Cr1|Ga1|In1|Ni2,True
Ni2CrInGe,10,6,3.0,4.0,33.0,4,7.0,3.0,1.91,1.66,1.78,2.01,1.8539999999999999,0.25,0.1299999999999999,28,24,49.0,32.0,1.24,1.28,1.67,1.22,1.3524999999999998,0.44999999999999996,-0.040000000000000036,-0.42999999999999994,5,3,1,4,9.0,15.0,False,False,False,True,False,True,False,False,9.0,0,4.0,867.0,-0.25208,0.129375,0.572231,2.288923,Cr1|Ge1|In1|Ni2,False
Ni2CrInSb,10,6,3.0,5.0,34.0,4,7.0,3.0,1.91,1.66,1.78,2.05,1.8619999999999997,0.25,0.1299999999999999,28,24,49.0,51.0,1.24,1.28,1.67,1.59,1.4449999999999998,0.42999999999999994,-0.040000000000000036,-0.42999999999999994,5,3,1,4,10.0,16.0,False,False,False,True,False,True,False,False,10.0,0,4.0,1034.0,-0.3206,0.135986,0.669764,2.679055,Cr1|In1|Ni2|Sb1,False
Ni2CrInSi,10,6,3.0,4.0,33.0,4,7.0,3.0,1.91,1.66,1.78,1.9,1.832,0.25,0.1299999999999999,28,24,49.0,14.0,1.24,1.28,1.67,1.11,1.325,0.5599999999999998,-0.040000000000000036,-0.42999999999999994,5,3,1,4,9.0,15.0,False,False,False,True,False,True,False,False,9.0,0,4.0,761.0,-0.18019,0.101172,0.419189,1.676757,Cr1|In1|Ni2|Si1,False
Ni2CrSiAl,10,6,4.0,3.0,33.0,4,6.0,2.0,1.91,1.66,1.9,1.61,1.7979999999999996,0.25,0.010000000000000009,28,24,14.0,13.0,1.24,1.28,1.11,1.43,1.265,0.31999999999999984,-0.040000000000000036,0.1299999999999999,5,3,1,4,9.0,15.0,False,False,False,True,False,True,False,False,9.0,0,4.0,941.0,-0.13693,0.096597,0.572026,2.288105,Al1|Cr1|Ni2|Si1,False
Ni2CrSiGa,10,6,4.0,3.0,33.0,4,6.0,2.0,1.91,1.66,1.9,1.81,1.8379999999999999,0.25,0.010000000000000009,28,24,14.0,31.0,1.24,1.28,1.11,1.35,1.245,0.24,-0.040000000000000036,0.1299999999999999,5,3,1,4,9.0,15.0,False,False,False,True,False,True,False,False,9.0,0,4.0,913.0,-0.23518,0.049775,0.568074,2.272297,Cr1|Ga1|Ni2|Si1,False
Ni2CrSiGe,10,6,4.0,4.0,34.0,4,6.0,2.0,1.91,1.66,1.9,2.01,1.8779999999999997,0.25,0.010000000000000009,28,24,14.0,32.0,1.24,1.28,1.11,1.22,1.2125,0.16999999999999993,-0.040000000000000036,0.1299999999999999,5,3,1,4,10.0,16.0,False,False,False,True,False,True,False,False,10.0,0,4.0,791.0,-0.19531,0.027452,0.450936,1.803742,Cr1|Ge1|Ni2|Si1,False
Ni2CrSiIn,10,6,4.0,3.0,33.0,4,6.0,2.0,1.91,1.66,1.9,1.78,1.8319999999999996,0.25,0.010000000000000009,28,24,14.0,49.0,1.24,1.28,1.11,1.67,1.325,0.5599999999999998,-0.040000000000000036,0.1299999999999999,5,3,1,4,9.0,15.0,False,False,False,True,False,True,False,False,9.0,0,4.0,831.0,-0.09358,0.076057,0.578138,2.312553,Cr1|In1|Ni2|Si1,False
Ni2FeAlAs,10,8,3.0,5.0,36.0,2,7.0,5.0,1.91,1.83,1.61,2.18,1.8880000000000003,0.07999999999999985,0.2999999999999998,28,26,13.0,33.0,1.24,1.26,1.43,1.19,1.2799999999999998,0.24,-0.020000000000000018,-0.18999999999999995,5,3,1,4,12.0,18.0,False,False,False,True,False,True,False,False,12.0,0,4.0,791.0,-0.16471,0.081329,0.508419,2.033676,Al1|As1|Fe1|Ni2,False
Ni2FeAlGa,10,8,3.0,3.0,34.0,2,7.0,5.0,1.91,1.83,1.61,1.81,1.814,0.07999999999999985,0.2999999999999998,28,26,13.0,31.0,1.24,1.26,1.43,1.35,1.3199999999999998,0.18999999999999995,-0.020000000000000018,-0.18999999999999995,5,3,1,4,10.0,16.0,False,False,False,True,False,True,False,False,10.0,0,4.0,1001.0,-0.11919,0.170185,0.566431,2.265722,Al1|Fe1|Ga1|Ni2,False
Ni2FeAlGe,10,8,3.0,4.0,35.0,2,7.0,5.0,1.91,1.83,1.61,2.01,1.8539999999999999,0.07999999999999985,0.2999999999999998,28,26,13.0,32.0,1.24,1.26,1.43,1.22,1.2874999999999999,0.20999999999999996,-0.020000000000000018,-0.18999999999999995,5,3,1,4,11.0,17.0,False,False,False,True,False,True,False,False,11.0,0,4.0,931.0,-0.19735,0.001577,0.630156,2.520623,Al1|Fe1|Ge1|Ni2,False
Ni2FeAlIn,10,8,3.0,3.0,34.0,2,7.0,5.0,1.91,1.83,1.61,1.78,1.8080000000000003,0.07999999999999985,0.2999999999999998,28,26,13.0,49.0,1.24,1.26,1.43,1.67,1.4,0.42999999999999994,-0.020000000000000018,-0.18999999999999995,5,3,1,4,10.0,16.0,False,False,False,True,False,True,False,False,10.0,0,4.0,744.0,0.01649,0.225351,0.570225,2.2809,Al1|Fe1|In1|Ni2,False
Ni2FeAlSb,10,8,3.0,5.0,36.0,2,7.0,5.0,1.91,1.83,1.61,2.05,1.862,0.07999999999999985,0.2999999999999998,28,26,13.0,51.0,1.24,1.26,1.43,1.59,1.38,0.3500000000000001,-0.020000000000000018,-0.18999999999999995,5,3,1,4,12.0,18.0,False,False,False,True,False,False,False,True,12.0,0,4.0,802.0,-0.21267,0.046362,0.469737,1.87895,Al1|Fe1|Ni2|Sb1,False
Ni2FeAlSi,10,8,3.0,4.0,35.0,2,7.0,5.0,1.91,1.83,1.61,1.9,1.832,0.07999999999999985,0.2999999999999998,28,26,13.0,14.0,1.24,1.26,1.43,1.11,1.26,0.31999999999999984,-0.020000000000000018,-0.18999999999999995,5,3,1,4,11.0,17.0,False,False,False,True,False,False,False,True,11.0,0,4.0,864.0,0.03485,0.220269,0.554997,2.219988,Al1|Fe1|Ni2|Si1,True
Ni2FeGaAl,10,8,3.0,3.0,34.0,2,7.0,5.0,1.91,1.83,1.81,1.61,1.814,0.07999999999999985,0.09999999999999987,28,26,31.0,13.0,1.24,1.26,1.35,1.43,1.32,0.18999999999999995,-0.020000000000000018,-0.1100000000000001,5,3,1,4,10.0,16.0,False,False,False,True,False,True,False,False,10.0,0,4.0,866.0,-0.11005,0.211707,0.592537,2.370149,Al1|Fe1|Ga1|Ni2,False
Ni2FeGaAs,10,8,3.0,5.0,36.0,2,7.0,5.0,1.91,1.83,1.81,2.18,1.9280000000000002,0.07999999999999985,0.09999999999999987,28,26,31.0,33.0,1.24,1.26,1.35,1.19,1.26,0.16000000000000014,-0.020000000000000018,-0.1100000000000001,5,3,1,4,12.0,18.0,False,False,False,True,False,True,False,False,12.0,0,4.0,842.0,-0.17132,0.003678,0.437881,1.751524,As1|Fe1|Ga1|Ni2,False
Ni2FeGaGe,10,8,3.0,4.0,35.0,2,7.0,5.0,1.91,1.83,1.81,2.01,1.8940000000000001,0.07999999999999985,0.09999999999999987,28,26,31.0,32.0,1.24,1.26,1.35,1.22,1.2675,0.13000000000000012,-0.020000000000000018,-0.1100000000000001,5,3,1,4,11.0,17.0,False,False,False,True,False,False,False,True,11.0,0,4.0,775.0,-0.03668,0.211716,0.495474,1.981897,Fe1|Ga1|Ge1|Ni2,False
Ni2FeGaIn,10,8,3.0,3.0,34.0,2,7.0,5.0,1.91,1.83,1.81,1.78,1.848,0.07999999999999985,0.09999999999999987,28,26,31.0,49.0,1.24,1.26,1.35,1.67,1.38,0.42999999999999994,-0.020000000000000018,-0.1100000000000001,5,3,1,4,10.0,16.0,False,False,False,True,False,True,False,False,10.0,0,4.0,619.0,-0.21842,0.212101,0.304656,1.218626,Fe1|Ga1|In1|Ni2,False
Ni2FeGaSb,10,8,3.0,5.0,36.0,2,7.0,5.0,1.91,1.83,1.81,2.05,1.9020000000000004,0.07999999999999985,0.09999999999999987,28,26,31.0,51.0,1.24,1.26,1.35,1.59,1.36,0.3500000000000001,-0.020000000000000018,-0.1100000000000001,5,3,1,4,12.0,18.0,False,False,False,True,False,False,False,True,12.0,0,4.0,958.0,-0.29272,0.059574,0.671451,2.685806,Fe1|Ga1|Ni2|Sb1,False
Ni2FeGaSi,10,8,3.0,4.0,35.0,2,7.0,5.0,1.91,1.83,1.81,1.9,1.8720000000000003,0.07999999999999985,0.09999999999999987,28,26,31.0,14.0,1.24,1.26,1.35,1.11,1.24,0.24,-0.020000000000000018,-0.1100000000000001,5,3,1,4,11.0,17.0,False,False,False,True,False,True,False,False,11.0,0,4.0,1122.0,-0.06704,0.084336,0.733807,2.935227,Fe1|Ga1|Ni2|Si1,False
Ni2FeGeAl,10,8,4.0,3.0,35.0,2,6.0,4.0,1.91,1.83,2.01,1.61,1.8539999999999999,0.07999999999999985,-0.09999999999999987,28,26,32.0,13.0,1.24,1.26,1.22,1.43,1.2874999999999999,0.20999999999999996,-0.020000000000000018,0.020000000000000018,5,3,1,4,11.0,17.0,False,False,False,True,False,True,False,False,11.0,0,4.0,835.0,-0.18187,0.114003,0.599764,2.399057,Al1|Fe1|Ge1|Ni2,False
Ni2FeGeAs,10,8,4.0,5.0,37.0,2,6.0,4.0,1.91,1.83,2.01,2.18,1.968,0.07999999999999985,-0.09999999999999987,28,26,32.0,33.0,1.24,1.26,1.22,1.19,1.2275,0.07000000000000006,-0.020000000000000018,0.020000000000000018,5,3,1,4,13.0,19.0,False,False,False,True,False,True,False,False,13.0,0,4.0,462.0,-0.15875,0.135842,0.086483,0.345932,As1|Fe1|Ge1|Ni2,True
Ni2FeGeGa,10,8,4.0,3.0,35.0,2,6.0,4.0,1.91,1.83,2.01,1.81,1.8940000000000001,0.07999999999999985,-0.09999999999999987,28,26,32.0,31.0,1.24,1.26,1.22,1.35,1.2675,0.13000000000000012,-0.020000000000000018,0.020000000000000018,5,3,1,4,11.0,17.0,False,False,False,True,False,True,False,False,11.0,0,4.0,845.0,-0.2579,0.12123,0.430179,1.720717,Fe1|Ga1|Ge1|Ni2,False
Ni2FeGeIn,10,8,4.0,3.0,35.0,2,6.0,4.0,1.91,1.83,2.01,1.78,1.888,0.07999999999999985,-0.09999999999999987,28,26,32.0,49.0,1.24,1.26,1.22,1.67,1.3475,0.44999999999999996,-0.020000000000000018,0.020000000000000018,5,3,1,4,11.0,17.0,False,False,False,True,False,True,False,False,11.0,0,4.0,965.0,-0.12507,0.163689,0.632312,2.529247,Fe1|Ge1|In1|Ni2,False
Ni2FeGeSb,10,8,4.0,5.0,37.0,2,6.0,4.0,1.91,1.83,2.01,2.05,1.9420000000000002,0.07999999999999985,-0.09999999999999987,28,26,32.0,51.0,1.24,1.26,1.22,1.59,1.3275,0.3700000000000001,-0.020000000000000018,0.020000000000000018,5,3,1,4,13.0,19.0,False,False,False,True,False,False,False,True,13.0,0,4.0,1232.0,-0.28319,0.0,0.815094,3.260374,Fe1|Ge1|Ni2|Sb1,False
Ni2FeGeSi,10,8,4.0,4.0,36.0,2,6.0,4.0,1.91,1.83,2.01,1.9,1.9120000000000001,0.07999999999999985,-0.09999999999999987,28,26,32.0,14.0,1.24,1.26,1.22,1.11,1.2075,0.1499999999999999,-0.020000000000000018,0.020000000000000018,5,3,1,4,12.0,18.0,False,False,False,True,False,True,False,False,12.0,0,4.0,995.0,-0.24965,0.067416,0.673172,2.692687,Fe1|Ge1|Ni2|Si1,False
Ni2FeInAl,10,8,3.0,3.0,34.0,2,7.0,5.0,1.91,1.83,1.78,1.61,1.8080000000000003,0.07999999999999985,0.1299999999999999,28,26,49.0,13.0,1.24,1.26,1.67,1.43,1.4,0.42999999999999994,-0.020000000000000018,-0.42999999999999994,5,3,1,4,10.0,16.0,False,False,False,True,False,False,False,True,10.0,0,4.0,1251.0,-0.18642,0.012491,0.830212,3.320849,Al1|Fe1|In1|Ni2,False
Ni2FeInAs,10,8,3.0,5.0,36.0,2,7.0,5.0,1.91,1.83,1.78,2.18,1.9220000000000002,0.07999999999999985,0.1299999999999999,28,26,49.0,33.0,1.24,1.26,1.67,1.19,1.3399999999999999,0.48,-0.020000000000000018,-0.42999999999999994,5,3,1,4,12.0,18.0,False,False,False,True,False,True,False,False,12.0,0,4.0,1045.0,-0.10886,0.092964,0.772574,3.090294,As1|Fe1|In1|Ni2,False
Ni2FeInGa,10,8,3.0,3.0,34.0,2,7.0,5.0,1.91,1.83,1.78,1.81,1.848,0.07999999999999985,0.1299999999999999,28,26,49.0,31.0,1.24,1.26,1.67,1.35,1.38,0.42999999999999994,-0.020000000000000018,-0.42999999999999994,5,3,1,4,10.0,16.0,False,False,False,True,False,True,False,False,10.0,0,4.0,798.0,-0.24784,0.223208,0.496421,1.985684,Fe1|Ga1|In1|Ni2,False
Ni2FeInGe,10,8,3.0,4.0,35.0,2,7.0,5.0,1.91,1.83,1.78,2.01,1.8880000000000003,0.07999999999999985,0.1299999999999999,28,26,49.0,32.0,1.24,1.26,1.67,1.22,1.3475,0.44999999999999996,-0.020000000000000018,-0.42999999999999994,5,3,1,4,11.0,17.0,False,False,False,True,False,False,False,True,11.0,0,4.0,930.0,-0.13171,0.098728,0.55088,2.203521,Fe1|Ge1|In1|Ni2,False
Ni2FeInSb,10,8,3.0,5.0,36.0,2,7.0,5.0,1.91,1.83,1.78,2.05,1.8960000000000001,0.07999999999999985,0.1299999999999999,28,26,49.0,51.0,1.24,1.26,1.67,1.59,1.44,0.42999999999999994,-0.020000000000000018,-0.42999999999999994,5,3,1,4,12.0,18.0,False,False,False,True,False,True,False,False,12.0,0,4.0,692.0,0.00393,0.116306,0.35099,1.403959,Fe1|In1|Ni2|Sb1,False
Ni2FeInSi,10,8,3.0,4.0,35.0,2,7.0,5.0,1.91,1.83,1.78,1.9,1.866,0.07999999999999985,0.1299999999999999,28,26,49.0,14.0,1.24,1.26,1.67,1.11,1.32,0.5599999999999998,-0.020000000000000018,-0.42999999999999994,5,3,1,4,11.0,17.0,False,False,False,True,False,True,False,False,11.0,0,4.0,955.0,-0.35412,0.098888,0.547957,2.19183,Fe1|In1|Ni2|Si1,False
Ni2FeSiAl,10,8,4.0,3.0,35.0,2,6.0,4.0,1.91,1.83,1.9,1.61,1.832,0.07999999999999985,0.010000000000000009,28,26,14.0,13.0,1.24,1.26,1.11,1.43,1.26,0.31999999999999984,-0.020000000000000018,0.1299999999999999,5,3,1,4,11.0,17.0,False,False,False,True,False,False,False,True,11.0,0,4.0,932.0,-0.25738,0.093838,0.522992,2.091968,Al1|Fe1|Ni2|Si1,True
Ni2FeSiAs,10,8,4.0,5.0,37.0,2,6.0,4.0,1.91,1.83,1.9,2.18,1.9460000000000002,0.07999999999999985,0.010000000000000009,28,26,14.0,33.0,1.24,1.26,1.11,1.19,1.2000000000000002,0.1499999999999999,-0.020000000000000018,0.1299999999999999,5,3,1,4,13.0,19.0,False,False,False,True,False,False,False,True,13.0,0,4.0,699.0,-0.11486,0.156912,0.408659,1.634637,As1|Fe1|Ni2|Si1,False
Ni2FeSiGa,10,8,4.0,3.0,35.0,2,6.0,4.0,1.91,1.83,1.9,1.81,1.8720000000000003,0.07999999999999985,0.010000000000000009,28,26,14.0,31.0,1.24,1.26,1.11,1.35,1.2400000000000002,0.24,-0.020000000000000018,0.1299999999999999,5,3,1,4,11.0,17.0,False,False,False,True,False,True,False,False,11.0,0,4.0,901.0,-0.14943,0.065474,0.573213,2.292853,Fe1|Ga1|Ni2|Si1,False
Ni2FeSiGe,10,8,4.0,4.0,36.0,2,6.0,4.0,1.91,1.83,1.9,2.01,1.9120000000000001,0.07999999999999985,0.010000000000000009,28,26,14.0,32.0,1.24,1.26,1.11,1.22,1.2075,0.1499999999999999,-0.020000000000000018,0.1299999999999999,5,3,1,4,12.0,18.0,False,False,False,True,False,True,False,False,12.0,0,4.0,1360.0,-0.16458,0.310709,0.87572,3.502879,Fe1|Ge1|Ni2|Si1,False
Ni2FeSiIn,10,8,4.0,3.0,35.0,2,6.0,4.0,1.91,1.83,1.9,1.78,1.866,0.07999999999999985,0.010000000000000009,28,26,14.0,49.0,1.24,1.26,1.11,1.67,1.32,0.5599999999999998,-0.020000000000000018,0.1299999999999999,5,3,1,4,11.0,17.0,False,False,False,True,False,True,False,False,11.0,0,4.0,702.0,-0.37567,0.261907,0.401038,1.604153,Fe1|In1|Ni2|Si1,False
Ni2FeSiSb,10,8,4.0,5.0,37.0,2,6.0,4.0,1.91,1.83,1.9,2.05,1.9200000000000004,0.07999999999999985,0.010000000000000009,28,26,14.0,51.0,1.24,1.26,1.11,1.59,1.3,0.48,-0.020000000000000018,0.1299999999999999,5,3,1,4,13.0,19.0,False,False,False,True,False,True,False,False,13.0,0,4.0,795.0,-0.11656,0.026487,0.404537,1.618149,Fe1|Ni2|Sb1|Si1,True
Ni2MnAlAs,10,7,3.0,5.0,35.0,3,7.0,4.0,1.91,1.55,1.61,2.18,1.832,0.3599999999999999,0.2999999999999998,28,25,13.0,33.0,1.24,1.27,1.43,1.19,1.2824999999999998,0.24,-0.030000000000000027,-0.18999999999999995,5,3,1,4,11.0,17.0,False,False,False,True,False,True,False,False,11.0,0,4.0,1130.0,-0.30871,0.135159,0.723464,2.893854,Al1|As1|Mn1|Ni2,False
Ni2MnAlGa,10,7,3.0,3.0,33.0,3,7.0,4.0,1.91,1.55,1.61,1.81,1.7580000000000002,0.3599999999999999,0.2999999999999998,28,25,13.0,31.0,1.24,1.27,1.43,1.35,1.3224999999999998,0.18999999999999995,-0.030000000000000027,-0.18999999999999995,5,3,1,4,9.0,15.0,False,False,False,True,False,True,False,False,9.0,0,4.0,1051.0,-0.35145,0.070378,0.662543,2.650172,Al1|Ga1|Mn1|Ni2,False
Ni2MnAlGe,10,7,3.0,4.0,34.0,3,7.0,4.0,1.91,1.55,1.61,2.01,1.798,0.3599999999999999,0.2999999999999998,28,25,13.0,32.0,1.24,1.27,1.43,1.22,1.2899999999999998,0.20999999999999996,-0.030000000000000027,-0.18999999999999995,5,3,1,4,10.0,16.0,False,False,False,True,False,False,False,True,10.0,0,4.0,809.0,-0.1619,0.20245,0.524748,2.098994,Al1|Ge1|Mn1|Ni2,False
Ni2MnAlIn,10,7,3.0,3.0,33.0,3,7.0,4.0,1.91,1.55,1.61,1.78,1.752,0.3599999999999999,0.2999999999999998,28,25,13.0,49.0,1.24,1.27,1.43,1.67,1.4024999999999999,0.42999999999999994,-0.030000000000000027,-0.18999999999999995,5,3,1,4,9.0,15.0,False,False,False,True,False,False,False,True,9.0,0,4.0,790.0,-0.19464,0.201212,0.478773,1.915093,Al1|In1|Mn1|Ni2,False
Ni2MnAlSb,10,7,3.0,5.0,35.0,3,7.0,4.0,1.91,1.55,1.61,2.05,1.8060000000000003,0.3599999999999999,0.2999999999999998,28,25,13.0,51.0,1.24,1.27,1.43,1.59,1.3824999999999998,0.3500000000000001,-0.030000000000000027,-0.18999999999999995,5,3,1,4,11.0,17.0,False,False,False,True,False,False,False,True,11.0,0,4.0,867.0,-0.09655,0.053963,0.564825,2.259302,Al1|Mn1|Ni2|Sb1,False
Ni2MnAlSi,10,7,3.0,4.0,34.0,3,7.0,4.0,1.91,1.55,1.61,1.9,1.7760000000000002,0.3599999999999999,0.2999999999999998,28,25,13.0,14.0,1.24,1.27,1.43,1.11,1.2625,0.31999999999999984,-0.030000000000000027,-0.18999999999999995,5,3,1,4,10.0,16.0,False,False,False,True,False,True,False,False,10.0,0,4.0,642.0,-0.1926,0.061374,0.334106,1.336422,Al1|Mn1|Ni2|Si1,False
Ni2MnGaAl,10,7,3.0,3.0,33.0,3,7.0,4.0,1.91,1.55,1.81,1.61,1.7579999999999998,0.3599999999999999,0.09999999999999987,28,25,31.0,13.0,1.24,1.27,1.35,1.43,1.3225,0.18999999999999995,-0.030000000000000027,-0.1100000000000001,5,3,1,4,9.0,15.0,False,False,False,True,False,True,False,False,9.0,0,4.0,1079.0,-0.12596,0.114083,0.616894,2.467575,Al1|Ga1|Mn1|Ni2,False
Ni2MnGaAs,10,7,3.0,5.0,35.0,3,7.0,4.0,1.91,1.55,1.81,2.18,1.8719999999999999,0.3599999999999999,0.09999999999999987,28,25,31.0,33.0,1.24,1.27,1.35,1.19,1.2625,0.16000000000000014,-0.030000000000000027,-0.1100000000000001,5,3,1,4,11.0,17.0,False,False,False,True,False,True,False,False,11.0,0,4.0,1014.0,-0.23978,0.05164,0.716723,2.866892,As1|Ga1|Mn1|Ni2,False
Ni2MnGaGe,10,7,3.0,4.0,34.0,3,7.0,4.0,1.91,1.55,1.81,2.01,1.8379999999999999,0.3599999999999999,0.09999999999999987,28,25,31.0,32.0,1.24,1.27,1.35,1.22,1.27,0.13000000000000012,-0.030000000000000027,-0.1100000000000001,5,3,1,4,10.0,16.0,False,False,False,True,False,True,False,False,10.0,0,4.0,908.0,-0.32267,0.081029,0.601976,2.407904,Ga1|Ge1|Mn1|Ni2,True
Ni2MnGaIn,10,7,3.0,3.0,33.0,3,7.0,4.0,1.91,1.55,1.81,1.78,1.7919999999999998,0.3599999999999999,0.09999999999999987,28,25,31.0,49.0,1.24,1.27,1.35,1.67,1.3824999999999998,0.42999999999999994,-0.030000000000000027,-0.1100000000000001,5,3,1,4,9.0,15.0,False,False,False,True,False,True,False,False,9.0,0,4.0,1093.0,0.06722,0.130534,0.761666,3.046665,Ga1|In1|Mn1|Ni2,False
Ni2MnGaSb,10,7,3.0,5.0,35.0,3,7.0,4.0,1.91,1.55,1.81,2.05,1.846,0.3599999999999999,0.09999999999999987,28,25,31.0,51.0,1.24,1.27,1.35,1.59,1.3625,0.3500000000000001,-0.030000000000000027,-0.1100000000000001,5,3,1,4,11.0,17.0,False,False,False,True,False,True,False,False,11.0,0,4.0,756.0,-0.2096,0.110534,0.489553,1.958212,Ga1|Mn1|Ni2|Sb1,False
Ni2MnGaSi,10,7,3.0,4.0,34.0,3,7.0,4.0,1.91,1.55,1.81,1.9,1.816,0.3599999999999999,0.09999999999999987,28,25,31.0,14.0,1.24,1.27,1.35,1.11,1.2425,0.24,-0.030000000000000027,-0.1100000000000001,5,3,1,4,10.0,16.0,False,False,False,True,False,False,False,True,10.0,0,4.0,987.0,0.16784,0.085948,0.715398,2.861594,Ga1|Mn1|Ni2|Si1,False
Ni2MnGeAl,10,7,4.0,3.0,34.0,3,6.0,3.0,1.91,1.55,2.01,1.61,1.798,0.3599999999999999,-0.09999999999999987,28,25,32.0,13.0,1.24,1.27,1.22,1.43,1.2899999999999998,0.20999999999999996,-0.030000000000000027,0.020000000000000018,5,3,1,4,10.0,16.0,False,False,False,True,False,True,False,False,10.0,0,4.0,1105.0,-0.25789,0.247709,0.769228,3.076913,Al1|Ge1|Mn1|Ni2,False
Ni2MnGeAs,10,7,4.0,5.0,36.0,3,6.0,3.0,1.91,1.55,2.01,2.18,1.9120000000000001,0.3599999999999999,-0.09999999999999987,28,25,32.0,33.0,1.24,1.27,1.22,1.19,1.23,0.08000000000000007,-0.030000000000000027,0.020000000000000018,5,3,1,4,12.0,18.0,False,False,False,True,False,False,False,True,12.0,0,4.0,871.0,-0.09543,0.041605,0.521105,2.084422,As1|Ge1|Mn1|Ni2,False
Ni2MnGeGa,10,7,4.0,3.0,34.0,3,6.0,3.0,1.91,1.55,2.01,1.81,1.8379999999999999,0.3599999999999999,-0.09999999999999987,28,25,32.0,31.0,1.24,1.27,1.22,1.35,1.27,0.13000000000000012,-0.030000000000000027,0.020000000000000018,5,3,1,4,10.0,16.0,False,False,False,True,False,True,False,False,10.0,0,4.0,796.0,-0.01954,0.177555,0.426259,1.705037,Ga1|Ge1|Mn1|Ni2,True
Ni2MnGeIn,10,7,4.0,3.0,34.0,3,6.0,3.0,1.91,1.55,2.01,1.78,1.832,0.3599999999999999,-0.09999999999999987,28,25,32.0,49.0,1.24,1.27,1.22,1.67,1.3499999999999999,0.44999999999999996,-0.030000000000000027,0.020000000000000018,5,3,1,4,10.0,16.0,False,False,False,True,False,True,False,False,10.0,0,4.0,736.0,-0.23278,0.129557,0.414563,1.658252,Ge1|In1|Mn1|Ni2,False
Ni2MnGeSb,10,7,4.0,5.0,36.0,3,6.0,3.0,1.91,1.55,2.01,2.05,1.886,0.3599999999999999,-0.09999999999999987,28,25,32.0,51.0,1.24,1.27,1.22,1.59,1.3299999999999998,0.3700000000000001,-0.030000000000000027,0.020000000000000018,5,3,1,4,12.0,18.0,False,False,False,True,False,True,False,False,12.0,0,4.0,1045.0,-0.22903,0.230206,0.687696,2.750784,Ge1|Mn1|Ni2|Sb1,False
Ni2MnGeSi,10,7,4.0,4.0,35.0,3,6.0,3.0,1.91,1.55,2.01,1.9,1.8559999999999999,0.3599999999999999,-0.09999999999999987,28,25,32.0,14.0,1.24,1.27,1.22,1.11,1.21,0.15999999999999992,-0.030000000000000027,0.020000000000000018,5,3,1,4,11.0,17.0,False,False,False,True,False,True,False,False,11.0,0,4.0,891.0,-0.22495,0.057706,0.616883,2.46753,Ge1|Mn1|Ni2|Si1,False
Ni2MnInAl,10,7,3.0,3.0,33.0,3,7.0,4.0,1.91,1.55,1.78,1.61,1.752,0.3599999999999999,0.1299999999999999,28,25,49.0,13.0,1.24,1.27,1.67,1.43,1.4024999999999999,0.42999999999999994,-0.030000000000000027,-0.42999999999999994,5,3,1,4,9.0,15.0,False,False,False,True,False,True,False,False,9.0,0,4.0,1036.0,-0.2932,0.01125,0.636294,2.545175,Al1|In1|Mn1|Ni2,False
Ni2MnInAs,10,7,3.0,5.0,35.0,3,7.0,4.0,1.91,1.55,1.78,2.18,1.866,0.3599999999999999,0.1299999999999999,28,25,49.0,33.0,1.24,1.27,1.67,1.19,1.3424999999999998,0.48,-0.030000000000000027,-0.42999999999999994,5,3,1,4,11.0,17.0,False,False,False,True,False,True,False,False,11.0,0,4.0,836.0,-0.24236,0.136787,0.444764,1.779056,As1|In1|Mn1|Ni2,False
Ni2MnInGa,10,7,3.0,3.0,33.0,3,7.0,4.0,1.91,1.55,1.78,1.81,1.7920000000000003,0.3599999999999999,0.1299999999999999,28,25,49.0,31.0,1.24,1.27,1.67,1.35,1.3824999999999998,0.42999999999999994,-0.030000000000000027,-0.42999999999999994,5,3,1,4,9.0,15.0,False,False,False,True,False,True,False,False,9.0,0,4.0,1189.0,-0.10073,0.143376,0.882304,3.529217,Ga1|In1|Mn1|Ni2,False
Ni2MnInGe,10,7,3.0,4.0,34.0,3,7.0,4.0,1.91,1.55,1.78,2.01,1.832,0.3599999999999999,0.1299999999999999,28,25,49.0,32.0,1.24,1.27,1.67,1.22,1.3499999999999999,0.44999999999999996,-0.030000000000000027,-0.42999999999999994,5,3,1,4,10.0,16.0,False,False,False,True,False,True,False,False,10.0,0,4.0,970.0,-0.14775,0.109018,0.605838,2.423352,Ge1|In1|Mn1|Ni2,False
Ni2MnInSb,10,7,3.0,5.0,35.0,3,7.0,4.0,1.91,1.55,1.78,2.05,1.8399999999999999,0.3599999999999999,0.1299999999999999,28,25,49.0,51.0,1.24,1.27,1.67,1.59,1.4425,0.42999999999999994,-0.030000000000000027,-0.42999999999999994,5,3,1,4,11.0,17.0,False,False,False,True,False,True,False,False,11.0,0,4.0,762.0,-0.22698,0.167949,0.475513,1.902052,In1|Mn1|Ni2|Sb1,False
Ni2MnInSi,10,7,3.0,4.0,34.0,3,7.0,4.0,1.91,1.55,1.78,1.9,1.81,0.3599999999999999,0.1299999999999999,28,25,49.0,14.0,1.24,1.27,1.67,1.11,1.3225,0.5599999999999998,-0.030000000000000027,-0.42999999999999994,5,3,1,4,10.0,16.0,False,False,False,True,False,True,False,False,10.0,0,4.0,1245.0,-0.35632,0.147794,0.862929,3.451716,In1|Mn1|Ni2|Si1,False
Ni2MnSiAl,10,7,4.0,3.0,34.0,3,6.0,3.0,1.91,1.55,1.9,1.61,1.7759999999999998,0.3599999999999999,0.010000000000000009,28,25,14.0,13.0,1.24,1.27,1.11,1.43,1.2625,0.31999999999999984,-0.030000000000000027,0.1299999999999999,5,3,1,4,10.0,16.0,False,False,False,True,False,True,False,False,10.0,0,4.0,1138.0,-0.24061,0.129366,0.666089,2.664356,Al1|Mn1|Ni2|Si1,False
Ni2MnSiAs,10,7,4.0,5.0,36.0,3,6.0,3.0,1.91,1.55,1.9,2.18,1.89,0.3599999999999999,0.010000000000000009,28,25,14.0,33.0,1.24,1.27,1.11,1.19,1.2025000000000001,0.15999999999999992,-0.030000000000000027,0.1299999999999999,5,3,1,4,12.0,18.0,False,False,False,True,False,True,False,False,12.0,0,4.0,1080.0,-0.17116,0.065714,0.683889,2.735555,As1|Mn1|Ni2|Si1,False
Ni2MnSiGa,10,7,4.0,3.0,34.0,3,6.0,3.0,1.91,1.55,1.9,1.81,1.816,0.3599999999999999,0.010000000000000009,28,25,14.0,31.0,1.24,1.27,1.11,1.35,1.2425000000000002,0.24,-0.030000000000000027,0.1299999999999999,5,3,1,4,10.0,16.0,False,False,False,True,False,True,False,False,10.0,0,4.0,969.0,-0.0887,0.051859,0.554394,2.217574,Ga1|Mn1|Ni2|Si1,False
Ni2MnSiGe,10,7,4.0,4.0,35.0,3,6.0,3.0,1.91,1.55,1.9,2.01,1.8559999999999999,0.3599999999999999,0.010000000000000009,28,25,14.0,32.0,1.24,1.27,1.11,1.22,1.21,0.15999999999999992,-0.030000000000000027,0.1299999999999999,5,3,1,4,11.0,17.0,False,False,False,True,False,True,False,False,11.0,0,4.0,722.0,-0.15926,0.189864,0.239914,0.959657,Ge1|Mn1|Ni2|Si1,False
Ni2MnSiIn,10,7,4.0,3.0,34.0,3,6.0,3.0,1.91,1.55,1.9,1.78,1.8099999999999998,0.3599999999999999,0.010000000000000009,28,25,14.0,49.0,1.24,1.27,1.11,1.67,1.3225,0.5599999999999998,-0.030000000000000027,0.1299999999999999,5,3,1,4,10.0,16.0,False,False,False,True,False,True,False,False,10.0,0,4.0,747.0,-0.11145,0.024486,0.398699,1.594798,In1|Mn1|Ni2|Si1,False
Ni2MnSiSb,10,7,4.0,5.0,36.0,3,6.0,3.0,1.91,1.55,1.9,2.05,1.864,0.3599999999999999,0.010000000000000009,28,25,14.0,51.0,1.24,1.27,1.11,1.59,1.3025,0.48,-0.030000000000000027,0.1299999999999999,5,3,1,4,12.0,18.0,False,False,False,True,False,False,False,True,12.0,0,4.0,1168.0,-0.19404,0.0,0.748173,2.992691,Mn1|Ni2|Sb1|Si1,False
Ni2VAlAs,10,5,3.0,5.0,33.0,5,7.0,2.0,1.91,1.63,1.61,2.18,1.848,0.28,0.2999999999999998,28,23,13.0,33.0,1.24,1.34,1.43,1.19,1.2999999999999998,0.24,-0.10000000000000009,-0.18999999999999995,5,2,1,4,9.0,15.0,False,False,False,True,False,True,False,False,9.0,0,4.0,867.0,-0.4867,0.025551,0.522096,2.088382,Al1|As1|Ni2|V1,False
Ni2VAlGa,10,5,3.0,3.0,31.0,5,7.0,2.0,1.91,1.63,1.61,1.81,1.7739999999999998,0.28,0.2999999999999998,28,23,13.0,31.0,1.24,1.34,1.43,1.35,1.3399999999999999,0.18999999999999995,-0.10000000000000009,-0.18999999999999995,5,2,1,4,7.0,13.0,False,False,False,True,False,True,False,False,7.0,0,4.0,941.0,-0.15929,0.179275,0.644241,2.576963,Al1|Ga1|Ni2|V1,False
Ni2VAlGe,10,5,3.0,4.0,32.0,5,7.0,2.0,1.91,1.63,1.61,2.01,1.814,0.28,0.2999999999999998,28,23,13.0,32.0,1.24,1.34,1.43,1.22,1.3074999999999999,0.20999999999999996,-0.10000000000000009,-0.18999999999999995,5,2,1,4,8.0,14.0,False,False,False,True,False,True,False,False,8.0,0,4.0,1047.0,-0.00566,0.174438,0.661369,2.645477,Al1|Ge1|Ni2|V1,False
Ni2VAlIn,10,5,3.0,3.0,31.0,5,7.0,2.0,1.91,1.63,1.61,1.78,1.768,0.28,0.2999999999999998,28,23,13.0,49.0,1.24,1.34,1.43,1.67,1.42,0.42999999999999994,-0.10000000000000009,-0.18999999999999995,5,2,1,4,7.0,13.0,False,False,False,True,False,True,False,False,7.0,0,4.0,783.0,-0.08394,0.174673,0.457275,1.829098,Al1|In1|Ni2|V1,False
Ni2VAlSb,10,5,3.0,5.0,33.0,5,7.0,2.0,1.91,1.63,1.61,2.05,1.8219999999999998,0.28,0.2999999999999998,28,23,13.0,51.0,1.24,1.34,1.43,1.59,1.4,0.3500000000000001,-0.10000000000000009,-0.18999999999999995,5,2,1,4,9.0,15.0,False,False,False,True,False,True,False,False,9.0,0,4.0,863.0,-0.14651,0.192943,0.509852,2.03941,Al1|Ni2|Sb1|V1,False
Ni2VAlSi,10,5,3.0,4.0,32.0,5,7.0,2.0,1.91,1.63,1.61,1.9,1.7919999999999998,0.28,0.2999999999999998,28,23,13.0,14.0,1.24,1.34,1.43,1.11,1.28,0.31999999999999984,-0.10000000000000009,-0.18999999999999995,5,2,1,4,8.0,14.0,False,False,False,True,False,False,False,True,8.0,0,4.0,862.0,-0.20002,0.14515,0.558632,2.234528,Al1|Ni2|Si1|V1,False
Ni2VGaAl,10,5,3.0,3.0,31.0,5,7.0,2.0,1.91,1.63,1.81,1.61,1.7739999999999998,0.28,0.09999999999999987,28,23,31.0,13.0,1.24,1.34,1.35,1.43,1.34,0.18999999999999995,-0.10000000000000009,-0.1100000000000001,5,2,1,4,7.0,13.0,False,False,False,True,False,True,False,False,7.0,0,4.0,1021.0,-0.19819,0.131514,0.687281,2.749125,Al1|Ga1|Ni2|V1,False
Ni2VGaAs,10,5,3.0,5.0,33.0,5,7.0,2.0,1.91,1.63,1.81,2.18,1.888,0.28,0.09999999999999987,28,23,31.0,33.0,1.24,1.34,1.35,1.19,1.28,0.16000000000000014,-0.10000000000000009,-0.1100000000000001,5,2,1,4,9.0,15.0,False,False,False,True,False,False,False,True,9.0,0,4.0,879.0,-0.00457,0.069748,0.451521,1.806085,As1|Ga1|Ni2|V1,False
Ni2VGaGe,10,5,3.0,4.0,32.0,5,7.0,2.0,1.91,1.63,1.81,2.01,1.8539999999999999,0.28,0.09999999999999987,28,23,31.0,32.0,1.24,1.34,1.35,1.22,1.2875,0.13000000000000012,-0.10000000000000009,-0.1100000000000001,5,2,1,4,8.0,14.0,False,False,False,True,False,False,False,True,8.0,0,4.0,1131.0,-0.18361,0.0,0.7495,2.997998,Ga1|Ge1|Ni2|V1,False
Ni2VGaIn,10,5,3.0,3.0,31.0,5,7.0,2.0,1.91,1.63,1.81,1.78,1.8079999999999998,0.28,0.09999999999999987,28,23,31.0,49.0,1.24,1.34,1.35,1.67,1.4,0.42999999999999994,-0.10000000000000009,-0.1100000000000001,5,2,1,4,7.0,13.0,False,False,False,True,False,False,False,True,7.0,0,4.0,696.0,0.07082,0.184499,0.384052,1.53621,Ga1|In1|Ni2|V1,False
Ni2VGaSb,10,5,3.0,5.0,33.0,5,7.0,2.0,1.91,1.63,1.81,2.05,1.8619999999999997,0.28,0.09999999999999987,28,23,31.0,51.0,1.24,1.34,1.35,1.59,1.3800000000000001,0.3500000000000001,-0.10000000000000009,-0.1100000000000001,5,2,1,4,9.0,15.0,False,False,False,True,False,True,False,False,9.0,0,4.0,961.0,-0.25715,0.160833,0.564418,2.257673,Ga1|Ni2|Sb1|V1,False
Ni2VGaSi,10,5,3.0,4.0,32.0,5,7.0,2.0,1.91,1.63,1.81,1.9,1.832,0.28,0.09999999999999987,28,23,31.0,14.0,1.24,1.34,1.35,1.11,1.26,0.24,-0.10000000000000009,-0.1100000000000001,5,2,1,4,8.0,14.0,False,False,False,True,False,True,False,False,8.0,0,4.0,1281.0,-0.20332,0.0519,0.804352,3.217409,Ga1|Ni2|Si1|V1,False
Ni2VGeAl,10,5,4.0,3.0,32.0,5,6.0,1.0,1.91,1.63,2.01,1.61,1.8139999999999996,0.28,-0.09999999999999987,28,23,32.0,13.0,1.24,1.34,1.22,1.43,1.3074999999999999,0.20999999999999996,-0.10000000000000009,0.020000000000000018,5,2,1,4,8.0,14.0,False,False,False,True,False,True,False,False,8.0,0,4.0,682.0,-0.07867,0.0,0.372967,1.491867,Al1|Ge1|Ni2|V1,False
Ni2VGeAs,10,5,4.0,5.0,34.0,5,6.0,1.0,1.91,1.63,2.01,2.18,1.9279999999999997,0.28,-0.09999999999999987,28,23,32.0,33.0,1.24,1.34,1.22,1.19,1.2475,0.15000000000000013,-0.10000000000000009,0.020000000000000018,5,2,1,4,10.0,16.0,False,False,False,True,False,True,False,False,10.0,0,4.0,809.0,-0.03572,0.193807,0.355937,1.423749,As1|Ge1|Ni2|V1,False
Ni2VGeGa,10,5,4.0,3.0,32.0,5,6.0,1.0,1.91,1.63,2.01,1.81,1.8539999999999999,0.28,-0.09999999999999987,28,23,32.0,31.0,1.24,1.34,1.22,1.35,1.2875,0.13000000000000012,-0.10000000000000009,0.020000000000000018,5,2,1,4,8.0,14.0,False,False,False,True,False,True,False,False,8.0,0,4.0,905.0,-0.21339,0.119099,0.545076,2.180303,Ga1|Ge1|Ni2|V1,False
Ni2VGeIn,10,5,4.0,3.0,32.0,5,6.0,1.0,1.91,1.63,2.01,1.78,1.8479999999999996,0.28,-0.09999999999999987,28,23,32.0,49.0,1.24,1.34,1.22,1.67,1.3675,0.44999999999999996,-0.10000000000000009,0.020000000000000018,5,2,1,4,8.0,14.0,False,False,False,True,False,True,False,False,8.0,0,4.0,1060.0,-0.16926,0.019647,0.647044,2.588176,Ge1|In1|Ni2|V1,False
Ni2VGeSb,10,5,4.0,5.0,34.0,5,6.0,1.0,1.91,1.63,2.01,2.05,1.9019999999999997,0.28,-0.09999999999999987,28,23,32.0,51.0,1.24,1.34,1.22,1.59,1.3475,0.3700000000000001,-0.10000000000000009,0.020000000000000018,5,2,1,4,10.0,16.0,False,False,False,True,False,True,False,False,10.0,0,4.0,1117.0,-0.27515,0.136003,0.674237,2.696947,Ge1|Ni2|Sb1|V1,False
Ni2VGeSi,10,5,4.0,4.0,33.0,5,6.0,1.0,1.91,1.63,2.01,1.9,1.8719999999999999,0.28,-0.09999999999999987,28,23,32.0,14.0,1.24,1.34,1.22,1.11,1.2275,0.22999999999999998,-0.10000000000000009,0.020000000000000018,5,2,1,4,9.0,15.0,False,False,False,True,False,True,False,False,9.0,0,4.0,678.0,-0.20201,0.015893,0.444346,1.777385,Ge1|Ni2|Si1|V1,False
